order_number,customer_email,product_sku,quantity,unit_price,sale_date
ORD-000001,customer0232@demo-retail.com,SKU-1056,3,72.27,2025-08-09
ORD-000002,customer0374@demo-retail.com,SKU-1054,1,97.36,2026-02-13
ORD-000003,customer0352@demo-retail.com,SKU-1020,1,142.71,2026-01-19
ORD-000004,customer0379@demo-retail.com,SKU-1096,6,25.38,2026-08-07
ORD-000005,customer0344@demo-retail.com,SKU-1043,3,76.68,2026-07-30
ORD-000006,customer0027@demo-retail.com,SKU-1093,1,65.65,2026-03-10
ORD-000007,customer0109@demo-retail.com,SKU-1065,1,13.45,2026-04-06
ORD-000008,customer0189@demo-retail.com,SKU-1072,3,115.43,2025-12-25
ORD-000009,customer0499@demo-retail.com,SKU-1072,1,115.43,2026-05-14
ORD-000010,customer0312@demo-retail.com,SKU-1004,1,24.08,2026-07-25
ORD-000011,customer0360@demo-retail.com,SKU-1035,3,27.51,2026-07-16
ORD-000012,customer0290@demo-retail.com,SKU-1019,4,68.66,2026-07-16
ORD-000013,customer0272@demo-retail.com,SKU-1096,3,31.37,2025-04-04
ORD-000014,customer0370@demo-retail.com,SKU-1040,1,86.56,2026-05-29
ORD-000015,customer0081@demo-retail.com,SKU-1020,4,125.34,2026-08-18
ORD-000016,customer0311@demo-retail.com,SKU-1063,1,59.41,2026-05-15
ORD-000017,customer0221@demo-retail.com,SKU-1045,2,196.54,2025-04-27
ORD-000018,customer0158@demo-retail.com,SKU-1086,4,152.93,2026-04-19
ORD-000019,customer0155@demo-retail.com,SKU-1027,3,207.42,2026-08-30
ORD-000020,customer0062@demo-retail.com,SKU-1042,60,80.83,2025-10-24
ORD-000021,customer0118@demo-retail.com,SKU-1091,3,82.94,2026-04-17
ORD-000022,customer0442@demo-retail.com,SKU-1051,3,18.54,2025-03-15
ORD-000023,customer0295@demo-retail.com,SKU-1041,1,191.53,2026-08-12
ORD-000024,customer0208@demo-retail.com,SKU-1015,2,135.22,2025-10-24
ORD-000025,customer0471@demo-retail.com,SKU-1089,1,155.72,2026-04-17
ORD-000026,customer0206@demo-retail.com,SKU-1076,1,200.92,2026-05-12
ORD-000027,customer0171@demo-retail.com,SKU-1029,8,27.22,2026-06-06
ORD-000028,customer0179@demo-retail.com,SKU-1100,2,196.51,2026-07-13
ORD-000029,customer0053@demo-retail.com,SKU-1031,6,92.84,2025-06-01
ORD-000030,customer0488@demo-retail.com,SKU-1023,3,65.83,2026-08-12
ORD-000031,customer0349@demo-retail.com,SKU-1058,4,143.75,2026-08-17
ORD-000032,customer0162@demo-retail.com,SKU-1081,2,76.67,2025-11-27
ORD-000033,customer0029@demo-retail.com,SKU-1076,3,174.65,2026-06-22
ORD-000034,customer0040@demo-retail.com,SKU-1037,2,13.15,2026-05-29
ORD-000035,customer0237@demo-retail.com,SKU-1050,1,17.29,2026-04-24
ORD-000036,customer0466@demo-retail.com,SKU-1058,4,143.75,2025-02-12
ORD-000037,customer0078@demo-retail.com,SKU-1065,2,13.45,2026-05-02
ORD-000038,customer0044@demo-retail.com,SKU-1092,1,171.07,2025-12-18
ORD-000039,customer0268@demo-retail.com,SKU-1068,3,208.13,2026-05-11
ORD-000040,customer0397@demo-retail.com,SKU-1053,1,200.77,2026-02-01
ORD-000041,customer0169@demo-retail.com,SKU-1009,8,75.28,2025-12-09
ORD-000042,customer0042@demo-retail.com,SKU-1043,8,65.37,2026-07-24
ORD-000043,customer0305@demo-retail.com,SKU-1017,6,22.56,2026-02-06
ORD-000044,customer0344@demo-retail.com,SKU-1017,2,25.53,2025-12-03
ORD-000045,customer0331@demo-retail.com,SKU-1012,1,72.77,2026-06-24
ORD-000046,customer0487@demo-retail.com,SKU-1024,6,76.84,2026-06-13
ORD-000047,customer0080@demo-retail.com,SKU-1018,2,212.85,2026-07-05
ORD-000048,customer0453@demo-retail.com,SKU-1095,8,122.17,2026-04-15
ORD-000049,customer0193@demo-retail.com,SKU-1077,8,42.14,2025-05-15
ORD-000050,customer0225@demo-retail.com,SKU-1093,5,65.65,2025-06-19
ORD-000051,customer0146@demo-retail.com,SKU-1079,2,151.8,2026-03-31
ORD-000052,customer0495@demo-retail.com,SKU-1040,2,86.56,2026-07-01
ORD-000053,customer0485@demo-retail.com,SKU-1087,5,118.52,2026-01-12
ORD-000054,customer0271@demo-retail.com,SKU-1065,2,11.16,2026-01-27
ORD-000055,customer0329@demo-retail.com,SKU-1007,1,185.15,2026-06-28
ORD-000056,customer0146@demo-retail.com,SKU-1016,3,120.02,2026-06-13
ORD-000057,customer0485@demo-retail.com,SKU-1012,6,72.77,2026-05-12
ORD-000058,customer0028@demo-retail.com,SKU-1054,4,97.36,2025-01-28
ORD-000059,customer0115@demo-retail.com,SKU-1048,3,172.36,2026-08-11
ORD-000060,customer0071@demo-retail.com,SKU-1019,1,75.36,2025-12-10
ORD-000061,customer0362@demo-retail.com,SKU-1098,3,82.52,2026-07-27
ORD-000062,customer0111@demo-retail.com,SKU-1033,10,70.43,2025-01-20
ORD-000063,customer0057@demo-retail.com,SKU-1055,1,59.59,2026-06-25
ORD-000064,customer0328@demo-retail.com,SKU-1054,2,97.36,2026-07-01
ORD-000065,customer0275@demo-retail.com,SKU-1077,5,42.14,2026-04-26
ORD-000066,customer0220@demo-retail.com,SKU-1038,32,159.03,2026-07-26
ORD-000067,customer0500@demo-retail.com,SKU-1068,4,208.13,2026-08-10
ORD-000068,customer0011@demo-retail.com,SKU-1071,4,212.19,2026-04-24
ORD-000069,customer0383@demo-retail.com,SKU-1033,2,70.43,2026-01-18
ORD-000070,customer0298@demo-retail.com,SKU-1099,2,163.0,2026-08-05
ORD-000071,customer0417@demo-retail.com,SKU-1044,4,163.76,2026-04-14
ORD-000072,customer0094@demo-retail.com,SKU-1081,5,81.1,2026-05-06
ORD-000073,customer0023@demo-retail.com,SKU-1026,5,213.67,2026-06-17
ORD-000074,customer0204@demo-retail.com,SKU-1066,6,98.82,2026-06-13
ORD-000075,customer0183@demo-retail.com,SKU-1037,2,11.81,2026-07-14
ORD-000076,customer0456@demo-retail.com,SKU-1056,2,72.27,2026-05-29
ORD-000077,customer0255@demo-retail.com,SKU-1024,4,76.84,2025-12-14
ORD-000078,customer0373@demo-retail.com,SKU-1011,3,139.27,2025-10-01
ORD-000079,customer0151@demo-retail.com,SKU-1070,4,78.79,2025-07-04
ORD-000080,customer0354@demo-retail.com,SKU-1022,4,19.15,2026-05-14
ORD-000081,customer0223@demo-retail.com,SKU-1079,6,151.8,2025-12-28
ORD-000082,customer0327@demo-retail.com,SKU-1086,2,152.93,2025-03-18
ORD-000083,customer0074@demo-retail.com,SKU-1004,2,24.08,2025-06-13
ORD-000084,customer0121@demo-retail.com,SKU-1009,1,75.28,2026-07-30
ORD-000085,customer0310@demo-retail.com,SKU-1005,3,137.03,2026-04-08
ORD-000086,customer0040@demo-retail.com,SKU-1098,1,82.52,2026-05-10
ORD-000087,customer0492@demo-retail.com,SKU-1032,2,184.38,2026-06-21
ORD-000088,customer0061@demo-retail.com,SKU-1072,3,115.43,2026-05-24
ORD-000089,customer0470@demo-retail.com,SKU-1089,2,155.72,2026-06-19
ORD-000090,customer0089@demo-retail.com,SKU-1058,3,143.75,2026-08-13
ORD-000091,customer0178@demo-retail.com,SKU-1086,1,152.93,2026-06-11
ORD-000092,customer0365@demo-retail.com,SKU-1021,1,37.38,2026-06-16
ORD-000093,customer0115@demo-retail.com,SKU-1066,5,98.82,2026-05-31
ORD-000094,customer0185@demo-retail.com,SKU-1004,2,24.08,2026-04-27
ORD-000095,customer0314@demo-retail.com,SKU-1017,1,21.95,2026-07-19
ORD-000096,customer0211@demo-retail.com,SKU-1068,3,208.13,2026-05-06
ORD-000097,customer0038@demo-retail.com,SKU-1083,4,30.78,2026-06-11
ORD-000098,customer0301@demo-retail.com,SKU-1082,1,143.77,2026-04-12
ORD-000099,customer0266@demo-retail.com,SKU-1016,3,117.39,2026-08-17
ORD-000100,customer0459@demo-retail.com,SKU-1067,1,30.63,2025-12-21
ORD-000101,customer0321@demo-retail.com,SKU-1017,1,25.53,2025-10-09
ORD-000102,customer0483@demo-retail.com,SKU-1076,3,179.56,2026-07-19
ORD-000103,customer0022@demo-retail.com,SKU-1073,3,57.49,2025-12-12
ORD-000104,customer0334@demo-retail.com,SKU-1034,3,41.31,2026-08-14
ORD-000105,customer0456@demo-retail.com,SKU-1064,4,182.15,2026-08-24
ORD-000106,customer0413@demo-retail.com,SKU-1032,8,184.38,2026-05-10
ORD-000107,customer0226@demo-retail.com,SKU-1021,2,37.38,2026-08-16
ORD-000108,customer0442@demo-retail.com,SKU-1041,2,191.53,2026-07-26
ORD-000109,customer0390@demo-retail.com,SKU-1017,4,25.53,2026-02-13
ORD-000110,customer0137@demo-retail.com,SKU-1016,1,111.75,2026-05-04
ORD-000111,customer0493@demo-retail.com,SKU-1032,2,156.56,2026-03-05
ORD-000112,customer0391@demo-retail.com,SKU-1025,1,125.72,2026-06-12
ORD-000113,customer0012@demo-retail.com,SKU-1064,1,182.15,2026-06-14
ORD-000114,customer0299@demo-retail.com,SKU-1028,8,119.21,2026-07-01
ORD-000115,customer0275@demo-retail.com,SKU-1037,5,10.78,2026-04-27
ORD-000116,customer0207@demo-retail.com,SKU-1098,4,82.52,2026-05-30
ORD-000117,customer0284@demo-retail.com,SKU-1047,2,170.24,2026-07-13
ORD-000118,customer0423@demo-retail.com,SKU-1036,1,172.63,2026-04-13
ORD-000119,customer0192@demo-retail.com,SKU-1051,1,18.54,2026-08-07
ORD-000120,customer0309@demo-retail.com,SKU-1026,1,213.67,2025-05-28
ORD-000121,customer0171@demo-retail.com,SKU-1092,3,204.34,2026-07-27
ORD-000122,customer0168@demo-retail.com,SKU-1018,4,212.85,2026-04-22
ORD-000123,customer0173@demo-retail.com,SKU-1076,3,200.92,2026-06-16
ORD-000124,customer0244@demo-retail.com,SKU-1039,1,172.42,2026-04-09
ORD-000125,customer0158@demo-retail.com,SKU-1075,8,22.71,2026-03-03
ORD-000126,customer0243@demo-retail.com,SKU-1077,4,42.14,2025-01-28
ORD-000127,customer0117@demo-retail.com,SKU-1074,3,138.79,2026-08-16
ORD-000128,customer0421@demo-retail.com,SKU-1019,3,71.01,2026-05-26
ORD-000129,customer0161@demo-retail.com,SKU-1057,2,205.38,2026-08-27
ORD-000130,customer0314@demo-retail.com,SKU-1100,1,196.51,2026-04-25
ORD-000131,customer0071@demo-retail.com,SKU-1091,2,82.94,2025-03-05
ORD-000132,customer0193@demo-retail.com,SKU-1068,4,194.98,2026-05-05
ORD-000133,customer0396@demo-retail.com,SKU-1087,1,118.52,2026-06-02
ORD-000134,customer0248@demo-retail.com,SKU-1079,1,151.8,2025-09-28
ORD-000135,customer0395@demo-retail.com,SKU-1039,1,172.42,2026-07-05
ORD-000136,customer0179@demo-retail.com,SKU-1062,1,78.14,2025-11-21
ORD-000137,customer0294@demo-retail.com,SKU-1016,5,138.37,2025-10-22
ORD-000138,customer0412@demo-retail.com,SKU-1099,4,153.76,2025-12-20
ORD-000139,customer0132@demo-retail.com,SKU-1084,2,78.72,2026-05-10
ORD-000140,customer0357@demo-retail.com,SKU-1072,1,105.17,2025-10-05
ORD-000141,customer0464@demo-retail.com,SKU-1086,2,152.93,2026-08-19
ORD-000142,customer0368@demo-retail.com,SKU-1043,2,76.68,2026-05-18
ORD-000143,customer0209@demo-retail.com,SKU-1021,1,37.38,2026-04-13
ORD-000144,customer0494@demo-retail.com,SKU-1097,2,199.29,2026-07-11
ORD-000145,customer0294@demo-retail.com,SKU-1084,2,78.72,2026-08-09
ORD-000146,customer0214@demo-retail.com,SKU-1023,3,61.74,2025-02-08
ORD-000147,customer0096@demo-retail.com,SKU-1064,3,182.15,2026-02-11
ORD-000148,customer0153@demo-retail.com,SKU-1002,1,155.62,2025-02-08
ORD-000149,customer0253@demo-retail.com,SKU-1068,2,182.25,2026-04-14
ORD-000150,customer0084@demo-retail.com,SKU-1043,3,76.68,2026-08-03
ORD-000151,customer0173@demo-retail.com,SKU-1095,2,122.17,2025-01-15
ORD-000152,customer0439@demo-retail.com,SKU-1079,5,151.8,2025-06-29
ORD-000153,customer0206@demo-retail.com,SKU-1012,3,72.77,2026-06-09
ORD-000154,customer0004@demo-retail.com,SKU-1032,1,184.38,2026-06-10
ORD-000155,customer0299@demo-retail.com,SKU-1039,1,154.84,2025-12-04
ORD-000156,customer0061@demo-retail.com,SKU-1086,3,138.08,2025-03-05
ORD-000157,customer0061@demo-retail.com,SKU-1089,1,155.72,2025-11-15
ORD-000158,customer0491@demo-retail.com,SKU-1029,3,27.74,2026-07-06
ORD-000159,customer0282@demo-retail.com,SKU-1090,8,206.84,2026-05-17
ORD-000160,customer0127@demo-retail.com,SKU-1098,3,82.52,2025-08-12
ORD-000161,customer0271@demo-retail.com,SKU-1058,2,127.16,2026-06-23
ORD-000162,customer0104@demo-retail.com,SKU-1065,3,11.42,2026-04-13
ORD-000163,customer0106@demo-retail.com,SKU-1088,2,146.2,2026-08-02
ORD-000164,customer0233@demo-retail.com,SKU-1008,3,49.82,2026-04-02
ORD-000165,customer0345@demo-retail.com,SKU-1060,8,197.65,2026-04-10
ORD-000166,customer0112@demo-retail.com,SKU-1096,2,26.72,2026-08-31
ORD-000167,customer0479@demo-retail.com,SKU-1009,8,75.28,2026-08-16
ORD-000168,customer0329@demo-retail.com,SKU-1099,6,163.0,2026-07-28
ORD-000169,customer0446@demo-retail.com,SKU-1058,1,143.75,2026-05-26
ORD-000170,customer0335@demo-retail.com,SKU-1018,1,201.98,2026-04-15
ORD-000171,customer0115@demo-retail.com,SKU-1094,1,181.98,2026-07-30
ORD-000172,customer0369@demo-retail.com,SKU-1087,1,118.52,2026-04-20
ORD-000173,customer0178@demo-retail.com,SKU-1059,1,179.16,2025-09-11
ORD-000174,customer0415@demo-retail.com,SKU-1005,3,137.03,2025-04-26
ORD-000175,customer0106@demo-retail.com,SKU-1031,1,92.84,2025-01-17
ORD-000176,customer0380@demo-retail.com,SKU-1032,2,184.38,2026-08-19
ORD-000177,customer0258@demo-retail.com,SKU-1018,5,212.85,2026-08-17
ORD-000178,customer0296@demo-retail.com,SKU-1041,1,191.53,2026-08-13
ORD-000179,customer0339@demo-retail.com,SKU-1019,5,75.36,2026-06-15
ORD-000180,customer0451@demo-retail.com,SKU-1076,2,181.19,2026-04-11
ORD-000181,customer0483@demo-retail.com,SKU-1045,1,196.54,2026-08-19
ORD-000182,customer0077@demo-retail.com,SKU-1053,4,200.77,2026-05-17
ORD-000183,customer0154@demo-retail.com,SKU-1029,3,26.44,2026-07-01
ORD-000184,customer0286@demo-retail.com,SKU-1054,5,97.36,2026-05-18
ORD-000185,customer0041@demo-retail.com,SKU-1083,4,30.78,2026-06-08
ORD-000186,customer0138@demo-retail.com,SKU-1007,4,185.15,2026-07-14
ORD-000187,customer0412@demo-retail.com,SKU-1025,2,125.72,2026-08-13
ORD-000188,customer0446@demo-retail.com,SKU-1027,1,207.42,2026-05-01
ORD-000189,customer0493@demo-retail.com,SKU-1025,4,125.72,2025-08-05
ORD-000190,customer0310@demo-retail.com,SKU-1090,4,206.84,2025-09-06
ORD-000191,customer0145@demo-retail.com,SKU-1100,10,196.51,2026-06-10
ORD-000192,customer0263@demo-retail.com,SKU-1047,2,170.24,2026-06-26
ORD-000193,customer0430@demo-retail.com,SKU-1098,2,82.52,2026-04-26
ORD-000194,customer0443@demo-retail.com,SKU-1073,4,59.79,2026-08-20
ORD-000195,customer0214@demo-retail.com,SKU-1093,2,65.65,2026-08-17
ORD-000196,customer0256@demo-retail.com,SKU-1032,6,184.38,2026-04-08
ORD-000197,customer0329@demo-retail.com,SKU-1093,5,65.65,2026-04-28
ORD-000198,customer0072@demo-retail.com,SKU-1022,2,19.15,2025-12-27
ORD-000199,customer0491@demo-retail.com,SKU-1083,4,28.53,2026-07-10
ORD-000200,customer0004@demo-retail.com,SKU-1098,4,82.52,2025-02-19
ORD-000201,customer0112@demo-retail.com,SKU-1002,1,164.25,2026-07-24
ORD-000202,customer0250@demo-retail.com,SKU-1085,6,20.48,2026-04-30
ORD-000203,customer0370@demo-retail.com,SKU-1068,2,208.13,2026-08-27
ORD-000204,customer0055@demo-retail.com,SKU-1023,5,65.83,2026-05-13
ORD-000205,customer0418@demo-retail.com,SKU-1033,2,70.43,2026-04-19
ORD-000206,customer0290@demo-retail.com,SKU-1059,6,179.16,2026-05-20
ORD-000207,customer0440@demo-retail.com,SKU-1084,2,67.76,2026-08-11
ORD-000208,customer0327@demo-retail.com,SKU-1008,1,43.59,2026-05-02
ORD-000209,customer0440@demo-retail.com,SKU-1073,6,71.25,2026-06-08
ORD-000210,customer0462@demo-retail.com,SKU-1028,1,136.36,2025-08-24
ORD-000211,customer0351@demo-retail.com,SKU-1010,2,101.84,2026-08-20
ORD-000212,customer0476@demo-retail.com,SKU-1023,8,54.71,2026-08-23
ORD-000213,customer0154@demo-retail.com,SKU-1010,8,101.84,2026-05-22
ORD-000214,customer0460@demo-retail.com,SKU-1087,3,118.52,2026-02-03
ORD-000215,customer0382@demo-retail.com,SKU-1065,3,11.64,2025-03-22
ORD-000216,customer0394@demo-retail.com,SKU-1078,2,217.02,2025-12-15
ORD-000217,customer0325@demo-retail.com,SKU-1004,2,24.08,2025-12-01
ORD-000218,customer0482@demo-retail.com,SKU-1071,2,212.19,2026-06-01
ORD-000219,customer0396@demo-retail.com,SKU-1011,3,139.27,2026-05-26
ORD-000220,customer0079@demo-retail.com,SKU-1035,4,27.51,2025-03-26
ORD-000221,customer0185@demo-retail.com,SKU-1041,4,162.08,2026-05-24
ORD-000222,customer0068@demo-retail.com,SKU-1014,4,53.53,2026-06-23
ORD-000223,customer0053@demo-retail.com,SKU-1053,1,200.77,2026-04-22
ORD-000224,customer0007@demo-retail.com,SKU-1050,2,17.29,2026-06-09
ORD-000225,customer0293@demo-retail.com,SKU-1032,1,184.38,2026-04-10
ORD-000226,customer0138@demo-retail.com,SKU-1039,3,149.18,2026-06-24
ORD-000227,customer0185@demo-retail.com,SKU-1010,2,101.84,2026-04-30
ORD-000228,customer0055@demo-retail.com,SKU-1059,5,153.96,2025-07-20
ORD-000229,customer0226@demo-retail.com,SKU-1043,2,76.68,2026-01-25
ORD-000230,customer0165@demo-retail.com,SKU-1039,1,172.42,2025-05-20
ORD-000231,customer0496@demo-retail.com,SKU-1051,1,18.54,2026-07-17
ORD-000232,customer0167@demo-retail.com,SKU-1032,4,184.38,2026-08-13
ORD-000233,customer0103@demo-retail.com,SKU-1073,3,71.25,2026-08-02
ORD-000234,customer0488@demo-retail.com,SKU-1004,1,24.08,2026-07-18
ORD-000235,customer0036@demo-retail.com,SKU-1089,1,155.72,2026-06-18
ORD-000236,customer0325@demo-retail.com,SKU-1018,4,212.85,2026-04-26
ORD-000237,customer0038@demo-retail.com,SKU-1049,1,120.73,2026-05-15
ORD-000238,customer0473@demo-retail.com,SKU-1065,5,13.45,2026-04-17
ORD-000239,customer0459@demo-retail.com,SKU-1090,4,206.84,2026-05-31
ORD-000240,customer0128@demo-retail.com,SKU-1099,1,163.0,2025-04-22
ORD-000241,customer0331@demo-retail.com,SKU-1073,1,71.25,2025-02-15
ORD-000242,customer0006@demo-retail.com,SKU-1014,10,53.53,2026-03-17
ORD-000243,customer0353@demo-retail.com,SKU-1075,2,22.71,2026-07-26
ORD-000244,customer0257@demo-retail.com,SKU-1089,2,155.72,2026-04-03
ORD-000245,customer0472@demo-retail.com,SKU-1054,5,91.63,2026-06-17
ORD-000246,customer0234@demo-retail.com,SKU-1044,8,163.76,2026-06-13
ORD-000247,customer0370@demo-retail.com,SKU-1057,10,205.38,2026-08-07
ORD-000248,customer0435@demo-retail.com,SKU-1003,4,40.89,2026-08-02
ORD-000249,customer0090@demo-retail.com,SKU-1067,2,36.93,2025-09-07
ORD-000250,customer0409@demo-retail.com,SKU-1030,1,21.41,2026-05-05
ORD-000251,customer0015@demo-retail.com,SKU-1051,4,18.54,2026-03-19
ORD-000252,customer0003@demo-retail.com,SKU-1050,3,17.29,2026-05-14
ORD-000253,customer0053@demo-retail.com,SKU-1074,2,138.79,2025-03-06
ORD-000254,customer0059@demo-retail.com,SKU-1059,6,179.16,2026-07-12
ORD-000255,customer0199@demo-retail.com,SKU-1077,1,42.14,2026-06-12
ORD-000256,customer0089@demo-retail.com,SKU-1080,2,61.43,2026-05-06
ORD-000257,customer0069@demo-retail.com,SKU-1087,1,118.52,2026-08-10
ORD-000258,customer0073@demo-retail.com,SKU-1089,2,155.72,2026-05-28
ORD-000259,customer0096@demo-retail.com,SKU-1055,1,59.59,2026-05-25
ORD-000260,customer0086@demo-retail.com,SKU-1072,1,97.79,2025-06-27
ORD-000261,customer0488@demo-retail.com,SKU-1046,1,34.01,2026-08-18
ORD-000262,customer0254@demo-retail.com,SKU-1084,3,78.72,2026-06-02
ORD-000263,customer0086@demo-retail.com,SKU-1063,4,54.31,2026-03-31
ORD-000264,customer0276@demo-retail.com,SKU-1029,3,30.41,2026-06-22
ORD-000265,customer0262@demo-retail.com,SKU-1071,8,194.42,2026-04-27
ORD-000266,customer0422@demo-retail.com,SKU-1070,2,87.63,2026-01-11
ORD-000267,customer0053@demo-retail.com,SKU-1055,2,59.59,2026-07-07
ORD-000268,customer0135@demo-retail.com,SKU-1058,5,143.75,2026-08-23
ORD-000269,customer0416@demo-retail.com,SKU-1100,1,196.51,2026-08-01
ORD-000270,customer0313@demo-retail.com,SKU-1091,8,68.08,2026-06-03
ORD-000271,customer0292@demo-retail.com,SKU-1008,1,49.82,2026-07-10
ORD-000272,customer0150@demo-retail.com,SKU-1091,8,82.94,2026-06-10
ORD-000273,customer0493@demo-retail.com,SKU-1018,1,212.85,2025-04-08
ORD-000274,customer0065@demo-retail.com,SKU-1084,6,64.7,2026-06-22
ORD-000275,customer0432@demo-retail.com,SKU-1098,3,82.52,2026-06-29
ORD-000276,customer0213@demo-retail.com,SKU-1081,10,81.35,2026-06-24
ORD-000277,customer0384@demo-retail.com,SKU-1066,1,98.82,2026-02-17
ORD-000278,customer0298@demo-retail.com,SKU-1042,36,76.45,2026-04-29
ORD-000279,customer0408@demo-retail.com,SKU-1009,8,75.28,2026-01-02
ORD-000280,customer0138@demo-retail.com,SKU-1064,3,182.15,2026-07-08
ORD-000281,customer0437@demo-retail.com,SKU-1073,3,71.25,2026-07-29
ORD-000282,customer0051@demo-retail.com,SKU-1006,4,16.28,2025-02-19
ORD-000283,customer0234@demo-retail.com,SKU-1057,16,205.38,2026-07-22
ORD-000284,customer0155@demo-retail.com,SKU-1084,3,78.72,2025-05-16
ORD-000285,customer0043@demo-retail.com,SKU-1033,3,70.43,2026-05-31
ORD-000286,customer0157@demo-retail.com,SKU-1081,6,88.5,2026-05-22
ORD-000287,customer0049@demo-retail.com,SKU-1091,8,73.74,2026-08-08
ORD-000288,customer0005@demo-retail.com,SKU-1002,2,164.25,2026-05-10
ORD-000289,customer0068@demo-retail.com,SKU-1089,8,155.72,2026-03-09
ORD-000290,customer0161@demo-retail.com,SKU-1014,6,53.53,2026-08-05
ORD-000291,customer0347@demo-retail.com,SKU-1083,2,30.78,2026-07-28
ORD-000292,customer0180@demo-retail.com,SKU-1057,3,205.38,2026-07-20
ORD-000293,customer0352@demo-retail.com,SKU-1079,1,151.8,2026-05-18
ORD-000294,customer0064@demo-retail.com,SKU-1097,1,199.29,2025-05-24
ORD-000295,customer0127@demo-retail.com,SKU-1018,2,187.95,2025-11-19
ORD-000296,customer0482@demo-retail.com,SKU-1100,2,196.51,2026-06-20
ORD-000297,customer0266@demo-retail.com,SKU-1027,3,207.42,2025-11-05
ORD-000298,customer0254@demo-retail.com,SKU-1031,1,92.84,2026-08-18
ORD-000299,customer0456@demo-retail.com,SKU-1068,8,208.13,2025-03-14
ORD-000300,customer0441@demo-retail.com,SKU-1050,10,17.29,2025-05-16
ORD-000301,customer0242@demo-retail.com,SKU-1098,4,82.52,2026-07-18
ORD-000302,customer0135@demo-retail.com,SKU-1002,3,164.25,2026-08-14
ORD-000303,customer0147@demo-retail.com,SKU-1065,2,13.45,2026-02-12
ORD-000304,customer0328@demo-retail.com,SKU-1011,5,139.27,2026-05-21
ORD-000305,customer0262@demo-retail.com,SKU-1011,3,139.27,2026-06-13
ORD-000306,customer0301@demo-retail.com,SKU-1051,1,18.54,2026-06-09
ORD-000307,customer0358@demo-retail.com,SKU-1040,6,86.56,2025-03-09
ORD-000308,customer0474@demo-retail.com,SKU-1012,5,72.77,2026-06-30
ORD-000309,customer0380@demo-retail.com,SKU-1086,8,122.63,2026-06-13
ORD-000310,customer0255@demo-retail.com,SKU-1021,4,37.38,2026-08-29
ORD-000311,customer0191@demo-retail.com,SKU-1022,3,19.15,2025-09-23
ORD-000312,customer0461@demo-retail.com,SKU-1099,2,163.0,2026-08-01
ORD-000313,customer0365@demo-retail.com,SKU-1034,6,41.31,2026-08-15
ORD-000314,customer0029@demo-retail.com,SKU-1047,5,170.24,2026-04-23
ORD-000315,customer0053@demo-retail.com,SKU-1099,1,163.0,2026-06-27
ORD-000316,customer0023@demo-retail.com,SKU-1001,1,72.54,2026-04-23
ORD-000317,customer0477@demo-retail.com,SKU-1023,2,60.59,2026-07-24
ORD-000318,customer0165@demo-retail.com,SKU-1029,5,30.41,2026-03-06
ORD-000319,customer0191@demo-retail.com,SKU-1074,10,138.79,2026-08-12
ORD-000320,customer0024@demo-retail.com,SKU-1067,1,32.12,2026-07-05
ORD-000321,customer0045@demo-retail.com,SKU-1042,3,67.1,2026-06-13
ORD-000322,customer0319@demo-retail.com,SKU-1095,2,122.17,2026-06-15
ORD-000323,customer0462@demo-retail.com,SKU-1094,8,181.98,2025-07-20
ORD-000324,customer0120@demo-retail.com,SKU-1004,5,24.08,2026-05-19
ORD-000325,customer0001@demo-retail.com,SKU-1043,5,76.68,2025-01-10
ORD-000326,customer0106@demo-retail.com,SKU-1014,2,53.53,2025-11-11
ORD-000327,customer0365@demo-retail.com,SKU-1019,2,62.9,2026-08-16
ORD-000328,customer0459@demo-retail.com,SKU-1090,1,206.84,2026-02-27
ORD-000329,customer0069@demo-retail.com,SKU-1065,1,13.45,2026-08-07
ORD-000330,customer0340@demo-retail.com,SKU-1056,5,72.27,2026-08-16
ORD-000331,customer0359@demo-retail.com,SKU-1051,5,18.54,2026-06-12
ORD-000332,customer0484@demo-retail.com,SKU-1010,10,101.84,2026-07-03
ORD-000333,customer0085@demo-retail.com,SKU-1014,10,53.53,2026-07-23
ORD-000334,customer0107@demo-retail.com,SKU-1099,3,163.0,2026-06-01
ORD-000335,customer0414@demo-retail.com,SKU-1021,4,37.38,2025-04-03
ORD-000336,customer0428@demo-retail.com,SKU-1028,8,123.63,2025-02-11
ORD-000337,customer0026@demo-retail.com,SKU-1066,5,98.82,2026-02-10
ORD-000338,customer0438@demo-retail.com,SKU-1052,1,77.39,2025-02-01
ORD-000339,customer0412@demo-retail.com,SKU-1014,2,43.32,2026-05-05
ORD-000340,customer0102@demo-retail.com,SKU-1017,1,25.53,2025-08-16
ORD-000341,customer0301@demo-retail.com,SKU-1075,8,22.71,2025-03-28
ORD-000342,customer0463@demo-retail.com,SKU-1026,3,213.67,2026-08-15
ORD-000343,customer0022@demo-retail.com,SKU-1016,1,129.88,2026-06-08
ORD-000344,customer0016@demo-retail.com,SKU-1064,3,182.15,2026-05-22
ORD-000345,customer0144@demo-retail.com,SKU-1036,3,154.01,2026-07-15
ORD-000346,customer0211@demo-retail.com,SKU-1064,2,182.15,2026-06-17
ORD-000347,customer0215@demo-retail.com,SKU-1018,1,212.85,2026-05-25
ORD-000348,customer0196@demo-retail.com,SKU-1003,3,44.45,2026-04-14
ORD-000349,customer0468@demo-retail.com,SKU-1045,3,196.54,2026-04-29
ORD-000350,customer0306@demo-retail.com,SKU-1041,4,191.53,2026-08-25
ORD-000351,customer0272@demo-retail.com,SKU-1061,3,179.95,2025-03-01
ORD-000352,customer0127@demo-retail.com,SKU-1013,5,106.86,2026-07-22
ORD-000353,customer0486@demo-retail.com,SKU-1098,3,82.52,2025-02-27
ORD-000354,customer0091@demo-retail.com,SKU-1023,3,65.83,2025-12-30
ORD-000355,customer0015@demo-retail.com,SKU-1076,5,200.92,2026-01-03
ORD-000356,customer0486@demo-retail.com,SKU-1073,2,71.25,2026-07-26
ORD-000357,customer0159@demo-retail.com,SKU-1070,1,70.84,2026-05-20
ORD-000358,customer0245@demo-retail.com,SKU-1068,12,208.13,2026-08-26
ORD-000359,customer0031@demo-retail.com,SKU-1042,4,80.83,2026-07-17
ORD-000360,customer0441@demo-retail.com,SKU-1068,3,188.5,2025-04-24
ORD-000361,customer0173@demo-retail.com,SKU-1013,4,88.01,2026-08-24
ORD-000362,customer0163@demo-retail.com,SKU-1084,1,78.72,2026-05-14
ORD-000363,customer0341@demo-retail.com,SKU-1029,1,25.73,2026-01-01
ORD-000364,customer0374@demo-retail.com,SKU-1023,12,65.83,2025-05-11
ORD-000365,customer0094@demo-retail.com,SKU-1005,2,137.03,2026-04-08
ORD-000366,customer0290@demo-retail.com,SKU-1082,3,143.77,2025-08-15
ORD-000367,customer0178@demo-retail.com,SKU-1031,2,86.6,2026-08-12
ORD-000368,customer0006@demo-retail.com,SKU-1058,2,143.75,2026-06-07
ORD-000369,customer0369@demo-retail.com,SKU-1014,48,53.53,2026-06-27
ORD-000370,customer0253@demo-retail.com,SKU-1053,2,200.77,2026-07-20
ORD-000371,customer0334@demo-retail.com,SKU-1074,2,138.79,2026-05-01
ORD-000372,customer0011@demo-retail.com,SKU-1038,4,159.03,2026-08-23
ORD-000373,customer0083@demo-retail.com,SKU-1049,2,120.73,2026-07-19
ORD-000374,customer0305@demo-retail.com,SKU-1044,3,163.76,2025-04-06
ORD-000375,customer0085@demo-retail.com,SKU-1084,5,78.72,2026-03-18
ORD-000376,customer0499@demo-retail.com,SKU-1027,8,207.42,2026-06-08
ORD-000377,customer0339@demo-retail.com,SKU-1034,1,41.31,2026-07-08
ORD-000378,customer0431@demo-retail.com,SKU-1071,6,169.87,2026-04-07
ORD-000379,customer0050@demo-retail.com,SKU-1026,2,180.29,2026-05-01
ORD-000380,customer0402@demo-retail.com,SKU-1040,1,86.56,2026-08-02
ORD-000381,customer0279@demo-retail.com,SKU-1083,2,30.78,2025-04-04
ORD-000382,customer0023@demo-retail.com,SKU-1058,10,143.75,2026-07-15
ORD-000383,customer0032@demo-retail.com,SKU-1073,2,71.25,2026-06-24
ORD-000384,customer0212@demo-retail.com,SKU-1070,2,87.63,2026-06-04
ORD-000385,customer0215@demo-retail.com,SKU-1067,3,36.93,2026-05-24
ORD-000386,customer0244@demo-retail.com,SKU-1031,1,92.84,2026-08-10
ORD-000387,customer0293@demo-retail.com,SKU-1065,1,13.45,2025-02-05
ORD-000388,customer0487@demo-retail.com,SKU-1016,1,131.13,2025-05-31
ORD-000389,customer0022@demo-retail.com,SKU-1017,1,25.53,2025-07-17
ORD-000390,customer0133@demo-retail.com,SKU-1077,1,42.14,2026-07-25
ORD-000391,customer0285@demo-retail.com,SKU-1050,1,17.29,2025-03-31
ORD-000392,customer0403@demo-retail.com,SKU-1002,3,164.25,2026-05-06
ORD-000393,customer0077@demo-retail.com,SKU-1054,1,97.36,2025-04-26
ORD-000394,customer0289@demo-retail.com,SKU-1014,2,53.53,2025-04-13
ORD-000395,customer0136@demo-retail.com,SKU-1053,6,200.77,2025-12-19
ORD-000396,customer0142@demo-retail.com,SKU-1023,2,65.83,2026-08-22
ORD-000397,customer0203@demo-retail.com,SKU-1005,3,137.03,2026-02-16
ORD-000398,customer0460@demo-retail.com,SKU-1035,1,27.51,2026-05-02
ORD-000399,customer0432@demo-retail.com,SKU-1036,1,172.63,2025-11-15
ORD-000400,customer0154@demo-retail.com,SKU-1018,1,212.85,2026-07-04
ORD-000401,customer0214@demo-retail.com,SKU-1094,1,157.64,2025-10-03
ORD-000402,customer0249@demo-retail.com,SKU-1095,1,122.17,2026-02-21
ORD-000403,customer0034@demo-retail.com,SKU-1021,1,37.38,2026-06-12
ORD-000404,customer0015@demo-retail.com,SKU-1073,1,71.25,2026-04-19
ORD-000405,customer0017@demo-retail.com,SKU-1032,1,184.38,2026-08-17
ORD-000406,customer0422@demo-retail.com,SKU-1048,2,172.36,2025-10-08
ORD-000407,customer0191@demo-retail.com,SKU-1031,1,92.84,2025-02-01
ORD-000408,customer0283@demo-retail.com,SKU-1076,2,187.69,2026-05-01
ORD-000409,customer0015@demo-retail.com,SKU-1037,2,11.65,2025-04-03
ORD-000410,customer0116@demo-retail.com,SKU-1083,4,30.78,2025-08-15
ORD-000411,customer0496@demo-retail.com,SKU-1100,1,184.08,2026-08-26
ORD-000412,customer0130@demo-retail.com,SKU-1029,4,30.41,2025-01-09
ORD-000413,customer0459@demo-retail.com,SKU-1055,3,59.59,2025-10-09
ORD-000414,customer0347@demo-retail.com,SKU-1039,1,172.42,2026-05-04
ORD-000415,customer0340@demo-retail.com,SKU-1066,5,98.82,2026-08-30
ORD-000416,customer0351@demo-retail.com,SKU-1039,6,163.5,2026-06-20
ORD-000417,customer0336@demo-retail.com,SKU-1034,1,41.31,2025-10-11
ORD-000418,customer0392@demo-retail.com,SKU-1067,1,34.29,2026-07-24
ORD-000419,customer0164@demo-retail.com,SKU-1085,4,20.48,2026-02-18
ORD-000420,customer0465@demo-retail.com,SKU-1034,4,41.31,2025-10-30
ORD-000421,customer0176@demo-retail.com,SKU-1025,1,125.72,2026-04-07
ORD-000422,customer0184@demo-retail.com,SKU-1086,1,152.93,2026-05-02
ORD-000423,customer0151@demo-retail.com,SKU-1024,2,64.45,2026-07-26
ORD-000424,customer0461@demo-retail.com,SKU-1088,2,124.75,2025-07-07
ORD-000425,customer0404@demo-retail.com,SKU-1054,3,97.36,2025-11-11
ORD-000426,customer0241@demo-retail.com,SKU-1016,2,138.37,2026-05-05
ORD-000427,customer0456@demo-retail.com,SKU-1061,2,162.33,2026-08-13
ORD-000428,customer0446@demo-retail.com,SKU-1007,4,153.68,2026-05-18
ORD-000429,customer0074@demo-retail.com,SKU-1059,1,179.16,2026-04-08
ORD-000430,customer0324@demo-retail.com,SKU-1043,1,76.68,2026-05-15
ORD-000431,customer0108@demo-retail.com,SKU-1036,4,157.9,2026-05-08
ORD-000432,customer0315@demo-retail.com,SKU-1017,6,25.53,2026-08-09
ORD-000433,customer0003@demo-retail.com,SKU-1050,2,17.29,2026-05-01
ORD-000434,customer0388@demo-retail.com,SKU-1042,3,80.83,2026-08-28
ORD-000435,customer0356@demo-retail.com,SKU-1029,1,30.41,2025-09-12
ORD-000436,customer0157@demo-retail.com,SKU-1076,2,200.92,2026-04-25
ORD-000437,customer0373@demo-retail.com,SKU-1059,3,179.16,2026-06-18
ORD-000438,customer0462@demo-retail.com,SKU-1044,1,163.76,2026-07-28
ORD-000439,customer0117@demo-retail.com,SKU-1003,1,44.45,2026-05-20
ORD-000440,customer0259@demo-retail.com,SKU-1076,2,200.92,2026-08-26
ORD-000441,customer0449@demo-retail.com,SKU-1049,1,120.73,2025-02-08
ORD-000442,customer0056@demo-retail.com,SKU-1085,2,18.5,2025-02-19
ORD-000443,customer0281@demo-retail.com,SKU-1016,1,138.37,2026-05-26
ORD-000444,customer0216@demo-retail.com,SKU-1039,2,172.42,2026-08-29
ORD-000445,customer0426@demo-retail.com,SKU-1054,1,97.36,2026-07-27
ORD-000446,customer0402@demo-retail.com,SKU-1015,6,135.22,2026-06-20
ORD-000447,customer0499@demo-retail.com,SKU-1067,3,36.93,2026-06-25
ORD-000448,customer0255@demo-retail.com,SKU-1071,3,212.19,2026-08-21
ORD-000449,customer0007@demo-retail.com,SKU-1001,4,89.9,2026-07-02
ORD-000450,customer0487@demo-retail.com,SKU-1020,2,154.32,2026-05-21
ORD-000451,customer0330@demo-retail.com,SKU-1033,1,70.43,2025-04-14
ORD-000452,customer0052@demo-retail.com,SKU-1007,3,185.15,2026-05-05
ORD-000453,customer0161@demo-retail.com,SKU-1087,3,109.95,2026-01-04
ORD-000454,customer0340@demo-retail.com,SKU-1018,4,212.85,2025-01-10
ORD-000455,customer0048@demo-retail.com,SKU-1094,2,181.98,2025-10-02
ORD-000456,customer0140@demo-retail.com,SKU-1059,1,179.16,2026-05-21
ORD-000457,customer0454@demo-retail.com,SKU-1084,2,71.2,2026-05-16
ORD-000458,customer0214@demo-retail.com,SKU-1014,2,53.53,2026-07-22
ORD-000459,customer0313@demo-retail.com,SKU-1024,3,76.84,2026-05-11
ORD-000460,customer0472@demo-retail.com,SKU-1062,3,78.14,2026-07-29
ORD-000461,customer0336@demo-retail.com,SKU-1034,2,41.31,2026-08-15
ORD-000462,customer0290@demo-retail.com,SKU-1093,10,65.65,2026-08-14
ORD-000463,customer0353@demo-retail.com,SKU-1067,3,33.21,2026-06-16
ORD-000464,customer0347@demo-retail.com,SKU-1085,1,18.92,2026-06-04
ORD-000465,customer0330@demo-retail.com,SKU-1002,1,164.25,2025-02-25
ORD-000466,customer0039@demo-retail.com,SKU-1022,1,19.15,2026-04-27
ORD-000467,customer0260@demo-retail.com,SKU-1007,1,185.15,2026-06-21
ORD-000468,customer0236@demo-retail.com,SKU-1011,1,139.27,2026-07-02
ORD-000469,customer0162@demo-retail.com,SKU-1058,1,143.75,2026-04-26
ORD-000470,customer0212@demo-retail.com,SKU-1052,2,77.39,2025-04-16
ORD-000471,customer0288@demo-retail.com,SKU-1066,1,98.82,2025-11-08
ORD-000472,customer0419@demo-retail.com,SKU-1007,6,185.15,2026-01-08
ORD-000473,customer0337@demo-retail.com,SKU-1092,1,204.34,2026-05-02
ORD-000474,customer0175@demo-retail.com,SKU-1001,3,89.9,2026-07-06
ORD-000475,customer0192@demo-retail.com,SKU-1067,2,30.45,2026-07-15
ORD-000476,customer0131@demo-retail.com,SKU-1014,10,53.53,2026-05-19
ORD-000477,customer0235@demo-retail.com,SKU-1028,1,136.36,2026-02-07
ORD-000478,customer0475@demo-retail.com,SKU-1006,2,16.28,2026-05-17
ORD-000479,customer0338@demo-retail.com,SKU-1059,8,179.16,2026-05-08
ORD-000480,customer0377@demo-retail.com,SKU-1068,5,208.13,2025-01-05
ORD-000481,customer0400@demo-retail.com,SKU-1066,5,87.63,2026-05-10
ORD-000482,customer0199@demo-retail.com,SKU-1014,1,53.53,2025-05-12
ORD-000483,customer0312@demo-retail.com,SKU-1054,1,97.36,2026-05-25
ORD-000484,customer0232@demo-retail.com,SKU-1038,3,141.6,2026-06-05
ORD-000485,customer0432@demo-retail.com,SKU-1039,6,172.42,2026-06-09
ORD-000486,customer0112@demo-retail.com,SKU-1081,3,88.5,2026-07-21
ORD-000487,customer0068@demo-retail.com,SKU-1087,3,118.52,2026-06-04
ORD-000488,customer0356@demo-retail.com,SKU-1070,1,87.63,2026-05-31
ORD-000489,customer0299@demo-retail.com,SKU-1062,4,78.14,2026-07-30
ORD-000490,customer0450@demo-retail.com,SKU-1037,1,13.15,2026-04-17
ORD-000491,customer0075@demo-retail.com,SKU-1049,2,101.42,2026-08-25
ORD-000492,customer0129@demo-retail.com,SKU-1088,2,134.16,2025-10-21
ORD-000493,customer0184@demo-retail.com,SKU-1005,2,127.47,2026-04-15
ORD-000494,customer0332@demo-retail.com,SKU-1096,1,31.37,2025-08-18
ORD-000495,customer0341@demo-retail.com,SKU-1089,1,155.72,2025-10-22
ORD-000496,customer0028@demo-retail.com,SKU-1071,3,212.19,2026-06-12
ORD-000497,customer0467@demo-retail.com,SKU-1029,2,30.41,2026-03-30
ORD-000498,customer0379@demo-retail.com,SKU-1070,3,87.63,2026-04-03
ORD-000499,customer0091@demo-retail.com,SKU-1058,1,135.75,2025-10-29
ORD-000500,customer0021@demo-retail.com,SKU-1049,2,120.73,2025-05-03
ORD-000501,customer0003@demo-retail.com,SKU-1033,3,70.43,2026-04-04
ORD-000502,customer0306@demo-retail.com,SKU-1042,1,80.83,2026-07-23
ORD-000503,customer0405@demo-retail.com,SKU-1063,2,59.41,2026-06-15
ORD-000504,customer0113@demo-retail.com,SKU-1068,1,208.13,2025-11-22
ORD-000505,customer0279@demo-retail.com,SKU-1054,1,81.12,2025-06-13
ORD-000506,customer0185@demo-retail.com,SKU-1043,10,76.68,2026-06-08
ORD-000507,customer0422@demo-retail.com,SKU-1072,2,115.43,2026-05-02
ORD-000508,customer0124@demo-retail.com,SKU-1058,4,143.75,2026-06-04
ORD-000509,customer0454@demo-retail.com,SKU-1088,1,146.2,2025-02-10
ORD-000510,customer0277@demo-retail.com,SKU-1033,3,61.8,2026-01-31
ORD-000511,customer0229@demo-retail.com,SKU-1066,4,98.82,2026-06-11
ORD-000512,customer0043@demo-retail.com,SKU-1066,3,93.23,2025-11-25
ORD-000513,customer0034@demo-retail.com,SKU-1081,2,88.5,2026-08-30
ORD-000514,customer0106@demo-retail.com,SKU-1014,2,53.53,2026-05-15
ORD-000515,customer0419@demo-retail.com,SKU-1083,2,30.78,2026-03-22
ORD-000516,customer0170@demo-retail.com,SKU-1092,6,168.93,2026-05-06
ORD-000517,customer0421@demo-retail.com,SKU-1074,5,138.79,2026-08-13
ORD-000518,customer0162@demo-retail.com,SKU-1056,8,72.27,2026-05-20
ORD-000519,customer0382@demo-retail.com,SKU-1097,1,199.29,2026-08-15
ORD-000520,customer0149@demo-retail.com,SKU-1014,4,53.53,2026-04-25
ORD-000521,customer0203@demo-retail.com,SKU-1049,6,99.41,2026-05-11
ORD-000522,customer0152@demo-retail.com,SKU-1070,1,79.01,2026-05-23
ORD-000523,customer0284@demo-retail.com,SKU-1002,1,132.43,2026-01-18
ORD-000524,customer0281@demo-retail.com,SKU-1069,4,119.91,2026-05-23
ORD-000525,customer0212@demo-retail.com,SKU-1028,3,136.36,2025-12-19
ORD-000526,customer0316@demo-retail.com,SKU-1029,5,30.41,2026-07-15
ORD-000527,customer0436@demo-retail.com,SKU-1007,1,185.15,2026-04-08
ORD-000528,customer0149@demo-retail.com,SKU-1010,4,101.84,2026-04-13
ORD-000529,customer0488@demo-retail.com,SKU-1063,1,53.37,2026-04-05
ORD-000530,customer0163@demo-retail.com,SKU-1025,1,125.72,2026-08-14
ORD-000531,customer0290@demo-retail.com,SKU-1020,1,154.32,2026-08-22
ORD-000532,customer0161@demo-retail.com,SKU-1001,5,89.9,2025-06-22
ORD-000533,customer0431@demo-retail.com,SKU-1036,3,172.63,2026-03-23
ORD-000534,customer0229@demo-retail.com,SKU-1060,3,197.65,2026-05-01
ORD-000535,customer0311@demo-retail.com,SKU-1083,2,30.78,2026-07-18
ORD-000536,customer0135@demo-retail.com,SKU-1026,5,213.67,2026-07-06
ORD-000537,customer0324@demo-retail.com,SKU-1065,2,13.45,2025-01-20
ORD-000538,customer0283@demo-retail.com,SKU-1005,5,137.03,2026-07-08
ORD-000539,customer0201@demo-retail.com,SKU-1047,2,170.24,2026-07-24
ORD-000540,customer0238@demo-retail.com,SKU-1018,2,181.9,2025-10-25
ORD-000541,customer0351@demo-retail.com,SKU-1079,2,151.8,2026-07-01
ORD-000542,customer0486@demo-retail.com,SKU-1073,2,71.25,2026-07-17
ORD-000543,customer0021@demo-retail.com,SKU-1046,4,36.88,2026-04-30
ORD-000544,customer0022@demo-retail.com,SKU-1030,2,21.41,2026-05-29
ORD-000545,customer0470@demo-retail.com,SKU-1061,1,170.43,2026-02-02
ORD-000546,customer0425@demo-retail.com,SKU-1082,6,143.77,2026-04-20
ORD-000547,customer0193@demo-retail.com,SKU-1023,2,65.83,2026-04-08
ORD-000548,customer0129@demo-retail.com,SKU-1067,3,36.93,2025-03-21
ORD-000549,customer0250@demo-retail.com,SKU-1045,6,196.54,2026-06-02
ORD-000550,customer0085@demo-retail.com,SKU-1057,3,205.38,2026-07-27
ORD-000551,customer0081@demo-retail.com,SKU-1024,1,76.84,2026-07-24
ORD-000552,customer0416@demo-retail.com,SKU-1054,6,87.75,2026-07-04
ORD-000553,customer0427@demo-retail.com,SKU-1083,3,30.78,2026-07-21
ORD-000554,customer0323@demo-retail.com,SKU-1018,2,212.85,2026-07-21
ORD-000555,customer0473@demo-retail.com,SKU-1034,1,41.31,2026-07-20
ORD-000556,customer0010@demo-retail.com,SKU-1082,4,143.77,2026-04-09
ORD-000557,customer0230@demo-retail.com,SKU-1028,3,136.36,2025-03-29
ORD-000558,customer0308@demo-retail.com,SKU-1053,3,200.77,2026-07-06
ORD-000559,customer0086@demo-retail.com,SKU-1034,6,41.31,2026-06-08
ORD-000560,customer0194@demo-retail.com,SKU-1030,4,17.78,2026-08-14
ORD-000561,customer0215@demo-retail.com,SKU-1088,1,146.2,2026-06-01
ORD-000562,customer0258@demo-retail.com,SKU-1069,2,107.79,2026-08-22
ORD-000563,customer0460@demo-retail.com,SKU-1001,1,89.9,2026-07-07
ORD-000564,customer0448@demo-retail.com,SKU-1048,4,172.36,2026-05-16
ORD-000565,customer0196@demo-retail.com,SKU-1099,1,163.0,2026-04-30
ORD-000566,customer0218@demo-retail.com,SKU-1013,3,106.86,2026-08-13
ORD-000567,customer0307@demo-retail.com,SKU-1037,4,13.15,2026-08-10
ORD-000568,customer0268@demo-retail.com,SKU-1074,5,124.66,2026-08-30
ORD-000569,customer0186@demo-retail.com,SKU-1053,2,200.77,2025-11-20
ORD-000570,customer0217@demo-retail.com,SKU-1069,5,119.91,2026-06-26
ORD-000571,customer0105@demo-retail.com,SKU-1097,1,199.29,2026-02-11
ORD-000572,customer0285@demo-retail.com,SKU-1072,5,115.43,2026-05-29
ORD-000573,customer0071@demo-retail.com,SKU-1095,1,122.17,2026-05-22
ORD-000574,customer0487@demo-retail.com,SKU-1090,2,206.84,2026-04-03
ORD-000575,customer0315@demo-retail.com,SKU-1071,4,212.19,2026-06-06
ORD-000576,customer0422@demo-retail.com,SKU-1012,1,72.77,2026-08-30
ORD-000577,customer0114@demo-retail.com,SKU-1034,1,41.31,2026-08-15
ORD-000578,customer0336@demo-retail.com,SKU-1079,4,151.8,2026-02-15
ORD-000579,customer0254@demo-retail.com,SKU-1082,4,143.77,2026-07-18
ORD-000580,customer0100@demo-retail.com,SKU-1037,3,13.15,2026-06-15
ORD-000581,customer0087@demo-retail.com,SKU-1079,4,151.8,2026-07-03
ORD-000582,customer0142@demo-retail.com,SKU-1012,3,72.77,2025-06-11
ORD-000583,customer0266@demo-retail.com,SKU-1026,1,213.67,2026-04-03
ORD-000584,customer0372@demo-retail.com,SKU-1037,2,13.15,2026-07-17
ORD-000585,customer0311@demo-retail.com,SKU-1029,1,30.41,2026-06-22
ORD-000586,customer0090@demo-retail.com,SKU-1034,6,33.5,2026-08-30
ORD-000587,customer0490@demo-retail.com,SKU-1066,3,98.82,2026-08-02
ORD-000588,customer0227@demo-retail.com,SKU-1089,2,155.72,2025-09-14
ORD-000589,customer0235@demo-retail.com,SKU-1100,2,196.51,2025-12-14
ORD-000590,customer0133@demo-retail.com,SKU-1015,8,135.22,2026-05-09
ORD-000591,customer0212@demo-retail.com,SKU-1041,1,191.53,2025-08-24
ORD-000592,customer0148@demo-retail.com,SKU-1032,3,184.38,2026-06-25
ORD-000593,customer0477@demo-retail.com,SKU-1071,2,212.19,2025-03-19
ORD-000594,customer0094@demo-retail.com,SKU-1035,3,27.51,2026-04-07
ORD-000595,customer0103@demo-retail.com,SKU-1095,1,122.17,2026-05-26
ORD-000596,customer0428@demo-retail.com,SKU-1026,5,213.67,2026-07-04
ORD-000597,customer0472@demo-retail.com,SKU-1016,6,138.37,2026-08-04
ORD-000598,customer0439@demo-retail.com,SKU-1098,3,71.99,2026-08-30
ORD-000599,customer0445@demo-retail.com,SKU-1074,4,138.79,2026-05-20
ORD-000600,customer0204@demo-retail.com,SKU-1036,6,172.63,2026-06-08
ORD-000601,customer0482@demo-retail.com,SKU-1062,4,78.14,2026-05-15
ORD-000602,customer0500@demo-retail.com,SKU-1059,1,179.16,2026-07-18
ORD-000603,customer0346@demo-retail.com,SKU-1002,3,164.25,2026-08-29
ORD-000604,customer0281@demo-retail.com,SKU-1024,3,76.84,2026-06-26
ORD-000605,customer0095@demo-retail.com,SKU-1047,2,170.24,2025-12-18
ORD-000606,customer0438@demo-retail.com,SKU-1047,4,170.24,2026-01-17
ORD-000607,customer0118@demo-retail.com,SKU-1088,6,146.2,2026-04-06
ORD-000608,customer0439@demo-retail.com,SKU-1056,6,68.21,2026-07-23
ORD-000609,customer0216@demo-retail.com,SKU-1023,2,65.83,2026-08-29
ORD-000610,customer0369@demo-retail.com,SKU-1069,1,119.91,2026-06-14
ORD-000611,customer0204@demo-retail.com,SKU-1007,10,154.1,2026-04-08
ORD-000612,customer0382@demo-retail.com,SKU-1058,5,143.75,2026-08-07
ORD-000613,customer0011@demo-retail.com,SKU-1045,1,196.54,2026-06-27
ORD-000614,customer0295@demo-retail.com,SKU-1074,6,138.79,2025-07-23
ORD-000615,customer0167@demo-retail.com,SKU-1046,5,36.88,2025-10-19
ORD-000616,customer0315@demo-retail.com,SKU-1049,2,120.73,2025-03-22
ORD-000617,customer0414@demo-retail.com,SKU-1082,3,143.77,2026-07-20
ORD-000618,customer0041@demo-retail.com,SKU-1010,2,101.84,2026-05-20
ORD-000619,customer0137@demo-retail.com,SKU-1091,1,82.94,2026-06-18
ORD-000620,customer0301@demo-retail.com,SKU-1096,2,31.37,2026-01-07
ORD-000621,customer0373@demo-retail.com,SKU-1017,4,25.53,2026-08-26
ORD-000622,customer0086@demo-retail.com,SKU-1027,1,195.08,2025-03-23
ORD-000623,customer0395@demo-retail.com,SKU-1004,2,24.08,2026-08-18
ORD-000624,customer0080@demo-retail.com,SKU-1080,2,61.43,2026-06-25
ORD-000625,customer0378@demo-retail.com,SKU-1032,3,184.38,2026-07-04
ORD-000626,customer0018@demo-retail.com,SKU-1004,6,24.08,2026-07-19
ORD-000627,customer0500@demo-retail.com,SKU-1060,2,197.65,2026-05-02
ORD-000628,customer0277@demo-retail.com,SKU-1090,2,206.84,2026-07-28
ORD-000629,customer0269@demo-retail.com,SKU-1056,4,72.27,2026-08-01
ORD-000630,customer0117@demo-retail.com,SKU-1070,2,87.63,2026-05-09
ORD-000631,customer0156@demo-retail.com,SKU-1020,1,154.32,2026-06-26
ORD-000632,customer0147@demo-retail.com,SKU-1045,2,184.42,2025-05-20
ORD-000633,customer0005@demo-retail.com,SKU-1039,1,172.42,2026-05-04
ORD-000634,customer0192@demo-retail.com,SKU-1071,1,212.19,2026-08-30
ORD-000635,customer0367@demo-retail.com,SKU-1021,2,37.38,2026-06-29
ORD-000636,customer0217@demo-retail.com,SKU-1011,2,139.27,2026-06-25
ORD-000637,customer0333@demo-retail.com,SKU-1037,6,13.15,2025-10-06
ORD-000638,customer0070@demo-retail.com,SKU-1024,2,76.84,2026-08-14
ORD-000639,customer0319@demo-retail.com,SKU-1090,3,206.84,2026-06-23
ORD-000640,customer0096@demo-retail.com,SKU-1003,3,44.45,2026-04-17
ORD-000641,customer0005@demo-retail.com,SKU-1094,1,159.06,2026-05-11
ORD-000642,customer0191@demo-retail.com,SKU-1064,3,182.15,2026-06-13
ORD-000643,customer0137@demo-retail.com,SKU-1008,1,43.37,2026-07-25
ORD-000644,customer0425@demo-retail.com,SKU-1049,8,120.73,2026-06-28
ORD-000645,customer0500@demo-retail.com,SKU-1099,1,163.0,2026-01-30
ORD-000646,customer0395@demo-retail.com,SKU-1095,2,122.17,2026-05-06
ORD-000647,customer0493@demo-retail.com,SKU-1088,1,146.2,2026-05-24
ORD-000648,customer0480@demo-retail.com,SKU-1096,10,27.36,2025-02-13
ORD-000649,customer0443@demo-retail.com,SKU-1007,2,185.15,2026-05-31
ORD-000650,customer0008@demo-retail.com,SKU-1042,3,80.83,2026-05-12
ORD-000651,customer0497@demo-retail.com,SKU-1002,1,164.25,2026-06-30
ORD-000652,customer0395@demo-retail.com,SKU-1048,4,140.25,2026-07-23
ORD-000653,customer0183@demo-retail.com,SKU-1008,1,49.82,2026-08-16
ORD-000654,customer0120@demo-retail.com,SKU-1063,6,59.41,2025-05-09
ORD-000655,customer0376@demo-retail.com,SKU-1057,1,205.38,2025-12-22
ORD-000656,customer0461@demo-retail.com,SKU-1033,1,70.43,2026-07-28
ORD-000657,customer0251@demo-retail.com,SKU-1090,1,206.84,2026-04-15
ORD-000658,customer0445@demo-retail.com,SKU-1036,2,172.63,2026-05-04
ORD-000659,customer0080@demo-retail.com,SKU-1068,3,208.13,2026-08-14
ORD-000660,customer0398@demo-retail.com,SKU-1001,1,89.9,2026-05-07
ORD-000661,customer0439@demo-retail.com,SKU-1080,4,61.43,2026-08-27
ORD-000662,customer0496@demo-retail.com,SKU-1085,2,20.48,2026-08-15
ORD-000663,customer0283@demo-retail.com,SKU-1099,3,163.0,2026-04-26
ORD-000664,customer0050@demo-retail.com,SKU-1015,2,125.12,2026-06-10
ORD-000665,customer0055@demo-retail.com,SKU-1026,2,189.24,2026-08-23
ORD-000666,customer0320@demo-retail.com,SKU-1068,3,208.13,2026-05-17
ORD-000667,customer0477@demo-retail.com,SKU-1002,1,164.25,2026-08-13
ORD-000668,customer0411@demo-retail.com,SKU-1060,1,197.65,2025-03-23
ORD-000669,customer0407@demo-retail.com,SKU-1048,5,172.36,2026-03-02
ORD-000670,customer0037@demo-retail.com,SKU-1094,8,151.48,2026-08-21
ORD-000671,customer0119@demo-retail.com,SKU-1093,2,65.65,2026-08-06
ORD-000672,customer0321@demo-retail.com,SKU-1073,1,71.25,2026-06-29
ORD-000673,customer0327@demo-retail.com,SKU-1099,3,163.0,2026-08-04
ORD-000674,customer0086@demo-retail.com,SKU-1014,2,53.53,2026-03-14
ORD-000675,customer0308@demo-retail.com,SKU-1069,1,119.91,2026-07-22
ORD-000676,customer0212@demo-retail.com,SKU-1048,1,172.36,2026-06-09
ORD-000677,customer0280@demo-retail.com,SKU-1073,4,71.25,2025-09-04
ORD-000678,customer0493@demo-retail.com,SKU-1047,3,170.24,2025-09-18
ORD-000679,customer0306@demo-retail.com,SKU-1037,1,12.28,2026-08-23
ORD-000680,customer0439@demo-retail.com,SKU-1028,1,136.36,2026-07-06
ORD-000681,customer0262@demo-retail.com,SKU-1071,1,212.19,2025-10-10
ORD-000682,customer0183@demo-retail.com,SKU-1059,3,179.16,2026-08-22
ORD-000683,customer0132@demo-retail.com,SKU-1030,1,18.41,2025-09-13
ORD-000684,customer0167@demo-retail.com,SKU-1093,1,60.65,2025-03-21
ORD-000685,customer0305@demo-retail.com,SKU-1013,4,98.44,2026-08-14
ORD-000686,customer0172@demo-retail.com,SKU-1099,1,163.0,2026-08-17
ORD-000687,customer0117@demo-retail.com,SKU-1099,3,163.0,2026-08-01
ORD-000688,customer0157@demo-retail.com,SKU-1007,1,185.15,2026-01-27
ORD-000689,customer0358@demo-retail.com,SKU-1065,1,12.24,2026-06-09
ORD-000690,customer0305@demo-retail.com,SKU-1097,1,172.34,2026-05-09
ORD-000691,customer0173@demo-retail.com,SKU-1017,4,25.53,2025-06-01
ORD-000692,customer0044@demo-retail.com,SKU-1034,5,41.31,2026-05-21
ORD-000693,customer0287@demo-retail.com,SKU-1062,5,78.14,2025-05-19
ORD-000694,customer0377@demo-retail.com,SKU-1079,2,151.8,2026-04-10
ORD-000695,customer0351@demo-retail.com,SKU-1042,3,72.81,2026-05-13
ORD-000696,customer0165@demo-retail.com,SKU-1025,1,125.72,2026-06-03
ORD-000697,customer0316@demo-retail.com,SKU-1045,2,196.54,2025-06-23
ORD-000698,customer0474@demo-retail.com,SKU-1006,6,16.28,2026-03-28
ORD-000699,customer0379@demo-retail.com,SKU-1015,1,135.22,2026-08-10
ORD-000700,customer0176@demo-retail.com,SKU-1002,1,142.49,2025-10-22
ORD-000701,customer0276@demo-retail.com,SKU-1095,1,122.17,2026-07-09
ORD-000702,customer0319@demo-retail.com,SKU-1062,1,70.7,2026-07-16
ORD-000703,customer0270@demo-retail.com,SKU-1085,1,17.26,2026-04-04
ORD-000704,customer0239@demo-retail.com,SKU-1007,3,158.91,2025-10-05
ORD-000705,customer0010@demo-retail.com,SKU-1014,2,53.53,2026-05-31
ORD-000706,customer0364@demo-retail.com,SKU-1066,6,98.82,2026-05-26
ORD-000707,customer0096@demo-retail.com,SKU-1012,5,72.77,2026-06-29
ORD-000708,customer0127@demo-retail.com,SKU-1006,2,16.28,2026-08-26
ORD-000709,customer0178@demo-retail.com,SKU-1003,1,44.45,2026-07-22
ORD-000710,customer0416@demo-retail.com,SKU-1036,2,172.63,2026-04-25
ORD-000711,customer0486@demo-retail.com,SKU-1072,3,107.88,2026-08-24
ORD-000712,customer0196@demo-retail.com,SKU-1094,1,181.98,2025-03-31
ORD-000713,customer0124@demo-retail.com,SKU-1054,3,97.36,2025-08-21
ORD-000714,customer0278@demo-retail.com,SKU-1058,2,143.75,2026-06-08
ORD-000715,customer0159@demo-retail.com,SKU-1018,3,212.85,2026-07-11
ORD-000716,customer0075@demo-retail.com,SKU-1099,2,163.0,2026-03-17
ORD-000717,customer0273@demo-retail.com,SKU-1072,2,97.84,2026-08-14
ORD-000718,customer0164@demo-retail.com,SKU-1098,8,82.52,2025-01-31
ORD-000719,customer0479@demo-retail.com,SKU-1096,4,31.37,2026-05-10
ORD-000720,customer0097@demo-retail.com,SKU-1100,1,196.51,2025-06-05
ORD-000721,customer0291@demo-retail.com,SKU-1078,5,217.02,2025-10-01
ORD-000722,customer0041@demo-retail.com,SKU-1046,2,36.88,2026-08-25
ORD-000723,customer0333@demo-retail.com,SKU-1092,6,204.34,2026-05-03
ORD-000724,customer0099@demo-retail.com,SKU-1021,4,37.38,2026-07-27
ORD-000725,customer0114@demo-retail.com,SKU-1053,2,200.77,2025-10-04
ORD-000726,customer0475@demo-retail.com,SKU-1023,1,65.83,2025-03-09
ORD-000727,customer0455@demo-retail.com,SKU-1059,1,179.16,2026-06-09
ORD-000728,customer0161@demo-retail.com,SKU-1093,3,65.65,2026-05-26
ORD-000729,customer0329@demo-retail.com,SKU-1068,3,208.13,2026-04-16
ORD-000730,customer0424@demo-retail.com,SKU-1059,1,179.16,2026-05-08
ORD-000731,customer0377@demo-retail.com,SKU-1051,1,18.54,2026-04-16
ORD-000732,customer0150@demo-retail.com,SKU-1025,5,125.72,2025-02-20
ORD-000733,customer0086@demo-retail.com,SKU-1060,10,197.65,2025-10-20
ORD-000734,customer0238@demo-retail.com,SKU-1019,3,75.36,2026-04-21
ORD-000735,customer0399@demo-retail.com,SKU-1024,1,76.84,2025-04-26
ORD-000736,customer0166@demo-retail.com,SKU-1053,1,178.39,2026-05-23
ORD-000737,customer0047@demo-retail.com,SKU-1059,1,179.16,2025-07-26
ORD-000738,customer0376@demo-retail.com,SKU-1092,6,177.25,2025-06-17
ORD-000739,customer0197@demo-retail.com,SKU-1091,1,82.94,2026-04-19
ORD-000740,customer0282@demo-retail.com,SKU-1049,3,120.73,2026-07-22
ORD-000741,customer0442@demo-retail.com,SKU-1085,1,20.48,2026-08-03
ORD-000742,customer0158@demo-retail.com,SKU-1054,3,97.36,2026-08-18
ORD-000743,customer0461@demo-retail.com,SKU-1016,3,138.37,2026-07-16
ORD-000744,customer0235@demo-retail.com,SKU-1002,5,164.25,2025-09-17
ORD-000745,customer0112@demo-retail.com,SKU-1031,1,92.84,2026-05-21
ORD-000746,customer0308@demo-retail.com,SKU-1077,12,42.14,2026-08-11
ORD-000747,customer0095@demo-retail.com,SKU-1007,1,185.15,2025-08-01
ORD-000748,customer0296@demo-retail.com,SKU-1086,6,152.93,2026-08-23
ORD-000749,customer0214@demo-retail.com,SKU-1014,5,45.11,2025-02-20
ORD-000750,customer0091@demo-retail.com,SKU-1072,3,115.43,2026-08-10
ORD-000751,customer0394@demo-retail.com,SKU-1012,3,72.77,2026-08-22
ORD-000752,customer0219@demo-retail.com,SKU-1098,3,71.84,2026-08-14
ORD-000753,customer0270@demo-retail.com,SKU-1043,1,76.68,2026-06-22
ORD-000754,customer0293@demo-retail.com,SKU-1014,6,53.53,2026-08-17
ORD-000755,customer0353@demo-retail.com,SKU-1093,2,65.65,2026-05-11
ORD-000756,customer0435@demo-retail.com,SKU-1078,2,217.02,2026-03-14
ORD-000757,customer0315@demo-retail.com,SKU-1017,2,25.53,2025-12-29
ORD-000758,customer0453@demo-retail.com,SKU-1024,1,76.84,2026-05-20
ORD-000759,customer0013@demo-retail.com,SKU-1016,1,138.37,2025-01-02
ORD-000760,customer0213@demo-retail.com,SKU-1079,4,151.8,2025-08-01
ORD-000761,customer0328@demo-retail.com,SKU-1002,1,164.25,2026-07-08
ORD-000762,customer0260@demo-retail.com,SKU-1039,3,172.42,2025-11-12
ORD-000763,customer0203@demo-retail.com,SKU-1044,1,163.76,2026-06-07
ORD-000764,customer0170@demo-retail.com,SKU-1025,2,125.72,2026-07-18
ORD-000765,customer0331@demo-retail.com,SKU-1005,2,119.09,2026-05-02
ORD-000766,customer0402@demo-retail.com,SKU-1060,2,197.65,2025-12-10
ORD-000767,customer0290@demo-retail.com,SKU-1039,4,172.42,2026-04-20
ORD-000768,customer0351@demo-retail.com,SKU-1074,2,138.79,2026-07-09
ORD-000769,customer0144@demo-retail.com,SKU-1020,3,154.32,2025-03-09
ORD-000770,customer0293@demo-retail.com,SKU-1022,2,19.15,2026-04-17
ORD-000771,customer0440@demo-retail.com,SKU-1091,3,71.5,2026-06-14
ORD-000772,customer0232@demo-retail.com,SKU-1048,6,172.36,2026-07-02
ORD-000773,customer0192@demo-retail.com,SKU-1015,4,135.22,2026-07-18
ORD-000774,customer0013@demo-retail.com,SKU-1065,1,13.45,2026-03-31
ORD-000775,customer0376@demo-retail.com,SKU-1062,1,78.14,2026-06-05
ORD-000776,customer0347@demo-retail.com,SKU-1067,1,36.93,2026-08-06
ORD-000777,customer0443@demo-retail.com,SKU-1092,3,192.05,2026-05-24
ORD-000778,customer0240@demo-retail.com,SKU-1043,1,70.16,2025-03-31
ORD-000779,customer0389@demo-retail.com,SKU-1074,2,138.79,2025-01-24
ORD-000780,customer0142@demo-retail.com,SKU-1037,3,13.15,2026-07-13
ORD-000781,customer0081@demo-retail.com,SKU-1020,2,137.88,2025-10-07
ORD-000782,customer0180@demo-retail.com,SKU-1070,4,87.63,2026-07-10
ORD-000783,customer0126@demo-retail.com,SKU-1074,1,138.79,2025-10-18
ORD-000784,customer0026@demo-retail.com,SKU-1057,1,205.38,2026-07-08
ORD-000785,customer0028@demo-retail.com,SKU-1050,4,17.29,2025-04-19
ORD-000786,customer0429@demo-retail.com,SKU-1081,2,88.5,2026-08-30
ORD-000787,customer0366@demo-retail.com,SKU-1026,3,213.67,2026-06-07
ORD-000788,customer0068@demo-retail.com,SKU-1073,2,71.25,2026-05-04
ORD-000789,customer0159@demo-retail.com,SKU-1059,1,179.16,2025-04-10
ORD-000790,customer0074@demo-retail.com,SKU-1029,5,30.41,2026-07-03
ORD-000791,customer0359@demo-retail.com,SKU-1024,4,76.84,2026-02-06
ORD-000792,customer0250@demo-retail.com,SKU-1059,4,179.16,2025-11-29
ORD-000793,customer0145@demo-retail.com,SKU-1022,1,19.15,2026-05-05
ORD-000794,customer0419@demo-retail.com,SKU-1052,3,68.37,2026-08-05
ORD-000795,customer0237@demo-retail.com,SKU-1069,2,119.91,2026-06-15
ORD-000796,customer0499@demo-retail.com,SKU-1021,1,31.07,2026-07-16
ORD-000797,customer0291@demo-retail.com,SKU-1056,6,72.27,2026-03-18
ORD-000798,customer0477@demo-retail.com,SKU-1095,1,122.17,2026-08-12
ORD-000799,customer0285@demo-retail.com,SKU-1042,8,80.83,2026-05-05
ORD-000800,customer0307@demo-retail.com,SKU-1009,2,75.28,2026-05-20
ORD-000801,customer0254@demo-retail.com,SKU-1042,1,67.3,2026-01-24
ORD-000802,customer0326@demo-retail.com,SKU-1097,3,199.29,2026-04-05
ORD-000803,customer0150@demo-retail.com,SKU-1069,5,119.91,2026-04-09
ORD-000804,customer0292@demo-retail.com,SKU-1039,4,172.42,2026-06-11
ORD-000805,customer0469@demo-retail.com,SKU-1092,4,163.72,2026-03-22
ORD-000806,customer0437@demo-retail.com,SKU-1017,3,25.53,2026-02-18
ORD-000807,customer0361@demo-retail.com,SKU-1001,4,89.9,2026-08-18
ORD-000808,customer0121@demo-retail.com,SKU-1004,5,24.08,2026-06-20
ORD-000809,customer0196@demo-retail.com,SKU-1052,1,77.39,2026-01-27
ORD-000810,customer0285@demo-retail.com,SKU-1025,2,125.72,2026-07-27
ORD-000811,customer0447@demo-retail.com,SKU-1037,1,10.66,2025-06-07
ORD-000812,customer0224@demo-retail.com,SKU-1085,10,16.81,2026-04-29
ORD-000813,customer0310@demo-retail.com,SKU-1090,8,206.84,2026-04-12
ORD-000814,customer0420@demo-retail.com,SKU-1071,1,212.19,2026-05-15
ORD-000815,customer0256@demo-retail.com,SKU-1074,4,138.79,2026-08-30
ORD-000816,customer0296@demo-retail.com,SKU-1070,6,87.63,2026-05-18
ORD-000817,customer0298@demo-retail.com,SKU-1015,1,135.22,2026-05-29
ORD-000818,customer0399@demo-retail.com,SKU-1097,3,199.29,2026-04-19
ORD-000819,customer0242@demo-retail.com,SKU-1032,6,184.38,2026-08-09
ORD-000820,customer0160@demo-retail.com,SKU-1075,1,22.71,2026-07-07
ORD-000821,customer0233@demo-retail.com,SKU-1061,4,179.95,2026-08-29
ORD-000822,customer0492@demo-retail.com,SKU-1046,2,36.88,2026-03-08
ORD-000823,customer0402@demo-retail.com,SKU-1094,6,158.5,2026-06-15
ORD-000824,customer0150@demo-retail.com,SKU-1085,8,20.48,2026-08-18
ORD-000825,customer0259@demo-retail.com,SKU-1017,8,25.53,2026-08-10
ORD-000826,customer0440@demo-retail.com,SKU-1036,2,172.63,2026-06-21
ORD-000827,customer0229@demo-retail.com,SKU-1085,5,18.79,2026-07-24
ORD-000828,customer0442@demo-retail.com,SKU-1068,5,208.13,2026-07-16
ORD-000829,customer0386@demo-retail.com,SKU-1064,2,182.15,2025-06-07
ORD-000830,customer0327@demo-retail.com,SKU-1093,5,65.65,2026-05-11
ORD-000831,customer0136@demo-retail.com,SKU-1083,1,25.4,2025-02-25
ORD-000832,customer0383@demo-retail.com,SKU-1061,3,179.95,2026-06-15
ORD-000833,customer0135@demo-retail.com,SKU-1061,1,179.95,2026-05-24
ORD-000834,customer0348@demo-retail.com,SKU-1049,1,120.73,2026-05-09
ORD-000835,customer0327@demo-retail.com,SKU-1069,1,119.91,2025-04-10
ORD-000836,customer0139@demo-retail.com,SKU-1043,4,68.87,2026-06-23
ORD-000837,customer0345@demo-retail.com,SKU-1094,2,181.98,2026-07-01
ORD-000838,customer0281@demo-retail.com,SKU-1041,4,155.18,2026-07-16
ORD-000839,customer0351@demo-retail.com,SKU-1014,1,53.53,2026-04-19
ORD-000840,customer0013@demo-retail.com,SKU-1005,2,121.84,2026-07-13
ORD-000841,customer0327@demo-retail.com,SKU-1077,3,42.14,2025-08-11
ORD-000842,customer0337@demo-retail.com,SKU-1049,4,120.73,2026-07-29
ORD-000843,customer0357@demo-retail.com,SKU-1015,2,135.22,2025-07-09
ORD-000844,customer0233@demo-retail.com,SKU-1082,3,143.77,2025-03-19
ORD-000845,customer0083@demo-retail.com,SKU-1033,5,70.43,2026-06-10
ORD-000846,customer0031@demo-retail.com,SKU-1043,3,76.68,2026-05-24
ORD-000847,customer0476@demo-retail.com,SKU-1063,1,59.41,2026-08-14
ORD-000848,customer0277@demo-retail.com,SKU-1019,1,75.36,2025-04-22
ORD-000849,customer0133@demo-retail.com,SKU-1092,5,180.98,2026-03-29
ORD-000850,customer0460@demo-retail.com,SKU-1003,1,44.45,2026-05-09
ORD-000851,customer0200@demo-retail.com,SKU-1086,5,152.93,2026-08-22
ORD-000852,customer0264@demo-retail.com,SKU-1001,3,89.9,2026-08-12
ORD-000853,customer0400@demo-retail.com,SKU-1094,6,151.75,2026-05-20
ORD-000854,customer0291@demo-retail.com,SKU-1016,4,138.37,2026-04-30
ORD-000855,customer0029@demo-retail.com,SKU-1052,10,77.39,2026-06-15
ORD-000856,customer0042@demo-retail.com,SKU-1044,2,163.76,2026-04-17
ORD-000857,customer0284@demo-retail.com,SKU-1023,4,65.83,2026-07-11
ORD-000858,customer0323@demo-retail.com,SKU-1014,2,53.53,2026-05-24
ORD-000859,customer0098@demo-retail.com,SKU-1095,2,122.17,2026-03-25
ORD-000860,customer0251@demo-retail.com,SKU-1031,3,92.84,2026-08-31
ORD-000861,customer0495@demo-retail.com,SKU-1069,5,119.91,2026-05-27
ORD-000862,customer0029@demo-retail.com,SKU-1044,10,163.76,2025-02-07
ORD-000863,customer0342@demo-retail.com,SKU-1084,4,78.72,2026-07-08
ORD-000864,customer0380@demo-retail.com,SKU-1020,2,154.32,2026-07-04
ORD-000865,customer0335@demo-retail.com,SKU-1063,2,59.41,2026-07-26
ORD-000866,customer0333@demo-retail.com,SKU-1090,4,167.02,2026-06-30
ORD-000867,customer0313@demo-retail.com,SKU-1059,1,179.16,2026-08-07
ORD-000868,customer0255@demo-retail.com,SKU-1015,1,135.22,2025-04-19
ORD-000869,customer0173@demo-retail.com,SKU-1055,2,59.59,2026-07-11
ORD-000870,customer0500@demo-retail.com,SKU-1016,2,138.37,2025-11-29
ORD-000871,customer0024@demo-retail.com,SKU-1098,2,82.52,2026-07-08
ORD-000872,customer0213@demo-retail.com,SKU-1097,1,199.29,2026-07-26
ORD-000873,customer0021@demo-retail.com,SKU-1075,1,22.71,2026-06-30
ORD-000874,customer0081@demo-retail.com,SKU-1100,1,196.51,2026-01-21
ORD-000875,customer0362@demo-retail.com,SKU-1012,10,72.77,2026-07-17
ORD-000876,customer0065@demo-retail.com,SKU-1089,2,155.72,2026-05-02
ORD-000877,customer0481@demo-retail.com,SKU-1031,2,92.84,2026-05-18
ORD-000878,customer0487@demo-retail.com,SKU-1079,3,151.8,2026-04-26
ORD-000879,customer0286@demo-retail.com,SKU-1001,1,79.07,2026-05-16
ORD-000880,customer0277@demo-retail.com,SKU-1098,8,82.52,2026-05-31
ORD-000881,customer0028@demo-retail.com,SKU-1036,4,172.63,2025-08-02
ORD-000882,customer0091@demo-retail.com,SKU-1064,1,182.15,2026-05-01
ORD-000883,customer0108@demo-retail.com,SKU-1037,2,13.15,2026-05-30
ORD-000884,customer0054@demo-retail.com,SKU-1006,5,16.28,2026-04-10
ORD-000885,customer0264@demo-retail.com,SKU-1063,8,59.41,2026-08-24
ORD-000886,customer0167@demo-retail.com,SKU-1075,2,22.71,2026-08-30
ORD-000887,customer0057@demo-retail.com,SKU-1100,3,178.95,2025-08-24
ORD-000888,customer0038@demo-retail.com,SKU-1029,1,30.41,2026-01-20
ORD-000889,customer0476@demo-retail.com,SKU-1028,10,116.73,2025-05-29
ORD-000890,customer0184@demo-retail.com,SKU-1081,1,88.5,2026-07-13
ORD-000891,customer0144@demo-retail.com,SKU-1008,8,49.82,2026-04-08
ORD-000892,customer0176@demo-retail.com,SKU-1098,3,82.52,2026-07-19
ORD-000893,customer0497@demo-retail.com,SKU-1074,3,138.79,2026-07-19
ORD-000894,customer0442@demo-retail.com,SKU-1063,2,59.41,2026-04-20
ORD-000895,customer0374@demo-retail.com,SKU-1002,1,164.25,2025-10-13
ORD-000896,customer0114@demo-retail.com,SKU-1075,1,22.71,2026-05-12
ORD-000897,customer0214@demo-retail.com,SKU-1001,1,78.27,2026-04-07
ORD-000898,customer0272@demo-retail.com,SKU-1055,1,59.59,2025-02-04
ORD-000899,customer0254@demo-retail.com,SKU-1058,4,143.75,2025-04-11
ORD-000900,customer0068@demo-retail.com,SKU-1028,2,136.36,2026-05-19
ORD-000901,customer0343@demo-retail.com,SKU-1062,1,78.14,2025-01-17
ORD-000902,customer0500@demo-retail.com,SKU-1004,8,24.08,2026-08-21
ORD-000903,customer0405@demo-retail.com,SKU-1024,5,76.84,2026-02-20
ORD-000904,customer0037@demo-retail.com,SKU-1081,6,88.5,2025-01-02
ORD-000905,customer0386@demo-retail.com,SKU-1055,10,59.59,2026-06-17
ORD-000906,customer0042@demo-retail.com,SKU-1088,1,146.2,2026-07-09
ORD-000907,customer0187@demo-retail.com,SKU-1087,2,101.32,2026-06-12
ORD-000908,customer0090@demo-retail.com,SKU-1047,4,170.24,2026-05-30
ORD-000909,customer0172@demo-retail.com,SKU-1018,4,185.56,2026-07-10
ORD-000910,customer0108@demo-retail.com,SKU-1090,1,206.84,2026-08-18
ORD-000911,customer0349@demo-retail.com,SKU-1065,5,11.51,2026-06-24
ORD-000912,customer0425@demo-retail.com,SKU-1068,1,208.13,2026-04-25
ORD-000913,customer0232@demo-retail.com,SKU-1038,1,159.03,2026-06-30
ORD-000914,customer0457@demo-retail.com,SKU-1025,3,107.94,2025-03-09
ORD-000915,customer0085@demo-retail.com,SKU-1014,3,53.53,2026-08-12
ORD-000916,customer0488@demo-retail.com,SKU-1067,3,36.93,2026-07-10
ORD-000917,customer0243@demo-retail.com,SKU-1017,1,25.53,2026-07-09
ORD-000918,customer0033@demo-retail.com,SKU-1025,5,125.72,2025-10-26
ORD-000919,customer0172@demo-retail.com,SKU-1083,1,30.78,2026-06-17
ORD-000920,customer0304@demo-retail.com,SKU-1063,1,59.41,2025-12-01
ORD-000921,customer0291@demo-retail.com,SKU-1039,5,172.42,2026-05-06
ORD-000922,customer0248@demo-retail.com,SKU-1030,8,21.41,2026-06-26
ORD-000923,customer0146@demo-retail.com,SKU-1046,5,34.62,2025-06-01
ORD-000924,customer0499@demo-retail.com,SKU-1024,4,76.84,2025-10-20
ORD-000925,customer0122@demo-retail.com,SKU-1021,3,37.38,2025-06-07
ORD-000926,customer0190@demo-retail.com,SKU-1034,3,41.31,2026-05-11
ORD-000927,customer0076@demo-retail.com,SKU-1045,1,196.54,2026-06-11
ORD-000928,customer0472@demo-retail.com,SKU-1016,2,138.37,2026-06-15
ORD-000929,customer0080@demo-retail.com,SKU-1041,24,191.53,2026-04-15
ORD-000930,customer0459@demo-retail.com,SKU-1061,1,179.95,2026-06-17
ORD-000931,customer0076@demo-retail.com,SKU-1086,4,152.93,2026-08-11
ORD-000932,customer0058@demo-retail.com,SKU-1089,2,155.72,2025-12-13
ORD-000933,customer0158@demo-retail.com,SKU-1015,1,135.22,2026-04-12
ORD-000934,customer0168@demo-retail.com,SKU-1012,1,72.77,2026-06-01
ORD-000935,customer0143@demo-retail.com,SKU-1099,3,151.17,2026-07-06
ORD-000936,customer0202@demo-retail.com,SKU-1066,1,98.82,2025-03-31
ORD-000937,customer0185@demo-retail.com,SKU-1086,5,152.93,2026-08-17
ORD-000938,customer0007@demo-retail.com,SKU-1048,2,172.36,2026-05-25
ORD-000939,customer0111@demo-retail.com,SKU-1012,2,72.77,2026-07-29
ORD-000940,customer0084@demo-retail.com,SKU-1037,3,13.15,2026-03-30
ORD-000941,customer0428@demo-retail.com,SKU-1018,5,176.91,2026-05-17
ORD-000942,customer0034@demo-retail.com,SKU-1043,2,76.68,2026-04-19
ORD-000943,customer0328@demo-retail.com,SKU-1053,3,200.77,2026-08-30
ORD-000944,customer0469@demo-retail.com,SKU-1097,3,199.29,2026-04-08
ORD-000945,customer0022@demo-retail.com,SKU-1063,1,59.41,2026-04-12
ORD-000946,customer0379@demo-retail.com,SKU-1072,5,92.39,2026-04-27
ORD-000947,customer0335@demo-retail.com,SKU-1016,4,138.37,2026-05-03
ORD-000948,customer0062@demo-retail.com,SKU-1004,3,24.08,2026-06-30
ORD-000949,customer0247@demo-retail.com,SKU-1075,5,22.71,2026-01-06
ORD-000950,customer0419@demo-retail.com,SKU-1089,5,155.72,2026-05-03
ORD-000951,customer0298@demo-retail.com,SKU-1021,4,37.38,2026-06-26
ORD-000952,customer0084@demo-retail.com,SKU-1046,5,36.88,2025-05-19
ORD-000953,customer0149@demo-retail.com,SKU-1007,4,185.15,2025-12-31
ORD-000954,customer0322@demo-retail.com,SKU-1099,3,148.8,2026-07-13
ORD-000955,customer0410@demo-retail.com,SKU-1088,3,146.2,2026-06-12
ORD-000956,customer0297@demo-retail.com,SKU-1069,4,98.39,2025-04-09
ORD-000957,customer0175@demo-retail.com,SKU-1053,1,167.18,2026-04-29
ORD-000958,customer0315@demo-retail.com,SKU-1072,5,115.43,2026-07-14
ORD-000959,customer0388@demo-retail.com,SKU-1090,5,206.84,2026-07-19
ORD-000960,customer0473@demo-retail.com,SKU-1017,1,25.53,2025-04-30
ORD-000961,customer0456@demo-retail.com,SKU-1057,5,205.38,2025-05-23
ORD-000962,customer0156@demo-retail.com,SKU-1091,1,82.94,2025-06-26
ORD-000963,customer0117@demo-retail.com,SKU-1089,2,155.72,2026-07-26
ORD-000964,customer0391@demo-retail.com,SKU-1089,4,142.67,2026-03-12
ORD-000965,customer0056@demo-retail.com,SKU-1026,1,213.67,2025-02-13
ORD-000966,customer0466@demo-retail.com,SKU-1016,5,124.55,2026-05-03
ORD-000967,customer0106@demo-retail.com,SKU-1078,5,217.02,2025-05-07
ORD-000968,customer0075@demo-retail.com,SKU-1012,2,72.77,2025-01-30
ORD-000969,customer0083@demo-retail.com,SKU-1046,1,36.88,2025-12-23
ORD-000970,customer0035@demo-retail.com,SKU-1073,2,71.25,2026-04-24
ORD-000971,customer0099@demo-retail.com,SKU-1092,3,186.58,2026-07-07
ORD-000972,customer0472@demo-retail.com,SKU-1028,10,136.36,2026-08-06
ORD-000973,customer0226@demo-retail.com,SKU-1024,3,71.09,2026-04-03
ORD-000974,customer0264@demo-retail.com,SKU-1028,1,129.23,2026-03-11
ORD-000975,customer0070@demo-retail.com,SKU-1067,3,36.93,2026-08-03
ORD-000976,customer0168@demo-retail.com,SKU-1011,3,139.27,2026-08-21
ORD-000977,customer0500@demo-retail.com,SKU-1088,4,146.2,2026-06-13
ORD-000978,customer0439@demo-retail.com,SKU-1025,1,125.72,2026-05-14
ORD-000979,customer0007@demo-retail.com,SKU-1023,4,65.83,2026-05-29
ORD-000980,customer0338@demo-retail.com,SKU-1067,3,31.73,2026-05-11
ORD-000981,customer0474@demo-retail.com,SKU-1095,8,104.4,2025-04-15
ORD-000982,customer0433@demo-retail.com,SKU-1077,2,39.01,2026-07-11
ORD-000983,customer0366@demo-retail.com,SKU-1098,3,82.52,2025-10-13
ORD-000984,customer0244@demo-retail.com,SKU-1046,6,36.88,2026-02-14
ORD-000985,customer0076@demo-retail.com,SKU-1036,1,144.6,2026-06-08
ORD-000986,customer0051@demo-retail.com,SKU-1004,6,24.08,2026-07-28
ORD-000987,customer0196@demo-retail.com,SKU-1023,3,65.83,2026-08-25
ORD-000988,customer0040@demo-retail.com,SKU-1098,1,82.52,2026-08-07
ORD-000989,customer0151@demo-retail.com,SKU-1026,2,213.67,2026-05-04
ORD-000990,customer0280@demo-retail.com,SKU-1070,4,87.63,2026-06-05
ORD-000991,customer0231@demo-retail.com,SKU-1050,1,17.29,2025-05-02
ORD-000992,customer0286@demo-retail.com,SKU-1023,3,65.83,2026-08-23
ORD-000993,customer0221@demo-retail.com,SKU-1063,2,59.41,2025-06-18
ORD-000994,customer0346@demo-retail.com,SKU-1073,3,71.25,2026-08-03
ORD-000995,customer0288@demo-retail.com,SKU-1061,1,179.95,2026-05-03
ORD-000996,customer0498@demo-retail.com,SKU-1076,5,200.92,2026-04-27
ORD-000997,customer0032@demo-retail.com,SKU-1042,8,74.81,2025-10-19
ORD-000998,customer0392@demo-retail.com,SKU-1004,8,24.08,2026-04-04
ORD-000999,customer0211@demo-retail.com,SKU-1046,4,36.88,2026-06-04
ORD-001000,customer0044@demo-retail.com,SKU-1076,1,169.93,2026-06-13
ORD-001001,customer0167@demo-retail.com,SKU-1069,4,119.91,2026-08-26
ORD-001002,customer0137@demo-retail.com,SKU-1054,1,97.36,2026-04-22
ORD-001003,customer0293@demo-retail.com,SKU-1049,1,120.73,2026-06-11
ORD-001004,customer0346@demo-retail.com,SKU-1089,2,155.72,2025-04-13
ORD-001005,customer0315@demo-retail.com,SKU-1022,2,19.15,2025-12-14
ORD-001006,customer0110@demo-retail.com,SKU-1069,4,113.85,2026-08-12
ORD-001007,customer0381@demo-retail.com,SKU-1080,3,61.43,2026-07-05
ORD-001008,customer0035@demo-retail.com,SKU-1035,2,27.51,2026-06-06
ORD-001009,customer0334@demo-retail.com,SKU-1010,1,101.84,2026-06-04
ORD-001010,customer0103@demo-retail.com,SKU-1041,10,191.53,2026-04-15
ORD-001011,customer0452@demo-retail.com,SKU-1024,2,76.84,2026-04-13
ORD-001012,customer0110@demo-retail.com,SKU-1064,2,182.15,2026-08-14
ORD-001013,customer0273@demo-retail.com,SKU-1082,1,143.77,2025-10-02
ORD-001014,customer0321@demo-retail.com,SKU-1094,4,181.98,2026-08-03
ORD-001015,customer0383@demo-retail.com,SKU-1020,4,154.32,2026-07-01
ORD-001016,customer0325@demo-retail.com,SKU-1009,1,75.28,2026-06-11
ORD-001017,customer0352@demo-retail.com,SKU-1033,1,70.43,2025-06-14
ORD-001018,customer0126@demo-retail.com,SKU-1004,3,24.08,2026-07-13
ORD-001019,customer0332@demo-retail.com,SKU-1055,3,59.59,2026-05-12
ORD-001020,customer0405@demo-retail.com,SKU-1034,1,41.31,2026-08-24
ORD-001021,customer0249@demo-retail.com,SKU-1093,8,61.35,2026-08-21
ORD-001022,customer0462@demo-retail.com,SKU-1009,1,75.28,2026-06-16
ORD-001023,customer0483@demo-retail.com,SKU-1051,2,18.54,2025-04-03
ORD-001024,customer0257@demo-retail.com,SKU-1095,8,122.17,2026-04-07
ORD-001025,customer0255@demo-retail.com,SKU-1033,2,70.43,2026-06-22
ORD-001026,customer0427@demo-retail.com,SKU-1043,3,76.68,2026-06-12
ORD-001027,customer0112@demo-retail.com,SKU-1055,2,56.34,2025-08-30
ORD-001028,customer0029@demo-retail.com,SKU-1076,1,200.92,2026-06-27
ORD-001029,customer0217@demo-retail.com,SKU-1070,10,87.63,2025-11-21
ORD-001030,customer0244@demo-retail.com,SKU-1047,2,170.24,2026-07-25
ORD-001031,customer0340@demo-retail.com,SKU-1095,6,114.55,2026-08-23
ORD-001032,customer0197@demo-retail.com,SKU-1071,1,212.19,2025-09-17
ORD-001033,customer0444@demo-retail.com,SKU-1069,1,119.91,2026-07-31
ORD-001034,customer0155@demo-retail.com,SKU-1033,1,70.43,2026-05-23
ORD-001035,customer0469@demo-retail.com,SKU-1021,3,37.38,2026-07-09
ORD-001036,customer0141@demo-retail.com,SKU-1005,2,137.03,2026-02-21
ORD-001037,customer0212@demo-retail.com,SKU-1095,5,122.17,2026-04-28
ORD-001038,customer0358@demo-retail.com,SKU-1021,2,32.26,2026-08-06
ORD-001039,customer0168@demo-retail.com,SKU-1095,8,98.69,2026-07-15
ORD-001040,customer0070@demo-retail.com,SKU-1083,5,30.78,2026-03-31
ORD-001041,customer0081@demo-retail.com,SKU-1015,5,135.22,2026-08-10
ORD-001042,customer0352@demo-retail.com,SKU-1077,4,42.14,2025-05-14
ORD-001043,customer0089@demo-retail.com,SKU-1034,4,41.31,2026-07-28
ORD-001044,customer0213@demo-retail.com,SKU-1011,5,139.27,2025-07-23
ORD-001045,customer0011@demo-retail.com,SKU-1029,4,30.41,2026-04-07
ORD-001046,customer0499@demo-retail.com,SKU-1012,3,72.77,2025-08-23
ORD-001047,customer0317@demo-retail.com,SKU-1052,1,77.39,2025-02-20
ORD-001048,customer0485@demo-retail.com,SKU-1022,1,16.83,2026-05-29
ORD-001049,customer0254@demo-retail.com,SKU-1087,6,118.52,2026-04-10
ORD-001050,customer0383@demo-retail.com,SKU-1037,3,12.21,2026-06-24
ORD-001051,customer0347@demo-retail.com,SKU-1094,4,181.98,2026-06-20
ORD-001052,customer0500@demo-retail.com,SKU-1038,2,159.03,2025-01-30
ORD-001053,customer0351@demo-retail.com,SKU-1075,1,19.77,2026-01-14
ORD-001054,customer0109@demo-retail.com,SKU-1088,1,146.2,2026-02-12
ORD-001055,customer0049@demo-retail.com,SKU-1010,3,95.69,2025-09-20
ORD-001056,customer0481@demo-retail.com,SKU-1078,2,217.02,2026-06-02
ORD-001057,customer0130@demo-retail.com,SKU-1001,1,89.9,2025-02-16
ORD-001058,customer0496@demo-retail.com,SKU-1017,2,21.11,2026-01-15
ORD-001059,customer0450@demo-retail.com,SKU-1044,1,148.45,2026-04-27
ORD-001060,customer0161@demo-retail.com,SKU-1015,3,125.86,2026-06-26
ORD-001061,customer0145@demo-retail.com,SKU-1056,1,72.27,2026-01-05
ORD-001062,customer0161@demo-retail.com,SKU-1067,4,33.63,2025-09-28
ORD-001063,customer0437@demo-retail.com,SKU-1072,2,115.43,2026-07-24
ORD-001064,customer0028@demo-retail.com,SKU-1020,2,129.48,2026-07-14
ORD-001065,customer0459@demo-retail.com,SKU-1015,1,115.41,2026-03-23
ORD-001066,customer0253@demo-retail.com,SKU-1059,1,179.16,2026-05-12
ORD-001067,customer0105@demo-retail.com,SKU-1012,2,72.77,2026-06-03
ORD-001068,customer0289@demo-retail.com,SKU-1035,2,27.51,2026-04-23
ORD-001069,customer0393@demo-retail.com,SKU-1068,3,208.13,2026-08-30
ORD-001070,customer0049@demo-retail.com,SKU-1087,2,106.93,2026-04-26
ORD-001071,customer0303@demo-retail.com,SKU-1048,4,146.25,2026-02-08
ORD-001072,customer0338@demo-retail.com,SKU-1091,5,82.94,2026-05-06
ORD-001073,customer0497@demo-retail.com,SKU-1043,4,76.68,2026-08-30
ORD-001074,customer0109@demo-retail.com,SKU-1017,1,25.53,2026-04-08
ORD-001075,customer0037@demo-retail.com,SKU-1096,2,31.37,2026-08-17
ORD-001076,customer0123@demo-retail.com,SKU-1023,1,65.83,2026-06-27
ORD-001077,customer0199@demo-retail.com,SKU-1021,1,37.38,2026-07-09
ORD-001078,customer0153@demo-retail.com,SKU-1016,10,138.37,2025-06-07
ORD-001079,customer0309@demo-retail.com,SKU-1088,1,146.2,2025-11-14
ORD-001080,customer0251@demo-retail.com,SKU-1026,2,213.67,2026-06-09
ORD-001081,customer0388@demo-retail.com,SKU-1012,3,72.77,2026-05-15
ORD-001082,customer0021@demo-retail.com,SKU-1012,4,72.77,2026-05-14
ORD-001083,customer0270@demo-retail.com,SKU-1064,3,182.15,2025-06-08
ORD-001084,customer0465@demo-retail.com,SKU-1011,1,139.27,2026-05-12
ORD-001085,customer0268@demo-retail.com,SKU-1032,2,184.38,2025-11-04
ORD-001086,customer0056@demo-retail.com,SKU-1066,2,98.82,2026-08-20
ORD-001087,customer0182@demo-retail.com,SKU-1033,1,61.66,2026-04-08
ORD-001088,customer0403@demo-retail.com,SKU-1023,2,65.83,2026-05-05
ORD-001089,customer0301@demo-retail.com,SKU-1041,1,191.53,2026-06-16
ORD-001090,customer0495@demo-retail.com,SKU-1044,1,163.76,2026-06-25
ORD-001091,customer0310@demo-retail.com,SKU-1096,2,31.37,2026-08-11
ORD-001092,customer0203@demo-retail.com,SKU-1001,1,78.35,2026-08-27
ORD-001093,customer0317@demo-retail.com,SKU-1039,3,172.42,2026-05-14
ORD-001094,customer0045@demo-retail.com,SKU-1039,3,140.83,2026-02-09
ORD-001095,customer0108@demo-retail.com,SKU-1004,4,20.14,2026-07-14
ORD-001096,customer0045@demo-retail.com,SKU-1025,1,125.72,2026-07-06
ORD-001097,customer0086@demo-retail.com,SKU-1015,1,135.22,2026-08-26
ORD-001098,customer0011@demo-retail.com,SKU-1061,1,179.95,2026-04-29
ORD-001099,customer0027@demo-retail.com,SKU-1051,3,17.19,2026-04-08
ORD-001100,customer0378@demo-retail.com,SKU-1064,4,182.15,2026-05-17
ORD-001101,customer0205@demo-retail.com,SKU-1063,1,59.41,2025-02-07
ORD-001102,customer0366@demo-retail.com,SKU-1030,6,18.98,2026-04-29
ORD-001103,customer0214@demo-retail.com,SKU-1083,1,27.5,2026-06-24
ORD-001104,customer0224@demo-retail.com,SKU-1090,3,206.84,2026-04-05
ORD-001105,customer0119@demo-retail.com,SKU-1057,4,205.38,2026-06-04
ORD-001106,customer0453@demo-retail.com,SKU-1017,5,25.53,2026-04-25
ORD-001107,customer0410@demo-retail.com,SKU-1061,4,149.55,2026-01-04
ORD-001108,customer0248@demo-retail.com,SKU-1086,4,152.93,2025-03-30
ORD-001109,customer0483@demo-retail.com,SKU-1054,2,97.36,2026-08-06
ORD-001110,customer0184@demo-retail.com,SKU-1003,5,44.45,2026-08-19
ORD-001111,customer0414@demo-retail.com,SKU-1005,1,137.03,2026-04-25
ORD-001112,customer0115@demo-retail.com,SKU-1072,6,115.43,2026-08-01
ORD-001113,customer0450@demo-retail.com,SKU-1099,3,163.0,2025-02-17
ORD-001114,customer0343@demo-retail.com,SKU-1078,5,204.42,2026-06-12
ORD-001115,customer0401@demo-retail.com,SKU-1014,2,53.53,2025-04-24
ORD-001116,customer0260@demo-retail.com,SKU-1006,3,16.28,2026-07-30
ORD-001117,customer0373@demo-retail.com,SKU-1021,3,37.38,2026-01-06
ORD-001118,customer0332@demo-retail.com,SKU-1020,4,154.32,2026-08-06
ORD-001119,customer0497@demo-retail.com,SKU-1057,1,205.38,2026-07-11
ORD-001120,customer0147@demo-retail.com,SKU-1044,1,140.16,2026-05-02
ORD-001121,customer0341@demo-retail.com,SKU-1081,1,88.5,2026-01-05
ORD-001122,customer0411@demo-retail.com,SKU-1018,1,212.85,2026-07-04
ORD-001123,customer0186@demo-retail.com,SKU-1088,5,146.2,2026-06-13
ORD-001124,customer0044@demo-retail.com,SKU-1009,1,75.28,2026-06-14
ORD-001125,customer0202@demo-retail.com,SKU-1008,8,49.82,2026-03-21
ORD-001126,customer0324@demo-retail.com,SKU-1008,2,49.82,2026-08-12
ORD-001127,customer0206@demo-retail.com,SKU-1054,1,97.36,2025-10-30
ORD-001128,customer0005@demo-retail.com,SKU-1045,4,196.54,2025-11-18
ORD-001129,customer0207@demo-retail.com,SKU-1090,3,206.84,2026-07-25
ORD-001130,customer0177@demo-retail.com,SKU-1090,2,206.84,2026-05-10
ORD-001131,customer0044@demo-retail.com,SKU-1039,3,172.42,2026-07-12
ORD-001132,customer0277@demo-retail.com,SKU-1067,4,32.6,2025-05-10
ORD-001133,customer0015@demo-retail.com,SKU-1003,1,44.45,2026-07-22
ORD-001134,customer0217@demo-retail.com,SKU-1093,10,53.11,2026-06-15
ORD-001135,customer0064@demo-retail.com,SKU-1046,8,36.88,2026-04-24
ORD-001136,customer0378@demo-retail.com,SKU-1074,24,138.79,2026-06-16
ORD-001137,customer0366@demo-retail.com,SKU-1073,1,71.25,2026-08-19
ORD-001138,customer0154@demo-retail.com,SKU-1045,3,196.54,2026-07-03
ORD-001139,customer0194@demo-retail.com,SKU-1092,1,204.34,2025-05-24
ORD-001140,customer0422@demo-retail.com,SKU-1025,1,125.72,2026-04-04
ORD-001141,customer0042@demo-retail.com,SKU-1053,1,200.77,2026-05-15
ORD-001142,customer0040@demo-retail.com,SKU-1058,2,143.75,2026-07-08
ORD-001143,customer0203@demo-retail.com,SKU-1100,5,196.51,2026-04-21
ORD-001144,customer0477@demo-retail.com,SKU-1089,4,155.72,2026-03-27
ORD-001145,customer0259@demo-retail.com,SKU-1019,4,75.36,2026-07-21
ORD-001146,customer0061@demo-retail.com,SKU-1068,2,208.13,2026-04-22
ORD-001147,customer0190@demo-retail.com,SKU-1072,2,107.1,2026-07-22
ORD-001148,customer0149@demo-retail.com,SKU-1074,2,118.77,2026-05-29
ORD-001149,customer0249@demo-retail.com,SKU-1038,10,145.92,2025-11-07
ORD-001150,customer0111@demo-retail.com,SKU-1037,1,13.15,2026-06-14
ORD-001151,customer0035@demo-retail.com,SKU-1045,5,196.54,2026-04-13
ORD-001152,customer0461@demo-retail.com,SKU-1058,3,143.75,2026-04-09
ORD-001153,customer0071@demo-retail.com,SKU-1098,2,82.52,2025-05-16
ORD-001154,customer0444@demo-retail.com,SKU-1020,4,137.92,2026-05-09
ORD-001155,customer0461@demo-retail.com,SKU-1030,2,21.41,2026-02-01
ORD-001156,customer0143@demo-retail.com,SKU-1095,5,122.17,2026-03-30
ORD-001157,customer0408@demo-retail.com,SKU-1081,6,88.5,2026-08-09
ORD-001158,customer0099@demo-retail.com,SKU-1011,2,139.27,2026-07-27
ORD-001159,customer0097@demo-retail.com,SKU-1067,1,36.93,2026-08-07
ORD-001160,customer0493@demo-retail.com,SKU-1024,3,76.84,2026-04-17
ORD-001161,customer0044@demo-retail.com,SKU-1057,6,205.38,2026-04-05
ORD-001162,customer0442@demo-retail.com,SKU-1063,1,59.41,2026-08-20
ORD-001163,customer0163@demo-retail.com,SKU-1068,3,197.09,2026-08-25
ORD-001164,customer0094@demo-retail.com,SKU-1019,3,63.76,2026-06-19
ORD-001165,customer0315@demo-retail.com,SKU-1008,4,49.82,2026-07-19
ORD-001166,customer0051@demo-retail.com,SKU-1050,1,17.29,2025-11-02
ORD-001167,customer0027@demo-retail.com,SKU-1016,4,138.37,2026-05-27
ORD-001168,customer0386@demo-retail.com,SKU-1066,6,98.82,2026-04-27
ORD-001169,customer0284@demo-retail.com,SKU-1060,1,197.65,2026-06-11
ORD-001170,customer0138@demo-retail.com,SKU-1003,1,44.45,2026-07-03
ORD-001171,customer0403@demo-retail.com,SKU-1084,8,78.72,2026-04-11
ORD-001172,customer0401@demo-retail.com,SKU-1027,1,207.42,2026-04-25
ORD-001173,customer0488@demo-retail.com,SKU-1069,5,119.91,2025-09-09
ORD-001174,customer0493@demo-retail.com,SKU-1060,2,197.65,2026-08-31
ORD-001175,customer0478@demo-retail.com,SKU-1008,1,49.82,2025-01-01
ORD-001176,customer0432@demo-retail.com,SKU-1045,5,196.54,2026-05-26
ORD-001177,customer0379@demo-retail.com,SKU-1021,2,30.41,2026-08-20
ORD-001178,customer0285@demo-retail.com,SKU-1093,2,65.65,2025-05-24
ORD-001179,customer0453@demo-retail.com,SKU-1041,2,191.53,2026-04-24
ORD-001180,customer0126@demo-retail.com,SKU-1035,3,27.51,2026-05-08
ORD-001181,customer0468@demo-retail.com,SKU-1003,1,44.45,2026-06-08
ORD-001182,customer0462@demo-retail.com,SKU-1001,2,79.41,2026-05-02
ORD-001183,customer0202@demo-retail.com,SKU-1098,8,82.52,2026-05-16
ORD-001184,customer0016@demo-retail.com,SKU-1069,1,119.91,2025-03-21
ORD-001185,customer0498@demo-retail.com,SKU-1046,3,36.88,2026-07-31
ORD-001186,customer0416@demo-retail.com,SKU-1099,2,141.71,2026-07-17
ORD-001187,customer0114@demo-retail.com,SKU-1002,4,164.25,2026-04-01
ORD-001188,customer0047@demo-retail.com,SKU-1025,1,125.72,2026-01-02
ORD-001189,customer0253@demo-retail.com,SKU-1030,8,18.71,2025-08-15
ORD-001190,customer0101@demo-retail.com,SKU-1001,2,89.9,2025-08-03
ORD-001191,customer0257@demo-retail.com,SKU-1073,1,71.25,2026-06-21
ORD-001192,customer0350@demo-retail.com,SKU-1087,1,105.27,2026-08-03
ORD-001193,customer0478@demo-retail.com,SKU-1034,1,41.31,2025-05-11
ORD-001194,customer0435@demo-retail.com,SKU-1025,2,125.72,2026-06-22
ORD-001195,customer0130@demo-retail.com,SKU-1079,2,151.8,2026-06-30
ORD-001196,customer0345@demo-retail.com,SKU-1083,5,28.96,2026-05-14
ORD-001197,customer0063@demo-retail.com,SKU-1036,2,172.63,2026-05-19
ORD-001198,customer0115@demo-retail.com,SKU-1093,1,65.65,2026-08-20
ORD-001199,customer0201@demo-retail.com,SKU-1001,3,79.63,2026-06-12
ORD-001200,customer0217@demo-retail.com,SKU-1089,4,155.72,2026-07-05
ORD-001201,customer0033@demo-retail.com,SKU-1040,1,75.48,2026-06-08
ORD-001202,customer0479@demo-retail.com,SKU-1081,1,88.5,2026-08-30
ORD-001203,customer0427@demo-retail.com,SKU-1044,1,163.76,2026-07-01
ORD-001204,customer0308@demo-retail.com,SKU-1100,4,196.51,2025-03-16
ORD-001205,customer0044@demo-retail.com,SKU-1016,3,138.37,2026-08-16
ORD-001206,customer0032@demo-retail.com,SKU-1017,2,25.53,2026-08-15
ORD-001207,customer0053@demo-retail.com,SKU-1009,5,75.28,2026-05-13
ORD-001208,customer0050@demo-retail.com,SKU-1052,4,77.39,2026-05-26
ORD-001209,customer0197@demo-retail.com,SKU-1059,3,179.16,2025-01-11
ORD-001210,customer0334@demo-retail.com,SKU-1044,5,163.76,2025-04-14
ORD-001211,customer0099@demo-retail.com,SKU-1076,1,182.23,2026-06-08
ORD-001212,customer0065@demo-retail.com,SKU-1074,1,138.79,2026-07-13
ORD-001213,customer0125@demo-retail.com,SKU-1024,1,62.94,2026-05-10
ORD-001214,customer0387@demo-retail.com,SKU-1084,1,78.72,2026-04-22
ORD-001215,customer0241@demo-retail.com,SKU-1019,3,75.36,2026-07-25
ORD-001216,customer0301@demo-retail.com,SKU-1067,6,30.86,2026-08-29
ORD-001217,customer0217@demo-retail.com,SKU-1007,1,185.15,2026-07-27
ORD-001218,customer0175@demo-retail.com,SKU-1009,1,75.28,2025-07-26
ORD-001219,customer0355@demo-retail.com,SKU-1077,2,42.14,2026-04-24
ORD-001220,customer0169@demo-retail.com,SKU-1054,6,97.36,2025-11-03
ORD-001221,customer0113@demo-retail.com,SKU-1064,2,182.15,2025-02-13
ORD-001222,customer0110@demo-retail.com,SKU-1080,2,61.43,2026-04-23
ORD-001223,customer0193@demo-retail.com,SKU-1095,1,122.17,2025-12-06
ORD-001224,customer0038@demo-retail.com,SKU-1002,1,164.25,2026-01-07
ORD-001225,customer0324@demo-retail.com,SKU-1025,10,125.72,2026-05-11
ORD-001226,customer0102@demo-retail.com,SKU-1026,8,213.67,2026-08-24
ORD-001227,customer0434@demo-retail.com,SKU-1044,1,131.54,2026-07-18
ORD-001228,customer0426@demo-retail.com,SKU-1003,8,44.45,2025-04-14
ORD-001229,customer0480@demo-retail.com,SKU-1044,3,163.76,2025-04-24
ORD-001230,customer0088@demo-retail.com,SKU-1085,5,20.48,2026-05-28
ORD-001231,customer0034@demo-retail.com,SKU-1092,2,204.34,2026-03-21
ORD-001232,customer0273@demo-retail.com,SKU-1025,2,125.72,2026-07-14
ORD-001233,customer0391@demo-retail.com,SKU-1006,2,16.28,2026-06-30
ORD-001234,customer0127@demo-retail.com,SKU-1042,3,80.83,2026-07-24
ORD-001235,customer0454@demo-retail.com,SKU-1075,1,22.71,2026-06-05
ORD-001236,customer0261@demo-retail.com,SKU-1022,1,19.15,2025-03-08
ORD-001237,customer0266@demo-retail.com,SKU-1064,2,182.15,2026-01-19
ORD-001238,customer0490@demo-retail.com,SKU-1092,4,204.34,2026-04-30
ORD-001239,customer0019@demo-retail.com,SKU-1084,1,78.72,2026-04-04
ORD-001240,customer0112@demo-retail.com,SKU-1051,3,18.54,2026-07-02
ORD-001241,customer0282@demo-retail.com,SKU-1033,8,70.43,2026-05-28
ORD-001242,customer0118@demo-retail.com,SKU-1046,1,36.88,2026-04-21
ORD-001243,customer0240@demo-retail.com,SKU-1058,3,143.75,2026-03-13
ORD-001244,customer0013@demo-retail.com,SKU-1049,2,120.73,2026-06-23
ORD-001245,customer0151@demo-retail.com,SKU-1011,5,139.27,2026-01-03
ORD-001246,customer0051@demo-retail.com,SKU-1030,1,21.41,2025-10-11
ORD-001247,customer0346@demo-retail.com,SKU-1026,4,213.67,2026-06-07
ORD-001248,customer0362@demo-retail.com,SKU-1025,5,116.7,2025-10-09
ORD-001249,customer0005@demo-retail.com,SKU-1034,8,41.31,2026-07-11
ORD-001250,customer0421@demo-retail.com,SKU-1052,3,77.39,2026-05-20
ORD-001251,customer0488@demo-retail.com,SKU-1098,2,82.52,2026-04-22
ORD-001252,customer0120@demo-retail.com,SKU-1061,3,179.95,2026-07-09
ORD-001253,customer0406@demo-retail.com,SKU-1044,5,163.76,2026-04-18
ORD-001254,customer0225@demo-retail.com,SKU-1027,3,207.42,2026-05-17
ORD-001255,customer0157@demo-retail.com,SKU-1017,1,23.53,2026-04-06
ORD-001256,customer0215@demo-retail.com,SKU-1029,6,30.41,2025-12-14
ORD-001257,customer0167@demo-retail.com,SKU-1039,3,172.42,2026-07-05
ORD-001258,customer0488@demo-retail.com,SKU-1020,3,154.32,2026-07-27
ORD-001259,customer0196@demo-retail.com,SKU-1051,1,18.54,2026-08-11
ORD-001260,customer0056@demo-retail.com,SKU-1061,3,179.95,2026-07-14
ORD-001261,customer0088@demo-retail.com,SKU-1012,2,72.77,2025-11-08
ORD-001262,customer0096@demo-retail.com,SKU-1004,3,24.08,2026-04-28
ORD-001263,customer0150@demo-retail.com,SKU-1030,1,17.31,2026-07-10
ORD-001264,customer0441@demo-retail.com,SKU-1042,3,80.83,2026-07-19
ORD-001265,customer0215@demo-retail.com,SKU-1069,10,113.11,2025-05-13
ORD-001266,customer0159@demo-retail.com,SKU-1027,1,207.42,2025-05-14
ORD-001267,customer0301@demo-retail.com,SKU-1040,8,86.56,2026-04-06
ORD-001268,customer0074@demo-retail.com,SKU-1001,2,89.9,2026-07-11
ORD-001269,customer0169@demo-retail.com,SKU-1068,5,208.13,2026-06-29
ORD-001270,customer0378@demo-retail.com,SKU-1006,4,16.28,2026-04-06
ORD-001271,customer0432@demo-retail.com,SKU-1090,3,206.84,2025-12-22
ORD-001272,customer0128@demo-retail.com,SKU-1054,4,97.36,2026-07-18
ORD-001273,customer0094@demo-retail.com,SKU-1085,5,18.53,2026-05-25
ORD-001274,customer0452@demo-retail.com,SKU-1036,2,172.63,2026-07-22
ORD-001275,customer0211@demo-retail.com,SKU-1064,2,182.15,2025-08-11
ORD-001276,customer0054@demo-retail.com,SKU-1097,3,199.29,2025-03-20
ORD-001277,customer0107@demo-retail.com,SKU-1033,4,70.43,2026-07-20
ORD-001278,customer0176@demo-retail.com,SKU-1049,4,120.73,2026-05-05
ORD-001279,customer0059@demo-retail.com,SKU-1033,4,63.43,2026-08-29
ORD-001280,customer0043@demo-retail.com,SKU-1009,2,75.28,2026-05-05
ORD-001281,customer0421@demo-retail.com,SKU-1061,5,166.59,2025-05-24
ORD-001282,customer0064@demo-retail.com,SKU-1038,1,159.03,2026-07-17
ORD-001283,customer0140@demo-retail.com,SKU-1087,3,118.52,2026-08-29
ORD-001284,customer0273@demo-retail.com,SKU-1087,1,118.52,2026-08-23
ORD-001285,customer0340@demo-retail.com,SKU-1083,2,30.78,2026-06-20
ORD-001286,customer0027@demo-retail.com,SKU-1057,2,175.93,2026-06-14
ORD-001287,customer0466@demo-retail.com,SKU-1048,2,148.79,2026-06-29
ORD-001288,customer0349@demo-retail.com,SKU-1025,4,125.72,2025-12-12
ORD-001289,customer0086@demo-retail.com,SKU-1093,2,65.65,2025-06-21
ORD-001290,customer0321@demo-retail.com,SKU-1072,2,115.43,2025-11-27
ORD-001291,customer0119@demo-retail.com,SKU-1016,1,138.37,2026-05-14
ORD-001292,customer0162@demo-retail.com,SKU-1084,2,78.72,2026-05-21
ORD-001293,customer0320@demo-retail.com,SKU-1084,1,65.56,2026-06-21
ORD-001294,customer0365@demo-retail.com,SKU-1014,1,53.53,2026-04-26
ORD-001295,customer0492@demo-retail.com,SKU-1033,3,70.43,2025-06-25
ORD-001296,customer0474@demo-retail.com,SKU-1087,3,118.52,2026-02-02
ORD-001297,customer0247@demo-retail.com,SKU-1086,3,143.27,2026-06-11
ORD-001298,customer0380@demo-retail.com,SKU-1082,2,143.77,2026-04-23
ORD-001299,customer0316@demo-retail.com,SKU-1003,2,37.14,2025-08-27
ORD-001300,customer0041@demo-retail.com,SKU-1080,5,61.43,2026-06-30
ORD-001301,customer0105@demo-retail.com,SKU-1049,2,120.73,2026-07-24
ORD-001302,customer0450@demo-retail.com,SKU-1095,2,122.17,2026-03-31
ORD-001303,customer0406@demo-retail.com,SKU-1067,1,36.93,2025-02-10
ORD-001304,customer0434@demo-retail.com,SKU-1030,2,21.41,2026-08-25
ORD-001305,customer0128@demo-retail.com,SKU-1086,2,152.93,2026-08-18
ORD-001306,customer0165@demo-retail.com,SKU-1067,2,36.93,2026-05-26
ORD-001307,customer0489@demo-retail.com,SKU-1009,3,75.28,2026-04-28
ORD-001308,customer0047@demo-retail.com,SKU-1017,3,25.53,2026-07-10
ORD-001309,customer0260@demo-retail.com,SKU-1031,3,92.84,2025-07-29
ORD-001310,customer0218@demo-retail.com,SKU-1032,4,184.38,2026-07-12
ORD-001311,customer0104@demo-retail.com,SKU-1082,5,143.77,2026-05-09
ORD-001312,customer0194@demo-retail.com,SKU-1051,4,18.54,2026-05-31
ORD-001313,customer0080@demo-retail.com,SKU-1098,8,82.52,2026-05-13
ORD-001314,customer0438@demo-retail.com,SKU-1055,1,59.59,2026-05-26
ORD-001315,customer0284@demo-retail.com,SKU-1020,1,154.32,2026-04-16
ORD-001316,customer0193@demo-retail.com,SKU-1037,1,13.15,2026-05-07
ORD-001317,customer0080@demo-retail.com,SKU-1026,3,198.55,2026-05-03
ORD-001318,customer0208@demo-retail.com,SKU-1063,6,59.41,2026-01-19
ORD-001319,customer0251@demo-retail.com,SKU-1050,1,17.29,2026-01-18
ORD-001320,customer0198@demo-retail.com,SKU-1016,6,126.53,2026-08-22
ORD-001321,customer0364@demo-retail.com,SKU-1066,1,98.82,2025-12-23
ORD-001322,customer0377@demo-retail.com,SKU-1055,6,59.59,2026-01-30
ORD-001323,customer0362@demo-retail.com,SKU-1081,2,88.5,2026-01-06
ORD-001324,customer0234@demo-retail.com,SKU-1078,1,181.67,2025-09-25
ORD-001325,customer0060@demo-retail.com,SKU-1002,2,164.25,2026-07-21
ORD-001326,customer0301@demo-retail.com,SKU-1091,1,77.67,2026-02-12
ORD-001327,customer0130@demo-retail.com,SKU-1055,2,59.59,2025-06-19
ORD-001328,customer0158@demo-retail.com,SKU-1076,2,200.92,2026-05-26
ORD-001329,customer0326@demo-retail.com,SKU-1014,4,53.53,2025-04-02
ORD-001330,customer0108@demo-retail.com,SKU-1096,3,31.37,2025-10-03
ORD-001331,customer0001@demo-retail.com,SKU-1063,2,59.41,2026-07-19
ORD-001332,customer0148@demo-retail.com,SKU-1084,3,67.4,2026-05-17
ORD-001333,customer0094@demo-retail.com,SKU-1063,4,52.58,2025-07-22
ORD-001334,customer0384@demo-retail.com,SKU-1008,1,49.82,2026-07-11
ORD-001335,customer0321@demo-retail.com,SKU-1057,2,183.91,2026-05-19
ORD-001336,customer0064@demo-retail.com,SKU-1049,1,120.73,2026-08-10
ORD-001337,customer0345@demo-retail.com,SKU-1063,1,49.9,2026-05-01
ORD-001338,customer0050@demo-retail.com,SKU-1006,3,16.28,2026-08-20
ORD-001339,customer0137@demo-retail.com,SKU-1098,1,82.52,2026-04-20
ORD-001340,customer0190@demo-retail.com,SKU-1044,3,163.76,2026-05-14
ORD-001341,customer0341@demo-retail.com,SKU-1047,4,170.24,2026-07-01
ORD-001342,customer0002@demo-retail.com,SKU-1013,1,106.86,2025-12-05
ORD-001343,customer0309@demo-retail.com,SKU-1004,3,24.08,2025-05-23
ORD-001344,customer0232@demo-retail.com,SKU-1048,1,172.36,2025-09-12
ORD-001345,customer0097@demo-retail.com,SKU-1085,96,20.48,2026-05-18
ORD-001346,customer0185@demo-retail.com,SKU-1082,2,143.77,2025-01-18
ORD-001347,customer0311@demo-retail.com,SKU-1030,4,21.41,2026-03-31
ORD-001348,customer0481@demo-retail.com,SKU-1055,3,59.59,2025-12-23
ORD-001349,customer0198@demo-retail.com,SKU-1094,1,181.98,2025-04-13
ORD-001350,customer0402@demo-retail.com,SKU-1074,3,138.79,2026-04-20
ORD-001351,customer0427@demo-retail.com,SKU-1039,8,172.42,2026-08-09
ORD-001352,customer0489@demo-retail.com,SKU-1058,3,143.75,2025-06-22
ORD-001353,customer0386@demo-retail.com,SKU-1022,5,19.15,2026-07-08
ORD-001354,customer0476@demo-retail.com,SKU-1021,5,37.38,2026-08-24
ORD-001355,customer0132@demo-retail.com,SKU-1093,1,65.65,2025-08-14
ORD-001356,customer0325@demo-retail.com,SKU-1069,1,108.37,2025-05-20
ORD-001357,customer0474@demo-retail.com,SKU-1099,3,163.0,2026-08-13
ORD-001358,customer0329@demo-retail.com,SKU-1084,2,78.72,2026-05-26
ORD-001359,customer0133@demo-retail.com,SKU-1029,5,24.73,2026-07-03
ORD-001360,customer0483@demo-retail.com,SKU-1096,6,31.37,2025-07-12
ORD-001361,customer0378@demo-retail.com,SKU-1074,10,138.79,2026-01-25
ORD-001362,customer0164@demo-retail.com,SKU-1055,1,59.59,2026-05-24
ORD-001363,customer0340@demo-retail.com,SKU-1067,4,36.93,2025-05-10
ORD-001364,customer0162@demo-retail.com,SKU-1059,1,179.16,2026-04-16
ORD-001365,customer0234@demo-retail.com,SKU-1088,5,146.2,2026-05-27
ORD-001366,customer0164@demo-retail.com,SKU-1077,2,42.14,2025-02-05
ORD-001367,customer0324@demo-retail.com,SKU-1062,3,78.14,2026-04-07
ORD-001368,customer0415@demo-retail.com,SKU-1008,1,49.82,2026-01-21
ORD-001369,customer0377@demo-retail.com,SKU-1090,3,206.84,2026-07-05
ORD-001370,customer0201@demo-retail.com,SKU-1094,2,181.98,2026-04-29
ORD-001371,customer0281@demo-retail.com,SKU-1003,3,44.45,2025-06-13
ORD-001372,customer0201@demo-retail.com,SKU-1097,1,199.29,2026-06-03
ORD-001373,customer0439@demo-retail.com,SKU-1090,4,175.51,2026-07-13
ORD-001374,customer0156@demo-retail.com,SKU-1091,5,68.06,2025-02-25
ORD-001375,customer0108@demo-retail.com,SKU-1019,1,75.36,2025-10-26
ORD-001376,customer0372@demo-retail.com,SKU-1047,1,156.25,2025-01-10
ORD-001377,customer0348@demo-retail.com,SKU-1055,1,59.59,2026-01-21
ORD-001378,customer0484@demo-retail.com,SKU-1023,3,65.83,2026-05-02
ORD-001379,customer0497@demo-retail.com,SKU-1056,3,72.27,2026-08-31
ORD-001380,customer0204@demo-retail.com,SKU-1031,3,92.84,2026-08-01
ORD-001381,customer0355@demo-retail.com,SKU-1100,1,196.51,2026-01-20
ORD-001382,customer0196@demo-retail.com,SKU-1084,2,78.72,2026-05-05
ORD-001383,customer0043@demo-retail.com,SKU-1015,3,135.22,2026-08-01
ORD-001384,customer0301@demo-retail.com,SKU-1003,2,44.45,2025-08-19
ORD-001385,customer0093@demo-retail.com,SKU-1076,10,200.92,2026-08-07
ORD-001386,customer0065@demo-retail.com,SKU-1074,1,129.95,2025-11-02
ORD-001387,customer0417@demo-retail.com,SKU-1052,4,77.39,2025-07-09
ORD-001388,customer0033@demo-retail.com,SKU-1063,2,59.41,2026-06-27
ORD-001389,customer0386@demo-retail.com,SKU-1097,2,199.29,2025-05-08
ORD-001390,customer0285@demo-retail.com,SKU-1001,4,89.9,2026-07-16
ORD-001391,customer0335@demo-retail.com,SKU-1027,4,207.42,2026-04-06
ORD-001392,customer0064@demo-retail.com,SKU-1011,10,139.27,2025-02-05
ORD-001393,customer0001@demo-retail.com,SKU-1085,1,19.29,2026-05-15
ORD-001394,customer0274@demo-retail.com,SKU-1085,1,20.48,2025-10-28
ORD-001395,customer0311@demo-retail.com,SKU-1046,4,36.88,2026-06-20
ORD-001396,customer0019@demo-retail.com,SKU-1031,3,92.84,2026-08-20
ORD-001397,customer0283@demo-retail.com,SKU-1078,1,217.02,2025-05-18
ORD-001398,customer0282@demo-retail.com,SKU-1010,1,101.84,2026-05-15
ORD-001399,customer0043@demo-retail.com,SKU-1059,1,179.16,2026-02-14
ORD-001400,customer0105@demo-retail.com,SKU-1069,6,119.91,2025-05-27
ORD-001401,customer0191@demo-retail.com,SKU-1092,1,204.34,2025-07-17
ORD-001402,customer0421@demo-retail.com,SKU-1054,2,97.36,2026-07-21
ORD-001403,customer0127@demo-retail.com,SKU-1078,1,177.2,2026-08-25
ORD-001404,customer0328@demo-retail.com,SKU-1043,2,76.68,2026-08-15
ORD-001405,customer0141@demo-retail.com,SKU-1029,1,30.41,2025-05-30
ORD-001406,customer0401@demo-retail.com,SKU-1014,2,48.67,2026-01-23
ORD-001407,customer0271@demo-retail.com,SKU-1013,1,106.86,2026-04-28
ORD-001408,customer0051@demo-retail.com,SKU-1078,4,204.43,2026-06-23
ORD-001409,customer0348@demo-retail.com,SKU-1095,1,122.17,2026-06-04
ORD-001410,customer0304@demo-retail.com,SKU-1062,3,68.53,2026-05-20
ORD-001411,customer0194@demo-retail.com,SKU-1019,5,75.36,2026-07-30
ORD-001412,customer0399@demo-retail.com,SKU-1091,3,82.94,2026-01-15
ORD-001413,customer0182@demo-retail.com,SKU-1057,3,205.38,2025-07-07
ORD-001414,customer0483@demo-retail.com,SKU-1067,2,36.93,2026-05-14
ORD-001415,customer0209@demo-retail.com,SKU-1040,2,86.56,2026-08-09
ORD-001416,customer0123@demo-retail.com,SKU-1094,3,147.15,2025-03-20
ORD-001417,customer0414@demo-retail.com,SKU-1064,10,182.15,2026-07-22
ORD-001418,customer0070@demo-retail.com,SKU-1094,3,181.98,2026-04-23
ORD-001419,customer0064@demo-retail.com,SKU-1090,3,206.84,2026-06-30
ORD-001420,customer0218@demo-retail.com,SKU-1092,4,204.34,2025-01-08
ORD-001421,customer0312@demo-retail.com,SKU-1088,2,146.2,2026-04-18
ORD-001422,customer0090@demo-retail.com,SKU-1029,1,30.41,2026-04-19
ORD-001423,customer0254@demo-retail.com,SKU-1055,3,59.59,2026-08-18
ORD-001424,customer0436@demo-retail.com,SKU-1070,8,74.04,2026-06-29
ORD-001425,customer0378@demo-retail.com,SKU-1001,1,89.9,2026-07-08
ORD-001426,customer0479@demo-retail.com,SKU-1005,4,137.03,2026-06-12
ORD-001427,customer0316@demo-retail.com,SKU-1001,1,89.9,2026-06-01
ORD-001428,customer0096@demo-retail.com,SKU-1093,3,56.76,2026-06-03
ORD-001429,customer0461@demo-retail.com,SKU-1066,1,86.28,2026-04-18
ORD-001430,customer0241@demo-retail.com,SKU-1029,2,30.41,2026-06-28
ORD-001431,customer0416@demo-retail.com,SKU-1069,4,119.91,2026-07-16
ORD-001432,customer0072@demo-retail.com,SKU-1021,2,37.38,2026-03-26
ORD-001433,customer0098@demo-retail.com,SKU-1015,3,116.72,2026-07-12
ORD-001434,customer0342@demo-retail.com,SKU-1021,4,37.38,2026-08-23
ORD-001435,customer0216@demo-retail.com,SKU-1016,6,138.37,2025-09-30
ORD-001436,customer0385@demo-retail.com,SKU-1042,1,80.83,2025-05-11
ORD-001437,customer0057@demo-retail.com,SKU-1017,2,25.53,2026-05-24
ORD-001438,customer0007@demo-retail.com,SKU-1065,1,13.45,2026-06-04
ORD-001439,customer0500@demo-retail.com,SKU-1055,10,51.96,2025-12-17
ORD-001440,customer0220@demo-retail.com,SKU-1098,6,72.34,2026-08-10
ORD-001441,customer0359@demo-retail.com,SKU-1034,3,41.31,2026-08-02
ORD-001442,customer0374@demo-retail.com,SKU-1090,5,206.84,2026-08-05
ORD-001443,customer0325@demo-retail.com,SKU-1081,3,76.13,2026-08-29
ORD-001444,customer0219@demo-retail.com,SKU-1019,3,75.36,2026-07-13
ORD-001445,customer0269@demo-retail.com,SKU-1053,1,200.77,2026-01-25
ORD-001446,customer0246@demo-retail.com,SKU-1055,4,59.59,2026-06-06
ORD-001447,customer0187@demo-retail.com,SKU-1035,1,27.51,2026-08-03
ORD-001448,customer0094@demo-retail.com,SKU-1007,5,168.8,2026-06-11
ORD-001449,customer0466@demo-retail.com,SKU-1036,4,172.63,2026-05-03
ORD-001450,customer0172@demo-retail.com,SKU-1047,4,136.54,2026-04-28
ORD-001451,customer0185@demo-retail.com,SKU-1043,1,76.68,2026-07-29
ORD-001452,customer0191@demo-retail.com,SKU-1078,2,217.02,2026-06-26
ORD-001453,customer0067@demo-retail.com,SKU-1014,1,53.53,2026-08-09
ORD-001454,customer0361@demo-retail.com,SKU-1025,2,118.34,2026-07-14
ORD-001455,customer0243@demo-retail.com,SKU-1093,1,65.65,2026-06-15
ORD-001456,customer0099@demo-retail.com,SKU-1017,6,25.53,2025-02-14
ORD-001457,customer0459@demo-retail.com,SKU-1045,3,196.54,2026-07-28
ORD-001458,customer0248@demo-retail.com,SKU-1009,2,75.28,2026-05-12
ORD-001459,customer0307@demo-retail.com,SKU-1022,2,19.15,2026-08-26
ORD-001460,customer0407@demo-retail.com,SKU-1008,2,49.82,2026-04-09
ORD-001461,customer0273@demo-retail.com,SKU-1088,3,146.2,2026-05-22
ORD-001462,customer0288@demo-retail.com,SKU-1050,2,17.29,2026-04-23
ORD-001463,customer0082@demo-retail.com,SKU-1001,6,89.9,2026-07-15
ORD-001464,customer0258@demo-retail.com,SKU-1059,2,179.16,2026-04-22
ORD-001465,customer0363@demo-retail.com,SKU-1038,10,132.57,2026-07-06
ORD-001466,customer0328@demo-retail.com,SKU-1006,5,16.28,2026-06-18
ORD-001467,customer0329@demo-retail.com,SKU-1007,1,185.15,2025-10-04
ORD-001468,customer0333@demo-retail.com,SKU-1001,6,89.9,2026-08-02
ORD-001469,customer0453@demo-retail.com,SKU-1091,1,82.94,2026-08-10
ORD-001470,customer0030@demo-retail.com,SKU-1042,5,68.97,2026-06-17
ORD-001471,customer0132@demo-retail.com,SKU-1023,2,65.83,2025-10-14
ORD-001472,customer0370@demo-retail.com,SKU-1014,5,53.53,2026-08-21
ORD-001473,customer0419@demo-retail.com,SKU-1027,5,207.42,2026-07-19
ORD-001474,customer0229@demo-retail.com,SKU-1020,4,154.32,2026-05-22
ORD-001475,customer0254@demo-retail.com,SKU-1012,4,72.77,2026-05-01
ORD-001476,customer0252@demo-retail.com,SKU-1073,2,71.25,2025-07-13
ORD-001477,customer0454@demo-retail.com,SKU-1021,1,37.38,2026-06-13
ORD-001478,customer0037@demo-retail.com,SKU-1019,2,75.36,2026-08-14
ORD-001479,customer0371@demo-retail.com,SKU-1013,1,106.86,2026-02-17
ORD-001480,customer0197@demo-retail.com,SKU-1049,4,120.73,2025-04-13
ORD-001481,customer0128@demo-retail.com,SKU-1017,2,25.53,2025-02-14
ORD-001482,customer0491@demo-retail.com,SKU-1002,8,164.25,2025-01-14
ORD-001483,customer0072@demo-retail.com,SKU-1026,3,213.67,2025-03-29
ORD-001484,customer0170@demo-retail.com,SKU-1040,5,86.56,2026-07-21
ORD-001485,customer0279@demo-retail.com,SKU-1081,1,88.5,2026-06-24
ORD-001486,customer0262@demo-retail.com,SKU-1014,5,53.53,2026-06-17
ORD-001487,customer0117@demo-retail.com,SKU-1004,6,21.63,2026-07-05
ORD-001488,customer0453@demo-retail.com,SKU-1088,2,146.2,2026-05-25
ORD-001489,customer0053@demo-retail.com,SKU-1029,3,30.41,2026-08-03
ORD-001490,customer0185@demo-retail.com,SKU-1016,4,138.37,2026-06-07
ORD-001491,customer0220@demo-retail.com,SKU-1023,1,65.83,2025-06-04
ORD-001492,customer0352@demo-retail.com,SKU-1086,2,152.93,2025-06-03
ORD-001493,customer0470@demo-retail.com,SKU-1035,2,27.51,2026-08-05
ORD-001494,customer0442@demo-retail.com,SKU-1001,1,80.76,2026-08-12
ORD-001495,customer0370@demo-retail.com,SKU-1058,2,143.75,2026-05-24
ORD-001496,customer0219@demo-retail.com,SKU-1074,1,138.79,2025-04-26
ORD-001497,customer0393@demo-retail.com,SKU-1024,1,76.84,2026-07-30
ORD-001498,customer0407@demo-retail.com,SKU-1078,1,204.35,2026-05-18
ORD-001499,customer0282@demo-retail.com,SKU-1054,8,97.36,2026-01-28
ORD-001500,customer0043@demo-retail.com,SKU-1050,3,17.29,2026-07-04
ORD-001501,customer0045@demo-retail.com,SKU-1090,8,196.31,2026-07-06
ORD-001502,customer0491@demo-retail.com,SKU-1061,2,168.56,2026-04-11
ORD-001503,customer0236@demo-retail.com,SKU-1038,2,159.03,2026-07-27
ORD-001504,customer0108@demo-retail.com,SKU-1032,2,151.32,2026-03-08
ORD-001505,customer0376@demo-retail.com,SKU-1049,2,120.73,2025-05-27
ORD-001506,customer0298@demo-retail.com,SKU-1085,1,20.48,2026-08-04
ORD-001507,customer0188@demo-retail.com,SKU-1019,3,75.36,2025-01-31
ORD-001508,customer0392@demo-retail.com,SKU-1020,1,154.32,2026-05-17
ORD-001509,customer0211@demo-retail.com,SKU-1061,3,179.95,2025-11-03
ORD-001510,customer0057@demo-retail.com,SKU-1037,3,13.15,2025-01-14
ORD-001511,customer0083@demo-retail.com,SKU-1065,1,13.45,2026-07-18
ORD-001512,customer0365@demo-retail.com,SKU-1071,1,212.19,2026-04-11
ORD-001513,customer0477@demo-retail.com,SKU-1055,4,59.59,2026-07-04
ORD-001514,customer0109@demo-retail.com,SKU-1096,2,26.94,2026-07-30
ORD-001515,customer0431@demo-retail.com,SKU-1078,1,217.02,2026-07-27
ORD-001516,customer0085@demo-retail.com,SKU-1049,10,120.73,2026-05-20
ORD-001517,customer0054@demo-retail.com,SKU-1014,1,53.53,2026-06-23
ORD-001518,customer0145@demo-retail.com,SKU-1031,4,77.22,2025-01-29
ORD-001519,customer0283@demo-retail.com,SKU-1025,10,125.72,2026-06-13
ORD-001520,customer0290@demo-retail.com,SKU-1073,1,71.25,2026-08-10
ORD-001521,customer0048@demo-retail.com,SKU-1041,1,163.47,2026-08-19
ORD-001522,customer0100@demo-retail.com,SKU-1065,1,13.45,2026-05-22
ORD-001523,customer0346@demo-retail.com,SKU-1090,2,206.84,2026-07-29
ORD-001524,customer0414@demo-retail.com,SKU-1065,1,12.37,2025-04-14
ORD-001525,customer0083@demo-retail.com,SKU-1038,4,159.03,2026-08-22
ORD-001526,customer0119@demo-retail.com,SKU-1092,1,204.34,2025-04-06
ORD-001527,customer0265@demo-retail.com,SKU-1065,2,13.45,2025-06-14
ORD-001528,customer0403@demo-retail.com,SKU-1058,10,143.75,2026-06-05
ORD-001529,customer0457@demo-retail.com,SKU-1006,5,16.28,2026-03-18
ORD-001530,customer0291@demo-retail.com,SKU-1020,3,154.32,2026-08-12
ORD-001531,customer0446@demo-retail.com,SKU-1099,2,163.0,2025-05-27
ORD-001532,customer0049@demo-retail.com,SKU-1064,3,153.8,2025-03-31
ORD-001533,customer0181@demo-retail.com,SKU-1047,3,155.9,2026-04-06
ORD-001534,customer0391@demo-retail.com,SKU-1033,2,70.43,2026-05-02
ORD-001535,customer0250@demo-retail.com,SKU-1073,1,71.25,2026-07-31
ORD-001536,customer0188@demo-retail.com,SKU-1057,5,205.38,2026-07-29
ORD-001537,customer0212@demo-retail.com,SKU-1088,2,146.2,2026-08-10
ORD-001538,customer0330@demo-retail.com,SKU-1080,1,61.43,2025-02-13
ORD-001539,customer0080@demo-retail.com,SKU-1002,2,164.25,2026-07-29
ORD-001540,customer0115@demo-retail.com,SKU-1010,2,101.84,2026-05-21
ORD-001541,customer0329@demo-retail.com,SKU-1060,5,197.65,2026-05-04
ORD-001542,customer0056@demo-retail.com,SKU-1094,4,181.98,2026-07-16
ORD-001543,customer0169@demo-retail.com,SKU-1052,4,77.39,2025-07-24
ORD-001544,customer0380@demo-retail.com,SKU-1090,1,206.84,2026-07-08
ORD-001545,customer0075@demo-retail.com,SKU-1061,2,179.95,2026-07-23
ORD-001546,customer0480@demo-retail.com,SKU-1008,2,49.82,2026-05-26
ORD-001547,customer0109@demo-retail.com,SKU-1007,1,185.15,2025-08-07
ORD-001548,customer0326@demo-retail.com,SKU-1033,1,59.24,2025-10-04
ORD-001549,customer0269@demo-retail.com,SKU-1054,4,97.36,2026-05-08
ORD-001550,customer0459@demo-retail.com,SKU-1012,1,72.77,2026-08-18
ORD-001551,customer0179@demo-retail.com,SKU-1026,3,213.67,2025-06-18
ORD-001552,customer0224@demo-retail.com,SKU-1090,1,206.84,2026-07-21
ORD-001553,customer0401@demo-retail.com,SKU-1072,1,115.43,2026-08-29
ORD-001554,customer0075@demo-retail.com,SKU-1079,1,151.8,2026-08-16
ORD-001555,customer0078@demo-retail.com,SKU-1002,8,164.25,2025-11-21
ORD-001556,customer0406@demo-retail.com,SKU-1015,4,135.22,2026-06-11
ORD-001557,customer0483@demo-retail.com,SKU-1058,8,124.69,2026-08-31
ORD-001558,customer0112@demo-retail.com,SKU-1005,2,137.03,2025-04-10
ORD-001559,customer0194@demo-retail.com,SKU-1077,1,42.14,2025-06-20
ORD-001560,customer0190@demo-retail.com,SKU-1002,3,153.49,2026-04-06
ORD-001561,customer0256@demo-retail.com,SKU-1090,2,206.84,2026-07-31
ORD-001562,customer0219@demo-retail.com,SKU-1070,5,87.63,2026-06-02
ORD-001563,customer0220@demo-retail.com,SKU-1059,1,179.16,2026-07-17
ORD-001564,customer0146@demo-retail.com,SKU-1049,2,120.73,2026-05-12
ORD-001565,customer0318@demo-retail.com,SKU-1090,1,206.84,2026-06-20
ORD-001566,customer0046@demo-retail.com,SKU-1014,2,53.53,2026-08-09
ORD-001567,customer0385@demo-retail.com,SKU-1096,4,31.37,2026-04-26
ORD-001568,customer0413@demo-retail.com,SKU-1075,2,22.71,2026-05-31
ORD-001569,customer0233@demo-retail.com,SKU-1100,2,182.45,2026-07-05
ORD-001570,customer0212@demo-retail.com,SKU-1060,2,197.65,2025-12-26
ORD-001571,customer0482@demo-retail.com,SKU-1001,2,89.9,2026-02-10
ORD-001572,customer0430@demo-retail.com,SKU-1040,4,86.56,2026-06-25
ORD-001573,customer0017@demo-retail.com,SKU-1054,6,83.36,2025-01-05
ORD-001574,customer0088@demo-retail.com,SKU-1043,8,76.68,2025-11-22
ORD-001575,customer0316@demo-retail.com,SKU-1025,4,125.72,2026-05-23
ORD-001576,customer0066@demo-retail.com,SKU-1055,2,59.59,2026-08-15
ORD-001577,customer0265@demo-retail.com,SKU-1041,3,191.53,2026-02-17
ORD-001578,customer0061@demo-retail.com,SKU-1065,2,13.45,2025-05-10
ORD-001579,customer0082@demo-retail.com,SKU-1071,1,212.19,2025-09-24
ORD-001580,customer0322@demo-retail.com,SKU-1002,5,146.63,2026-05-12
ORD-001581,customer0196@demo-retail.com,SKU-1074,1,138.79,2026-08-11
ORD-001582,customer0123@demo-retail.com,SKU-1024,6,76.84,2026-01-02
ORD-001583,customer0400@demo-retail.com,SKU-1093,2,65.65,2026-06-30
ORD-001584,customer0043@demo-retail.com,SKU-1036,3,172.63,2026-08-18
ORD-001585,customer0057@demo-retail.com,SKU-1014,3,53.53,2026-08-17
ORD-001586,customer0459@demo-retail.com,SKU-1034,6,38.28,2026-06-20
ORD-001587,customer0052@demo-retail.com,SKU-1051,3,15.04,2025-08-01
ORD-001588,customer0352@demo-retail.com,SKU-1027,3,207.42,2025-03-20
ORD-001589,customer0093@demo-retail.com,SKU-1021,1,37.38,2026-04-07
ORD-001590,customer0500@demo-retail.com,SKU-1016,2,138.37,2025-02-02
ORD-001591,customer0082@demo-retail.com,SKU-1001,1,89.9,2026-07-14
ORD-001592,customer0012@demo-retail.com,SKU-1069,4,119.91,2026-08-24
ORD-001593,customer0461@demo-retail.com,SKU-1015,2,135.22,2026-05-30
ORD-001594,customer0141@demo-retail.com,SKU-1035,3,27.51,2026-07-30
ORD-001595,customer0151@demo-retail.com,SKU-1084,1,78.72,2026-04-12
ORD-001596,customer0129@demo-retail.com,SKU-1025,1,125.72,2026-05-21
ORD-001597,customer0053@demo-retail.com,SKU-1051,4,18.54,2025-10-15
ORD-001598,customer0250@demo-retail.com,SKU-1093,1,65.65,2026-07-10
ORD-001599,customer0319@demo-retail.com,SKU-1041,1,191.53,2026-06-23
ORD-001600,customer0460@demo-retail.com,SKU-1048,1,142.21,2026-06-02
ORD-001601,customer0301@demo-retail.com,SKU-1033,8,70.43,2026-04-23
ORD-001602,customer0204@demo-retail.com,SKU-1046,4,31.29,2026-06-28
ORD-001603,customer0038@demo-retail.com,SKU-1032,2,184.38,2026-01-02
ORD-001604,customer0005@demo-retail.com,SKU-1016,2,117.52,2026-06-12
ORD-001605,customer0288@demo-retail.com,SKU-1030,2,21.41,2026-06-10
ORD-001606,customer0288@demo-retail.com,SKU-1014,4,53.53,2026-07-07
ORD-001607,customer0458@demo-retail.com,SKU-1074,3,138.79,2025-03-18
ORD-001608,customer0101@demo-retail.com,SKU-1026,1,213.67,2026-06-11
ORD-001609,customer0062@demo-retail.com,SKU-1054,1,82.66,2026-06-22
ORD-001610,customer0146@demo-retail.com,SKU-1003,1,44.45,2026-04-06
ORD-001611,customer0146@demo-retail.com,SKU-1060,3,197.65,2026-08-30
ORD-001612,customer0021@demo-retail.com,SKU-1068,4,181.17,2026-04-17
ORD-001613,customer0155@demo-retail.com,SKU-1093,1,65.65,2026-03-02
ORD-001614,customer0161@demo-retail.com,SKU-1100,1,166.01,2026-04-11
ORD-001615,customer0496@demo-retail.com,SKU-1083,1,30.78,2026-05-21
ORD-001616,customer0115@demo-retail.com,SKU-1004,8,19.64,2025-04-16
ORD-001617,customer0088@demo-retail.com,SKU-1029,2,30.41,2026-05-12
ORD-001618,customer0479@demo-retail.com,SKU-1001,4,83.83,2026-07-05
ORD-001619,customer0039@demo-retail.com,SKU-1039,3,172.42,2026-08-19
ORD-001620,customer0358@demo-retail.com,SKU-1035,2,23.91,2026-01-24
ORD-001621,customer0300@demo-retail.com,SKU-1097,1,199.29,2026-07-25
ORD-001622,customer0063@demo-retail.com,SKU-1086,1,152.93,2026-05-09
ORD-001623,customer0165@demo-retail.com,SKU-1036,3,172.63,2026-04-28
ORD-001624,customer0043@demo-retail.com,SKU-1092,4,204.34,2026-06-17
ORD-001625,customer0040@demo-retail.com,SKU-1089,3,155.72,2026-07-10
ORD-001626,customer0420@demo-retail.com,SKU-1060,3,197.65,2026-07-07
ORD-001627,customer0440@demo-retail.com,SKU-1066,1,98.82,2026-04-18
ORD-001628,customer0055@demo-retail.com,SKU-1065,8,13.45,2025-06-07
ORD-001629,customer0263@demo-retail.com,SKU-1080,4,61.43,2026-05-08
ORD-001630,customer0352@demo-retail.com,SKU-1022,2,19.15,2026-05-15
ORD-001631,customer0449@demo-retail.com,SKU-1060,8,158.61,2025-05-31
ORD-001632,customer0244@demo-retail.com,SKU-1004,3,24.08,2026-06-24
ORD-001633,customer0182@demo-retail.com,SKU-1011,3,121.91,2026-04-13
ORD-001634,customer0140@demo-retail.com,SKU-1057,4,176.09,2026-08-18
ORD-001635,customer0097@demo-retail.com,SKU-1038,5,159.03,2025-07-18
ORD-001636,customer0222@demo-retail.com,SKU-1067,3,30.92,2026-04-27
ORD-001637,customer0459@demo-retail.com,SKU-1007,1,185.15,2026-08-02
ORD-001638,customer0116@demo-retail.com,SKU-1036,2,172.63,2026-08-06
ORD-001639,customer0113@demo-retail.com,SKU-1013,6,106.86,2026-05-23
ORD-001640,customer0403@demo-retail.com,SKU-1022,1,19.15,2026-07-10
ORD-001641,customer0002@demo-retail.com,SKU-1094,2,181.98,2025-10-22
ORD-001642,customer0157@demo-retail.com,SKU-1095,2,122.17,2026-05-04
ORD-001643,customer0096@demo-retail.com,SKU-1022,2,19.15,2026-08-14
ORD-001644,customer0172@demo-retail.com,SKU-1055,3,59.59,2026-05-01
ORD-001645,customer0390@demo-retail.com,SKU-1087,8,118.52,2025-06-24
ORD-001646,customer0251@demo-retail.com,SKU-1001,1,89.9,2026-08-21
ORD-001647,customer0349@demo-retail.com,SKU-1073,1,71.25,2026-08-27
ORD-001648,customer0076@demo-retail.com,SKU-1097,1,183.46,2026-07-20
ORD-001649,customer0180@demo-retail.com,SKU-1095,5,122.17,2026-04-28
ORD-001650,customer0007@demo-retail.com,SKU-1059,3,179.16,2026-05-30
ORD-001651,customer0340@demo-retail.com,SKU-1100,2,196.51,2026-04-21
ORD-001652,customer0352@demo-retail.com,SKU-1035,5,27.51,2026-08-03
ORD-001653,customer0338@demo-retail.com,SKU-1029,5,30.41,2026-05-18
ORD-001654,customer0357@demo-retail.com,SKU-1095,5,122.17,2026-04-06
ORD-001655,customer0328@demo-retail.com,SKU-1049,6,120.73,2025-07-18
ORD-001656,customer0491@demo-retail.com,SKU-1058,1,134.63,2026-07-12
ORD-001657,customer0302@demo-retail.com,SKU-1051,4,18.54,2026-06-08
ORD-001658,customer0267@demo-retail.com,SKU-1075,2,22.71,2026-08-21
ORD-001659,customer0496@demo-retail.com,SKU-1073,5,71.25,2026-05-07
ORD-001660,customer0475@demo-retail.com,SKU-1064,4,182.15,2026-08-29
ORD-001661,customer0286@demo-retail.com,SKU-1080,4,61.43,2026-06-18
ORD-001662,customer0233@demo-retail.com,SKU-1002,3,164.25,2026-06-17
ORD-001663,customer0157@demo-retail.com,SKU-1063,8,59.41,2026-08-18
ORD-001664,customer0180@demo-retail.com,SKU-1018,3,212.85,2026-06-28
ORD-001665,customer0489@demo-retail.com,SKU-1020,10,154.32,2026-04-10
ORD-001666,customer0300@demo-retail.com,SKU-1056,6,72.27,2025-07-21
ORD-001667,customer0416@demo-retail.com,SKU-1032,1,184.38,2026-06-02
ORD-001668,customer0472@demo-retail.com,SKU-1034,1,41.31,2026-08-06
ORD-001669,customer0072@demo-retail.com,SKU-1075,1,22.71,2026-06-10
ORD-001670,customer0155@demo-retail.com,SKU-1026,4,213.67,2026-04-12
ORD-001671,customer0094@demo-retail.com,SKU-1070,5,87.63,2026-04-18
ORD-001672,customer0227@demo-retail.com,SKU-1068,1,208.13,2026-07-27
ORD-001673,customer0182@demo-retail.com,SKU-1060,2,197.65,2026-01-02
ORD-001674,customer0014@demo-retail.com,SKU-1072,5,115.43,2026-08-24
ORD-001675,customer0298@demo-retail.com,SKU-1032,4,162.53,2025-11-06
ORD-001676,customer0387@demo-retail.com,SKU-1007,3,166.73,2026-06-17
ORD-001677,customer0430@demo-retail.com,SKU-1059,3,165.63,2026-04-21
ORD-001678,customer0050@demo-retail.com,SKU-1077,2,42.14,2025-12-08
ORD-001679,customer0380@demo-retail.com,SKU-1016,2,138.37,2025-03-04
ORD-001680,customer0074@demo-retail.com,SKU-1067,3,36.93,2025-07-29
ORD-001681,customer0322@demo-retail.com,SKU-1039,3,172.42,2026-07-23
ORD-001682,customer0353@demo-retail.com,SKU-1080,5,50.55,2026-04-29
ORD-001683,customer0127@demo-retail.com,SKU-1013,3,106.86,2026-06-17
ORD-001684,customer0029@demo-retail.com,SKU-1051,4,18.54,2026-03-31
ORD-001685,customer0431@demo-retail.com,SKU-1031,1,92.84,2026-07-15
ORD-001686,customer0316@demo-retail.com,SKU-1085,2,16.45,2026-05-11
ORD-001687,customer0262@demo-retail.com,SKU-1022,1,19.15,2026-07-01
ORD-001688,customer0342@demo-retail.com,SKU-1038,1,159.03,2026-06-18
ORD-001689,customer0198@demo-retail.com,SKU-1051,4,15.99,2026-06-22
ORD-001690,customer0235@demo-retail.com,SKU-1037,10,13.15,2026-08-24
ORD-001691,customer0334@demo-retail.com,SKU-1083,1,30.78,2026-08-23
ORD-001692,customer0240@demo-retail.com,SKU-1018,2,212.85,2026-06-02
ORD-001693,customer0257@demo-retail.com,SKU-1046,4,36.88,2026-07-22
ORD-001694,customer0263@demo-retail.com,SKU-1050,1,17.29,2026-04-19
ORD-001695,customer0236@demo-retail.com,SKU-1044,3,163.76,2026-04-09
ORD-001696,customer0035@demo-retail.com,SKU-1051,4,18.54,2026-06-15
ORD-001697,customer0338@demo-retail.com,SKU-1078,3,217.02,2026-05-03
ORD-001698,customer0067@demo-retail.com,SKU-1034,1,41.31,2026-04-19
ORD-001699,customer0425@demo-retail.com,SKU-1080,2,57.0,2026-04-04
ORD-001700,customer0055@demo-retail.com,SKU-1086,4,152.93,2026-08-07
ORD-001701,customer0414@demo-retail.com,SKU-1099,3,163.0,2026-07-03
ORD-001702,customer0457@demo-retail.com,SKU-1094,1,181.98,2026-07-18
ORD-001703,customer0129@demo-retail.com,SKU-1079,4,151.8,2025-03-05
ORD-001704,customer0324@demo-retail.com,SKU-1078,1,217.02,2026-05-28
ORD-001705,customer0069@demo-retail.com,SKU-1049,4,120.73,2026-05-08
ORD-001706,customer0225@demo-retail.com,SKU-1063,1,59.41,2026-06-28
ORD-001707,customer0415@demo-retail.com,SKU-1068,8,167.26,2026-03-21
ORD-001708,customer0018@demo-retail.com,SKU-1027,2,207.42,2025-04-09
ORD-001709,customer0280@demo-retail.com,SKU-1073,2,71.25,2026-05-19
ORD-001710,customer0098@demo-retail.com,SKU-1064,1,182.15,2026-06-25
ORD-001711,customer0317@demo-retail.com,SKU-1046,2,36.88,2026-06-02
ORD-001712,customer0321@demo-retail.com,SKU-1055,5,48.37,2026-03-26
ORD-001713,customer0061@demo-retail.com,SKU-1013,10,94.15,2025-11-02
ORD-001714,customer0200@demo-retail.com,SKU-1033,2,65.55,2026-06-18
ORD-001715,customer0295@demo-retail.com,SKU-1069,2,119.91,2025-03-18
ORD-001716,customer0317@demo-retail.com,SKU-1052,4,77.39,2026-06-13
ORD-001717,customer0335@demo-retail.com,SKU-1034,5,41.31,2026-05-03
ORD-001718,customer0031@demo-retail.com,SKU-1098,3,82.52,2026-06-07
ORD-001719,customer0253@demo-retail.com,SKU-1031,2,92.84,2025-03-05
ORD-001720,customer0037@demo-retail.com,SKU-1045,2,196.54,2025-02-06
ORD-001721,customer0246@demo-retail.com,SKU-1071,4,212.19,2026-08-11
ORD-001722,customer0260@demo-retail.com,SKU-1064,1,182.15,2026-08-22
ORD-001723,customer0477@demo-retail.com,SKU-1003,3,44.45,2026-07-04
ORD-001724,customer0441@demo-retail.com,SKU-1078,2,217.02,2026-07-02
ORD-001725,customer0199@demo-retail.com,SKU-1007,4,185.15,2026-04-30
ORD-001726,customer0071@demo-retail.com,SKU-1071,1,189.35,2026-05-14
ORD-001727,customer0176@demo-retail.com,SKU-1025,3,104.95,2025-12-27
ORD-001728,customer0383@demo-retail.com,SKU-1053,2,200.77,2026-07-04
ORD-001729,customer0448@demo-retail.com,SKU-1002,3,164.25,2026-08-20
ORD-001730,customer0093@demo-retail.com,SKU-1057,1,205.38,2026-07-30
ORD-001731,customer0067@demo-retail.com,SKU-1038,3,159.03,2026-06-30
ORD-001732,customer0129@demo-retail.com,SKU-1010,3,101.84,2026-08-12
ORD-001733,customer0228@demo-retail.com,SKU-1029,3,30.41,2026-01-01
ORD-001734,customer0126@demo-retail.com,SKU-1084,3,78.72,2025-10-27
ORD-001735,customer0028@demo-retail.com,SKU-1014,3,53.53,2026-05-31
ORD-001736,customer0041@demo-retail.com,SKU-1036,4,163.38,2026-05-13
ORD-001737,customer0063@demo-retail.com,SKU-1027,1,207.42,2026-04-12
ORD-001738,customer0226@demo-retail.com,SKU-1090,5,206.84,2026-07-02
ORD-001739,customer0139@demo-retail.com,SKU-1005,2,137.03,2026-04-26
ORD-001740,customer0143@demo-retail.com,SKU-1008,1,49.82,2025-03-28
ORD-001741,customer0228@demo-retail.com,SKU-1050,1,17.29,2026-05-26
ORD-001742,customer0027@demo-retail.com,SKU-1069,2,109.65,2026-05-13
ORD-001743,customer0415@demo-retail.com,SKU-1034,4,41.31,2025-12-11
ORD-001744,customer0401@demo-retail.com,SKU-1055,4,59.59,2026-05-12
ORD-001745,customer0199@demo-retail.com,SKU-1071,4,212.19,2026-08-04
ORD-001746,customer0218@demo-retail.com,SKU-1060,2,197.65,2026-04-17
ORD-001747,customer0240@demo-retail.com,SKU-1049,2,120.73,2026-07-21
ORD-001748,customer0410@demo-retail.com,SKU-1036,1,172.63,2026-08-28
ORD-001749,customer0173@demo-retail.com,SKU-1038,2,133.77,2026-07-10
ORD-001750,customer0415@demo-retail.com,SKU-1084,2,66.6,2026-06-28
ORD-001751,customer0228@demo-retail.com,SKU-1023,1,65.83,2025-09-28
ORD-001752,customer0327@demo-retail.com,SKU-1062,1,78.14,2026-06-01
ORD-001753,customer0460@demo-retail.com,SKU-1036,3,172.63,2026-08-11
ORD-001754,customer0393@demo-retail.com,SKU-1034,4,41.31,2026-07-16
ORD-001755,customer0090@demo-retail.com,SKU-1081,10,88.5,2026-07-04
ORD-001756,customer0020@demo-retail.com,SKU-1084,6,78.72,2026-08-02
ORD-001757,customer0284@demo-retail.com,SKU-1006,3,14.77,2026-06-11
ORD-001758,customer0348@demo-retail.com,SKU-1003,2,44.45,2026-06-27
ORD-001759,customer0121@demo-retail.com,SKU-1077,3,36.52,2026-08-20
ORD-001760,customer0167@demo-retail.com,SKU-1027,4,207.42,2026-07-02
ORD-001761,customer0219@demo-retail.com,SKU-1083,1,26.13,2025-03-15
ORD-001762,customer0460@demo-retail.com,SKU-1053,2,200.77,2025-12-10
ORD-001763,customer0189@demo-retail.com,SKU-1021,5,37.38,2025-02-01
ORD-001764,customer0312@demo-retail.com,SKU-1014,2,53.53,2025-01-27
ORD-001765,customer0365@demo-retail.com,SKU-1075,3,22.71,2026-06-05
ORD-001766,customer0372@demo-retail.com,SKU-1085,3,20.48,2025-02-03
ORD-001767,customer0290@demo-retail.com,SKU-1029,1,30.41,2025-03-21
ORD-001768,customer0376@demo-retail.com,SKU-1069,2,119.91,2026-05-16
ORD-001769,customer0269@demo-retail.com,SKU-1085,2,20.48,2026-04-29
ORD-001770,customer0467@demo-retail.com,SKU-1038,1,159.03,2026-04-06
ORD-001771,customer0234@demo-retail.com,SKU-1030,1,21.41,2026-01-06
ORD-001772,customer0491@demo-retail.com,SKU-1094,5,181.98,2026-04-01
ORD-001773,customer0469@demo-retail.com,SKU-1010,1,101.84,2026-04-24
ORD-001774,customer0292@demo-retail.com,SKU-1030,2,21.41,2026-05-16
ORD-001775,customer0466@demo-retail.com,SKU-1100,2,196.51,2025-09-08
ORD-001776,customer0175@demo-retail.com,SKU-1037,8,11.35,2026-06-26
ORD-001777,customer0324@demo-retail.com,SKU-1064,1,182.15,2026-08-13
ORD-001778,customer0086@demo-retail.com,SKU-1002,2,164.25,2026-05-07
ORD-001779,customer0052@demo-retail.com,SKU-1096,5,27.13,2026-05-03
ORD-001780,customer0264@demo-retail.com,SKU-1017,5,25.53,2025-03-16
ORD-001781,customer0206@demo-retail.com,SKU-1017,1,25.53,2025-12-29
ORD-001782,customer0303@demo-retail.com,SKU-1044,4,148.75,2026-06-06
ORD-001783,customer0467@demo-retail.com,SKU-1058,2,143.75,2026-06-02
ORD-001784,customer0245@demo-retail.com,SKU-1097,2,199.29,2025-10-24
ORD-001785,customer0043@demo-retail.com,SKU-1066,1,87.85,2026-08-27
ORD-001786,customer0165@demo-retail.com,SKU-1049,1,120.73,2026-04-10
ORD-001787,customer0153@demo-retail.com,SKU-1030,4,18.79,2026-08-07
ORD-001788,customer0147@demo-retail.com,SKU-1055,2,59.59,2026-04-23
ORD-001789,customer0417@demo-retail.com,SKU-1006,2,16.28,2026-07-26
ORD-001790,customer0143@demo-retail.com,SKU-1067,4,36.93,2026-03-17
ORD-001791,customer0061@demo-retail.com,SKU-1022,4,19.15,2026-06-20
ORD-001792,customer0481@demo-retail.com,SKU-1037,1,13.15,2026-07-19
ORD-001793,customer0143@demo-retail.com,SKU-1086,3,152.93,2025-08-26
ORD-001794,customer0307@demo-retail.com,SKU-1004,1,24.08,2025-06-22
ORD-001795,customer0251@demo-retail.com,SKU-1001,4,74.66,2026-07-13
ORD-001796,customer0375@demo-retail.com,SKU-1055,3,51.73,2026-08-08
ORD-001797,customer0456@demo-retail.com,SKU-1057,8,205.38,2025-05-03
ORD-001798,customer0343@demo-retail.com,SKU-1094,1,181.98,2025-10-13
ORD-001799,customer0039@demo-retail.com,SKU-1094,1,181.98,2026-07-06
ORD-001800,customer0398@demo-retail.com,SKU-1087,2,118.52,2026-04-22
ORD-001801,customer0052@demo-retail.com,SKU-1056,1,72.27,2025-02-09
ORD-001802,customer0429@demo-retail.com,SKU-1085,1,18.33,2026-04-11
ORD-001803,customer0193@demo-retail.com,SKU-1076,6,200.92,2026-07-27
ORD-001804,customer0249@demo-retail.com,SKU-1020,1,154.32,2026-05-03
ORD-001805,customer0449@demo-retail.com,SKU-1082,1,143.77,2026-07-12
ORD-001806,customer0223@demo-retail.com,SKU-1001,4,89.9,2025-08-08
ORD-001807,customer0215@demo-retail.com,SKU-1005,2,137.03,2026-07-17
ORD-001808,customer0179@demo-retail.com,SKU-1082,4,143.77,2025-08-29
ORD-001809,customer0449@demo-retail.com,SKU-1030,1,21.41,2026-06-16
ORD-001810,customer0183@demo-retail.com,SKU-1077,2,42.14,2026-02-06
ORD-001811,customer0497@demo-retail.com,SKU-1054,1,97.36,2026-06-19
ORD-001812,customer0490@demo-retail.com,SKU-1060,1,178.78,2026-07-17
ORD-001813,customer0308@demo-retail.com,SKU-1063,6,59.41,2026-05-11
ORD-001814,customer0456@demo-retail.com,SKU-1028,1,136.36,2026-04-24
ORD-001815,customer0346@demo-retail.com,SKU-1034,3,41.31,2026-06-10
ORD-001816,customer0468@demo-retail.com,SKU-1034,2,41.31,2026-05-21
ORD-001817,customer0230@demo-retail.com,SKU-1040,2,86.56,2026-08-20
ORD-001818,customer0321@demo-retail.com,SKU-1100,6,196.51,2026-07-10
ORD-001819,customer0277@demo-retail.com,SKU-1078,1,217.02,2026-07-29
ORD-001820,customer0361@demo-retail.com,SKU-1100,3,196.51,2025-04-03
ORD-001821,customer0026@demo-retail.com,SKU-1084,8,78.72,2025-03-06
ORD-001822,customer0203@demo-retail.com,SKU-1069,3,119.91,2026-07-22
ORD-001823,customer0212@demo-retail.com,SKU-1043,6,76.68,2026-01-18
ORD-001824,customer0387@demo-retail.com,SKU-1003,1,38.21,2025-02-06
ORD-001825,customer0155@demo-retail.com,SKU-1037,2,13.15,2026-07-22
ORD-001826,customer0384@demo-retail.com,SKU-1035,1,27.51,2025-02-04
ORD-001827,customer0449@demo-retail.com,SKU-1095,4,99.09,2025-05-15
ORD-001828,customer0008@demo-retail.com,SKU-1003,10,44.45,2026-03-02
ORD-001829,customer0302@demo-retail.com,SKU-1095,1,122.17,2025-04-08
ORD-001830,customer0218@demo-retail.com,SKU-1042,3,67.99,2026-06-13
ORD-001831,customer0296@demo-retail.com,SKU-1084,1,78.72,2026-06-25
ORD-001832,customer0143@demo-retail.com,SKU-1072,3,115.43,2026-05-19
ORD-001833,customer0009@demo-retail.com,SKU-1049,2,120.73,2026-06-30
ORD-001834,customer0056@demo-retail.com,SKU-1092,8,204.34,2026-07-14
ORD-001835,customer0190@demo-retail.com,SKU-1058,3,121.7,2026-07-03
ORD-001836,customer0288@demo-retail.com,SKU-1013,2,106.86,2026-08-10
ORD-001837,customer0073@demo-retail.com,SKU-1011,1,139.27,2026-06-29
ORD-001838,customer0120@demo-retail.com,SKU-1098,1,82.52,2026-04-08
ORD-001839,customer0019@demo-retail.com,SKU-1020,1,154.32,2026-06-06
ORD-001840,customer0354@demo-retail.com,SKU-1035,1,27.51,2026-08-30
ORD-001841,customer0492@demo-retail.com,SKU-1041,5,191.53,2026-04-26
ORD-001842,customer0440@demo-retail.com,SKU-1072,3,115.43,2026-06-11
ORD-001843,customer0040@demo-retail.com,SKU-1090,3,206.84,2026-03-12
ORD-001844,customer0102@demo-retail.com,SKU-1022,1,19.15,2026-07-31
ORD-001845,customer0088@demo-retail.com,SKU-1064,5,182.15,2026-05-15
ORD-001846,customer0205@demo-retail.com,SKU-1054,4,92.43,2026-04-13
ORD-001847,customer0166@demo-retail.com,SKU-1067,1,36.93,2025-10-05
ORD-001848,customer0268@demo-retail.com,SKU-1038,4,159.03,2025-05-25
ORD-001849,customer0310@demo-retail.com,SKU-1067,3,36.93,2026-01-16
ORD-001850,customer0269@demo-retail.com,SKU-1022,1,19.15,2025-05-19
ORD-001851,customer0241@demo-retail.com,SKU-1020,2,154.32,2026-07-17
ORD-001852,customer0356@demo-retail.com,SKU-1026,2,213.67,2026-07-14
ORD-001853,customer0081@demo-retail.com,SKU-1077,1,42.14,2026-05-04
ORD-001854,customer0008@demo-retail.com,SKU-1081,8,88.5,2025-12-20
ORD-001855,customer0374@demo-retail.com,SKU-1075,5,22.71,2026-03-13
ORD-001856,customer0278@demo-retail.com,SKU-1072,3,115.43,2026-06-27
ORD-001857,customer0111@demo-retail.com,SKU-1094,2,181.98,2026-08-05
ORD-001858,customer0331@demo-retail.com,SKU-1076,2,200.92,2026-04-20
ORD-001859,customer0142@demo-retail.com,SKU-1078,3,217.02,2026-08-30
ORD-001860,customer0087@demo-retail.com,SKU-1027,15,207.42,2026-05-02
ORD-001861,customer0085@demo-retail.com,SKU-1019,1,61.17,2026-07-25
ORD-001862,customer0414@demo-retail.com,SKU-1066,2,98.82,2025-05-21
ORD-001863,customer0061@demo-retail.com,SKU-1098,4,82.52,2026-04-25
ORD-001864,customer0160@demo-retail.com,SKU-1046,2,36.88,2026-05-01
ORD-001865,customer0485@demo-retail.com,SKU-1022,1,19.15,2026-07-08
ORD-001866,customer0227@demo-retail.com,SKU-1072,4,115.43,2026-05-12
ORD-001867,customer0334@demo-retail.com,SKU-1056,1,61.78,2026-07-26
ORD-001868,customer0218@demo-retail.com,SKU-1094,1,181.98,2026-06-04
ORD-001869,customer0192@demo-retail.com,SKU-1049,1,120.73,2025-07-15
ORD-001870,customer0270@demo-retail.com,SKU-1047,2,170.24,2026-05-10
ORD-001871,customer0258@demo-retail.com,SKU-1033,4,70.43,2026-05-29
ORD-001872,customer0246@demo-retail.com,SKU-1083,2,30.78,2026-06-22
ORD-001873,customer0030@demo-retail.com,SKU-1081,1,88.5,2025-10-08
ORD-001874,customer0324@demo-retail.com,SKU-1078,5,198.03,2026-04-28
ORD-001875,customer0020@demo-retail.com,SKU-1014,5,53.53,2026-07-13
ORD-001876,customer0043@demo-retail.com,SKU-1017,5,25.53,2025-07-01
ORD-001877,customer0050@demo-retail.com,SKU-1041,1,191.53,2026-08-16
ORD-001878,customer0429@demo-retail.com,SKU-1043,2,76.68,2025-01-18
ORD-001879,customer0370@demo-retail.com,SKU-1076,10,200.92,2025-06-23
ORD-001880,customer0429@demo-retail.com,SKU-1054,4,80.71,2026-02-17
ORD-001881,customer0137@demo-retail.com,SKU-1094,1,181.98,2025-06-01
ORD-001882,customer0259@demo-retail.com,SKU-1089,1,155.72,2026-07-12
ORD-001883,customer0141@demo-retail.com,SKU-1040,2,75.3,2025-01-04
ORD-001884,customer0477@demo-retail.com,SKU-1073,6,57.97,2025-03-30
ORD-001885,customer0303@demo-retail.com,SKU-1041,3,158.09,2025-07-10
ORD-001886,customer0042@demo-retail.com,SKU-1059,2,179.16,2026-05-28
ORD-001887,customer0387@demo-retail.com,SKU-1096,1,31.37,2026-07-14
ORD-001888,customer0143@demo-retail.com,SKU-1023,3,65.83,2026-06-19
ORD-001889,customer0453@demo-retail.com,SKU-1035,5,27.51,2026-07-14
ORD-001890,customer0048@demo-retail.com,SKU-1034,2,41.31,2026-05-11
ORD-001891,customer0425@demo-retail.com,SKU-1058,4,143.75,2026-04-20
ORD-001892,customer0080@demo-retail.com,SKU-1050,8,17.29,2026-04-04
ORD-001893,customer0416@demo-retail.com,SKU-1083,1,30.78,2025-12-22
ORD-001894,customer0425@demo-retail.com,SKU-1071,3,212.19,2026-04-25
ORD-001895,customer0112@demo-retail.com,SKU-1034,2,33.76,2026-07-09
ORD-001896,customer0072@demo-retail.com,SKU-1061,4,179.95,2025-07-10
ORD-001897,customer0166@demo-retail.com,SKU-1005,3,137.03,2026-04-03
ORD-001898,customer0216@demo-retail.com,SKU-1021,3,37.38,2025-01-09
ORD-001899,customer0157@demo-retail.com,SKU-1046,4,36.88,2025-07-11
ORD-001900,customer0234@demo-retail.com,SKU-1079,2,151.8,2026-03-26
ORD-001901,customer0130@demo-retail.com,SKU-1032,6,184.38,2026-04-30
ORD-001902,customer0021@demo-retail.com,SKU-1039,3,172.42,2026-05-21
ORD-001903,customer0216@demo-retail.com,SKU-1014,1,53.53,2026-06-04
ORD-001904,customer0263@demo-retail.com,SKU-1021,4,37.38,2026-08-24
ORD-001905,customer0488@demo-retail.com,SKU-1026,4,213.67,2026-04-19
ORD-001906,customer0497@demo-retail.com,SKU-1007,2,185.15,2026-06-07
ORD-001907,customer0203@demo-retail.com,SKU-1059,5,147.29,2026-06-04
ORD-001908,customer0042@demo-retail.com,SKU-1040,6,86.56,2025-11-05
ORD-001909,customer0351@demo-retail.com,SKU-1020,1,154.32,2026-06-30
ORD-001910,customer0052@demo-retail.com,SKU-1045,10,196.54,2026-07-22
ORD-001911,customer0193@demo-retail.com,SKU-1086,1,152.93,2026-04-29
ORD-001912,customer0066@demo-retail.com,SKU-1050,1,17.29,2025-04-09
ORD-001913,customer0420@demo-retail.com,SKU-1037,1,13.15,2026-06-09
ORD-001914,customer0178@demo-retail.com,SKU-1010,6,101.84,2026-04-17
ORD-001915,customer0092@demo-retail.com,SKU-1078,3,217.02,2026-07-06
ORD-001916,customer0307@demo-retail.com,SKU-1079,1,151.8,2026-08-31
ORD-001917,customer0097@demo-retail.com,SKU-1064,2,182.15,2025-05-22
ORD-001918,customer0093@demo-retail.com,SKU-1084,3,78.72,2026-05-25
ORD-001919,customer0134@demo-retail.com,SKU-1005,1,137.03,2026-04-30
ORD-001920,customer0239@demo-retail.com,SKU-1014,5,53.53,2026-04-21
ORD-001921,customer0083@demo-retail.com,SKU-1002,4,164.25,2026-02-19
ORD-001922,customer0249@demo-retail.com,SKU-1002,2,164.25,2026-05-07
ORD-001923,customer0218@demo-retail.com,SKU-1039,8,172.42,2026-08-18
ORD-001924,customer0191@demo-retail.com,SKU-1065,2,13.45,2026-05-08
ORD-001925,customer0403@demo-retail.com,SKU-1015,10,135.22,2026-01-09
ORD-001926,customer0004@demo-retail.com,SKU-1020,3,154.32,2025-03-23
ORD-001927,customer0417@demo-retail.com,SKU-1066,3,98.82,2026-07-12
ORD-001928,customer0021@demo-retail.com,SKU-1037,1,13.15,2026-05-05
ORD-001929,customer0218@demo-retail.com,SKU-1033,5,70.43,2026-05-29
ORD-001930,customer0092@demo-retail.com,SKU-1035,2,27.51,2026-07-10
ORD-001931,customer0019@demo-retail.com,SKU-1082,1,143.77,2026-06-16
ORD-001932,customer0090@demo-retail.com,SKU-1032,1,167.6,2026-05-22
ORD-001933,customer0177@demo-retail.com,SKU-1036,3,172.63,2026-03-18
ORD-001934,customer0235@demo-retail.com,SKU-1073,3,71.25,2026-04-19
ORD-001935,customer0263@demo-retail.com,SKU-1049,4,113.38,2026-08-06
ORD-001936,customer0012@demo-retail.com,SKU-1052,6,77.39,2026-03-09
ORD-001937,customer0495@demo-retail.com,SKU-1056,1,72.27,2025-03-23
ORD-001938,customer0264@demo-retail.com,SKU-1079,4,151.8,2026-06-15
ORD-001939,customer0294@demo-retail.com,SKU-1048,1,172.36,2025-02-20
ORD-001940,customer0257@demo-retail.com,SKU-1036,5,172.63,2026-07-15
ORD-001941,customer0003@demo-retail.com,SKU-1035,5,23.72,2025-10-19
ORD-001942,customer0307@demo-retail.com,SKU-1060,3,197.65,2026-06-24
ORD-001943,customer0364@demo-retail.com,SKU-1003,4,37.48,2026-07-05
ORD-001944,customer0216@demo-retail.com,SKU-1076,2,200.92,2026-04-17
ORD-001945,customer0176@demo-retail.com,SKU-1002,2,164.25,2026-04-11
ORD-001946,customer0256@demo-retail.com,SKU-1096,5,31.37,2026-05-05
ORD-001947,customer0017@demo-retail.com,SKU-1052,2,77.39,2025-09-19
ORD-001948,customer0177@demo-retail.com,SKU-1072,2,115.43,2026-04-29
ORD-001949,customer0385@demo-retail.com,SKU-1038,2,159.03,2026-06-15
ORD-001950,customer0320@demo-retail.com,SKU-1022,5,19.15,2026-04-04
ORD-001951,customer0499@demo-retail.com,SKU-1097,2,199.29,2025-01-24
ORD-001952,customer0068@demo-retail.com,SKU-1069,1,119.91,2026-01-20
ORD-001953,customer0109@demo-retail.com,SKU-1028,4,136.36,2026-05-22
ORD-001954,customer0399@demo-retail.com,SKU-1099,5,163.0,2026-07-22
ORD-001955,customer0112@demo-retail.com,SKU-1097,1,199.29,2026-06-02
ORD-001956,customer0055@demo-retail.com,SKU-1081,1,88.5,2026-05-31
ORD-001957,customer0275@demo-retail.com,SKU-1065,1,13.45,2025-11-22
ORD-001958,customer0423@demo-retail.com,SKU-1037,2,12.24,2026-05-05
ORD-001959,customer0425@demo-retail.com,SKU-1069,2,119.91,2026-08-31
ORD-001960,customer0298@demo-retail.com,SKU-1050,4,17.29,2026-08-06
ORD-001961,customer0115@demo-retail.com,SKU-1080,3,61.43,2026-08-24
ORD-001962,customer0210@demo-retail.com,SKU-1094,3,181.98,2026-08-08
ORD-001963,customer0242@demo-retail.com,SKU-1081,2,88.5,2026-04-08
ORD-001964,customer0262@demo-retail.com,SKU-1071,5,212.19,2026-05-24
ORD-001965,customer0448@demo-retail.com,SKU-1093,2,65.65,2026-05-29
ORD-001966,customer0068@demo-retail.com,SKU-1042,8,80.83,2025-07-24
ORD-001967,customer0126@demo-retail.com,SKU-1059,3,179.16,2026-05-05
ORD-001968,customer0257@demo-retail.com,SKU-1060,1,197.65,2026-07-17
ORD-001969,customer0237@demo-retail.com,SKU-1032,3,168.21,2025-06-13
ORD-001970,customer0241@demo-retail.com,SKU-1067,2,31.85,2026-02-21
ORD-001971,customer0367@demo-retail.com,SKU-1016,3,138.37,2026-04-16
ORD-001972,customer0247@demo-retail.com,SKU-1057,1,189.31,2026-08-25
ORD-001973,customer0205@demo-retail.com,SKU-1047,1,170.24,2025-02-10
ORD-001974,customer0054@demo-retail.com,SKU-1016,5,138.37,2026-03-15
ORD-001975,customer0087@demo-retail.com,SKU-1093,1,65.65,2025-04-25
ORD-001976,customer0108@demo-retail.com,SKU-1062,5,78.14,2026-06-30
ORD-001977,customer0252@demo-retail.com,SKU-1091,1,82.94,2026-04-15
ORD-001978,customer0404@demo-retail.com,SKU-1043,3,76.68,2026-05-10
ORD-001979,customer0072@demo-retail.com,SKU-1098,4,82.52,2026-08-22
ORD-001980,customer0186@demo-retail.com,SKU-1073,2,71.25,2026-05-29
ORD-001981,customer0157@demo-retail.com,SKU-1082,2,143.77,2026-08-05
ORD-001982,customer0312@demo-retail.com,SKU-1019,1,75.36,2026-07-30
ORD-001983,customer0299@demo-retail.com,SKU-1028,1,136.36,2025-01-29
ORD-001984,customer0446@demo-retail.com,SKU-1096,2,31.37,2026-04-23
ORD-001985,customer0330@demo-retail.com,SKU-1045,3,196.54,2026-07-19
ORD-001986,customer0444@demo-retail.com,SKU-1049,6,120.73,2026-05-28
ORD-001987,customer0248@demo-retail.com,SKU-1023,5,62.01,2026-05-09
ORD-001988,customer0115@demo-retail.com,SKU-1027,4,207.42,2026-06-13
ORD-001989,customer0101@demo-retail.com,SKU-1084,4,78.72,2025-05-03
ORD-001990,customer0434@demo-retail.com,SKU-1096,3,31.37,2025-01-13
ORD-001991,customer0341@demo-retail.com,SKU-1047,1,170.24,2025-07-27
ORD-001992,customer0139@demo-retail.com,SKU-1009,6,75.28,2026-06-04
ORD-001993,customer0229@demo-retail.com,SKU-1008,3,49.82,2025-03-23
ORD-001994,customer0480@demo-retail.com,SKU-1089,3,155.72,2026-07-16
ORD-001995,customer0021@demo-retail.com,SKU-1023,1,65.83,2026-04-13
ORD-001996,customer0426@demo-retail.com,SKU-1094,2,181.98,2026-07-14
ORD-001997,customer0107@demo-retail.com,SKU-1008,2,49.82,2026-06-15
ORD-001998,customer0275@demo-retail.com,SKU-1013,5,98.15,2026-05-05
ORD-001999,customer0227@demo-retail.com,SKU-1015,3,135.22,2026-05-01
ORD-002000,customer0250@demo-retail.com,SKU-1077,2,36.43,2026-07-07
ORD-002001,customer0330@demo-retail.com,SKU-1100,8,196.51,2026-03-30
ORD-002002,customer0129@demo-retail.com,SKU-1001,1,89.9,2026-05-07
ORD-002003,customer0260@demo-retail.com,SKU-1043,2,76.68,2026-07-17
ORD-002004,customer0128@demo-retail.com,SKU-1069,1,119.91,2025-09-28
ORD-002005,customer0388@demo-retail.com,SKU-1015,4,135.22,2026-05-11
ORD-002006,customer0254@demo-retail.com,SKU-1061,6,155.62,2026-04-23
ORD-002007,customer0327@demo-retail.com,SKU-1044,2,163.76,2026-05-10
ORD-002008,customer0119@demo-retail.com,SKU-1098,5,82.52,2026-08-04
ORD-002009,customer0053@demo-retail.com,SKU-1061,2,179.95,2026-04-18
ORD-002010,customer0081@demo-retail.com,SKU-1042,6,80.83,2026-07-23
ORD-002011,customer0340@demo-retail.com,SKU-1079,4,151.8,2026-07-22
ORD-002012,customer0372@demo-retail.com,SKU-1100,4,196.51,2026-03-03
ORD-002013,customer0075@demo-retail.com,SKU-1048,1,172.36,2026-06-15
ORD-002014,customer0158@demo-retail.com,SKU-1058,8,143.75,2025-11-19
ORD-002015,customer0496@demo-retail.com,SKU-1008,4,49.82,2026-05-20
ORD-002016,customer0141@demo-retail.com,SKU-1099,2,163.0,2026-05-07
ORD-002017,customer0427@demo-retail.com,SKU-1038,5,159.03,2026-06-27
ORD-002018,customer0287@demo-retail.com,SKU-1072,2,115.43,2025-11-30
ORD-002019,customer0055@demo-retail.com,SKU-1036,5,156.82,2026-05-11
ORD-002020,customer0488@demo-retail.com,SKU-1061,1,161.76,2026-08-31
ORD-002021,customer0144@demo-retail.com,SKU-1032,4,184.38,2026-05-14
ORD-002022,customer0176@demo-retail.com,SKU-1082,3,143.77,2026-08-17
ORD-002023,customer0069@demo-retail.com,SKU-1061,1,170.34,2025-04-24
ORD-002024,customer0302@demo-retail.com,SKU-1020,1,154.32,2025-06-05
ORD-002025,customer0294@demo-retail.com,SKU-1042,1,80.83,2026-06-30
ORD-002026,customer0012@demo-retail.com,SKU-1089,2,155.72,2026-06-18
ORD-002027,customer0464@demo-retail.com,SKU-1047,2,170.24,2025-11-18
ORD-002028,customer0117@demo-retail.com,SKU-1060,3,197.65,2026-06-10
ORD-002029,customer0310@demo-retail.com,SKU-1033,2,57.6,2025-09-23
ORD-002030,customer0409@demo-retail.com,SKU-1063,2,59.41,2026-05-22
ORD-002031,customer0009@demo-retail.com,SKU-1048,4,172.36,2026-06-09
ORD-002032,customer0252@demo-retail.com,SKU-1069,1,119.91,2025-12-01
ORD-002033,customer0048@demo-retail.com,SKU-1073,6,71.25,2026-08-12
ORD-002034,customer0294@demo-retail.com,SKU-1012,5,72.77,2026-04-22
ORD-002035,customer0351@demo-retail.com,SKU-1099,3,163.0,2025-03-16
ORD-002036,customer0170@demo-retail.com,SKU-1084,3,78.72,2026-07-24
ORD-002037,customer0355@demo-retail.com,SKU-1100,6,196.51,2026-04-18
ORD-002038,customer0151@demo-retail.com,SKU-1074,8,115.72,2026-02-16
ORD-002039,customer0300@demo-retail.com,SKU-1029,1,30.41,2026-06-26
ORD-002040,customer0421@demo-retail.com,SKU-1099,1,163.0,2026-07-11
ORD-002041,customer0097@demo-retail.com,SKU-1020,4,154.32,2026-08-14
ORD-002042,customer0309@demo-retail.com,SKU-1069,1,98.22,2026-08-25
ORD-002043,customer0446@demo-retail.com,SKU-1042,3,80.83,2026-08-14
ORD-002044,customer0218@demo-retail.com,SKU-1021,10,37.38,2026-06-15
ORD-002045,customer0071@demo-retail.com,SKU-1004,5,24.08,2025-12-30
ORD-002046,customer0228@demo-retail.com,SKU-1004,3,24.08,2026-05-27
ORD-002047,customer0225@demo-retail.com,SKU-1058,1,143.75,2026-08-19
ORD-002048,customer0497@demo-retail.com,SKU-1012,5,72.77,2026-07-31
ORD-002049,customer0388@demo-retail.com,SKU-1021,3,37.38,2025-05-05
ORD-002050,customer0163@demo-retail.com,SKU-1096,1,31.37,2026-01-02
ORD-002051,customer0245@demo-retail.com,SKU-1047,1,147.86,2026-04-24
ORD-002052,customer0493@demo-retail.com,SKU-1052,6,77.39,2026-05-16
ORD-002053,customer0485@demo-retail.com,SKU-1056,3,72.27,2025-03-08
ORD-002054,customer0330@demo-retail.com,SKU-1084,5,78.72,2025-03-28
ORD-002055,customer0332@demo-retail.com,SKU-1094,5,168.72,2026-06-22
ORD-002056,customer0266@demo-retail.com,SKU-1017,3,25.53,2026-08-29
ORD-002057,customer0411@demo-retail.com,SKU-1077,2,42.14,2025-03-04
ORD-002058,customer0215@demo-retail.com,SKU-1021,2,37.38,2026-05-17
ORD-002059,customer0451@demo-retail.com,SKU-1047,2,170.24,2025-07-05
ORD-002060,customer0207@demo-retail.com,SKU-1040,2,86.56,2026-07-10
ORD-002061,customer0402@demo-retail.com,SKU-1004,4,20.96,2026-06-10
ORD-002062,customer0024@demo-retail.com,SKU-1053,3,200.77,2025-05-28
ORD-002063,customer0052@demo-retail.com,SKU-1021,6,37.38,2025-06-23
ORD-002064,customer0496@demo-retail.com,SKU-1015,2,135.22,2026-08-15
ORD-002065,customer0069@demo-retail.com,SKU-1057,3,205.38,2026-07-04
ORD-002066,customer0461@demo-retail.com,SKU-1061,3,161.68,2026-05-02
ORD-002067,customer0253@demo-retail.com,SKU-1062,3,78.14,2026-08-07
ORD-002068,customer0067@demo-retail.com,SKU-1066,4,88.83,2026-07-06
ORD-002069,customer0455@demo-retail.com,SKU-1037,1,13.15,2026-02-18
ORD-002070,customer0364@demo-retail.com,SKU-1043,2,76.68,2026-06-15
ORD-002071,customer0390@demo-retail.com,SKU-1035,1,27.51,2026-04-06
ORD-002072,customer0378@demo-retail.com,SKU-1075,2,21.25,2026-07-25
ORD-002073,customer0094@demo-retail.com,SKU-1026,2,213.67,2026-08-19
ORD-002074,customer0204@demo-retail.com,SKU-1021,3,37.38,2025-09-01
ORD-002075,customer0322@demo-retail.com,SKU-1025,8,125.72,2026-06-04
ORD-002076,customer0319@demo-retail.com,SKU-1059,3,179.16,2026-07-08
ORD-002077,customer0173@demo-retail.com,SKU-1044,4,163.76,2026-06-11
ORD-002078,customer0282@demo-retail.com,SKU-1099,2,151.33,2026-04-29
ORD-002079,customer0401@demo-retail.com,SKU-1009,3,75.28,2025-09-27
ORD-002080,customer0117@demo-retail.com,SKU-1013,1,106.86,2025-05-10
ORD-002081,customer0448@demo-retail.com,SKU-1017,1,25.53,2026-06-17
ORD-002082,customer0094@demo-retail.com,SKU-1065,2,13.45,2026-08-10
ORD-002083,customer0431@demo-retail.com,SKU-1019,2,75.36,2025-07-19
ORD-002084,customer0308@demo-retail.com,SKU-1068,1,208.13,2026-06-02
ORD-002085,customer0186@demo-retail.com,SKU-1069,1,119.91,2026-08-19
ORD-002086,customer0082@demo-retail.com,SKU-1048,1,154.29,2025-06-20
ORD-002087,customer0483@demo-retail.com,SKU-1070,8,87.63,2026-07-24
ORD-002088,customer0152@demo-retail.com,SKU-1052,2,77.39,2026-08-19
ORD-002089,customer0165@demo-retail.com,SKU-1060,2,197.65,2026-05-02
ORD-002090,customer0285@demo-retail.com,SKU-1091,1,82.94,2026-06-28
ORD-002091,customer0387@demo-retail.com,SKU-1008,3,46.0,2025-03-10
ORD-002092,customer0403@demo-retail.com,SKU-1051,2,18.54,2025-09-06
ORD-002093,customer0037@demo-retail.com,SKU-1045,1,196.54,2026-06-29
ORD-002094,customer0372@demo-retail.com,SKU-1016,2,138.37,2026-05-21
ORD-002095,customer0345@demo-retail.com,SKU-1019,1,75.36,2026-05-10
ORD-002096,customer0269@demo-retail.com,SKU-1040,1,86.56,2026-06-18
ORD-002097,customer0421@demo-retail.com,SKU-1039,1,172.42,2026-05-11
ORD-002098,customer0467@demo-retail.com,SKU-1097,1,199.29,2026-08-13
ORD-002099,customer0430@demo-retail.com,SKU-1049,1,105.03,2025-02-11
ORD-002100,customer0150@demo-retail.com,SKU-1098,2,78.36,2026-04-29
ORD-002101,customer0446@demo-retail.com,SKU-1031,4,92.84,2026-05-31
ORD-002102,customer0030@demo-retail.com,SKU-1054,3,97.36,2026-03-19
ORD-002103,customer0328@demo-retail.com,SKU-1033,2,70.43,2026-06-22
ORD-002104,customer0007@demo-retail.com,SKU-1011,2,139.27,2026-01-01
ORD-002105,customer0303@demo-retail.com,SKU-1029,6,30.41,2026-04-27
ORD-002106,customer0311@demo-retail.com,SKU-1072,2,115.43,2026-05-15
ORD-002107,customer0309@demo-retail.com,SKU-1006,1,16.28,2026-05-26
ORD-002108,customer0049@demo-retail.com,SKU-1074,3,138.79,2025-04-11
ORD-002109,customer0368@demo-retail.com,SKU-1051,1,18.54,2026-05-16
ORD-002110,customer0443@demo-retail.com,SKU-1074,2,138.79,2026-04-17
ORD-002111,customer0465@demo-retail.com,SKU-1086,2,152.93,2026-03-19
ORD-002112,customer0150@demo-retail.com,SKU-1013,5,106.86,2026-06-08
ORD-002113,customer0420@demo-retail.com,SKU-1046,2,36.88,2025-09-17
ORD-002114,customer0402@demo-retail.com,SKU-1058,4,143.75,2025-10-11
ORD-002115,customer0407@demo-retail.com,SKU-1099,10,163.0,2025-09-27
ORD-002116,customer0206@demo-retail.com,SKU-1095,1,122.17,2025-11-26
ORD-002117,customer0171@demo-retail.com,SKU-1012,1,72.77,2026-04-26
ORD-002118,customer0425@demo-retail.com,SKU-1041,2,191.53,2025-08-22
ORD-002119,customer0319@demo-retail.com,SKU-1041,2,191.53,2026-05-20
ORD-002120,customer0249@demo-retail.com,SKU-1091,2,82.94,2026-06-25
ORD-002121,customer0166@demo-retail.com,SKU-1022,6,19.15,2025-06-13
ORD-002122,customer0329@demo-retail.com,SKU-1090,4,206.84,2026-04-24
ORD-002123,customer0357@demo-retail.com,SKU-1080,3,55.7,2026-05-22
ORD-002124,customer0075@demo-retail.com,SKU-1034,2,41.31,2026-02-19
ORD-002125,customer0433@demo-retail.com,SKU-1014,5,53.53,2026-05-25
ORD-002126,customer0292@demo-retail.com,SKU-1079,8,151.8,2025-10-28
ORD-002127,customer0281@demo-retail.com,SKU-1032,5,184.38,2026-08-21
ORD-002128,customer0113@demo-retail.com,SKU-1089,1,155.72,2026-07-05
ORD-002129,customer0007@demo-retail.com,SKU-1019,3,75.36,2025-08-10
ORD-002130,customer0213@demo-retail.com,SKU-1057,1,205.38,2026-05-10
ORD-002131,customer0298@demo-retail.com,SKU-1067,1,36.93,2026-07-15
ORD-002132,customer0134@demo-retail.com,SKU-1096,1,31.37,2026-02-01
ORD-002133,customer0190@demo-retail.com,SKU-1056,3,72.27,2025-09-27
ORD-002134,customer0040@demo-retail.com,SKU-1046,3,34.26,2026-04-15
ORD-002135,customer0297@demo-retail.com,SKU-1069,1,119.91,2025-09-10
ORD-002136,customer0244@demo-retail.com,SKU-1091,2,76.63,2026-06-04
ORD-002137,customer0360@demo-retail.com,SKU-1092,2,204.34,2026-06-03
ORD-002138,customer0295@demo-retail.com,SKU-1035,2,27.51,2026-04-22
ORD-002139,customer0489@demo-retail.com,SKU-1009,1,65.29,2026-05-12
ORD-002140,customer0445@demo-retail.com,SKU-1062,2,66.67,2025-12-22
ORD-002141,customer0130@demo-retail.com,SKU-1073,4,71.25,2025-10-10
ORD-002142,customer0361@demo-retail.com,SKU-1056,1,62.11,2026-05-18
ORD-002143,customer0357@demo-retail.com,SKU-1069,1,119.91,2025-11-14
ORD-002144,customer0074@demo-retail.com,SKU-1053,2,200.77,2026-04-23
ORD-002145,customer0028@demo-retail.com,SKU-1079,8,151.8,2026-08-30
ORD-002146,customer0033@demo-retail.com,SKU-1079,3,151.8,2026-08-13
ORD-002147,customer0397@demo-retail.com,SKU-1077,3,34.86,2025-09-12
ORD-002148,customer0062@demo-retail.com,SKU-1094,2,156.6,2026-05-22
ORD-002149,customer0196@demo-retail.com,SKU-1053,3,170.95,2026-02-01
ORD-002150,customer0363@demo-retail.com,SKU-1023,1,65.83,2026-06-02
ORD-002151,customer0103@demo-retail.com,SKU-1052,3,77.39,2026-06-26
ORD-002152,customer0385@demo-retail.com,SKU-1058,6,143.75,2025-12-14
ORD-002153,customer0031@demo-retail.com,SKU-1072,3,92.37,2025-03-04
ORD-002154,customer0168@demo-retail.com,SKU-1001,5,84.13,2025-01-13
ORD-002155,customer0097@demo-retail.com,SKU-1023,4,65.83,2026-08-14
ORD-002156,customer0447@demo-retail.com,SKU-1013,1,91.49,2026-06-04
ORD-002157,customer0434@demo-retail.com,SKU-1091,6,68.2,2026-05-11
ORD-002158,customer0020@demo-retail.com,SKU-1080,1,61.43,2025-02-01
ORD-002159,customer0479@demo-retail.com,SKU-1040,3,86.56,2025-05-04
ORD-002160,customer0461@demo-retail.com,SKU-1022,1,19.15,2026-04-21
ORD-002161,customer0476@demo-retail.com,SKU-1059,1,179.16,2026-06-06
ORD-002162,customer0284@demo-retail.com,SKU-1086,2,152.93,2025-04-30
ORD-002163,customer0407@demo-retail.com,SKU-1025,2,125.72,2026-04-28
ORD-002164,customer0363@demo-retail.com,SKU-1085,2,20.48,2026-05-07
ORD-002165,customer0336@demo-retail.com,SKU-1085,3,20.48,2025-04-04
ORD-002166,customer0202@demo-retail.com,SKU-1067,1,36.93,2026-04-17
ORD-002167,customer0391@demo-retail.com,SKU-1058,1,143.75,2026-07-28
ORD-002168,customer0043@demo-retail.com,SKU-1049,3,120.73,2026-05-12
ORD-002169,customer0200@demo-retail.com,SKU-1079,2,151.8,2026-04-30
ORD-002170,customer0426@demo-retail.com,SKU-1068,4,208.13,2025-02-26
ORD-002171,customer0461@demo-retail.com,SKU-1096,3,26.57,2026-04-03
ORD-002172,customer0495@demo-retail.com,SKU-1007,5,185.15,2026-08-24
ORD-002173,customer0448@demo-retail.com,SKU-1088,4,146.2,2025-02-23
ORD-002174,customer0349@demo-retail.com,SKU-1048,2,172.36,2026-06-05
ORD-002175,customer0365@demo-retail.com,SKU-1029,3,30.41,2026-07-15
ORD-002176,customer0314@demo-retail.com,SKU-1082,1,143.77,2026-04-07
ORD-002177,customer0003@demo-retail.com,SKU-1038,2,159.03,2026-08-02
ORD-002178,customer0200@demo-retail.com,SKU-1023,4,65.83,2025-12-05
ORD-002179,customer0073@demo-retail.com,SKU-1020,2,154.32,2025-02-15
ORD-002180,customer0293@demo-retail.com,SKU-1088,4,146.2,2026-05-15
ORD-002181,customer0354@demo-retail.com,SKU-1053,5,200.77,2026-06-23
ORD-002182,customer0250@demo-retail.com,SKU-1100,5,177.62,2026-07-14
ORD-002183,customer0340@demo-retail.com,SKU-1017,6,20.86,2026-05-09
ORD-002184,customer0094@demo-retail.com,SKU-1009,2,68.58,2026-04-28
ORD-002185,customer0275@demo-retail.com,SKU-1037,2,13.15,2026-02-12
ORD-002186,customer0422@demo-retail.com,SKU-1051,3,18.54,2026-08-01
ORD-002187,customer0066@demo-retail.com,SKU-1026,2,186.28,2026-04-26
ORD-002188,customer0095@demo-retail.com,SKU-1050,3,17.29,2026-08-22
ORD-002189,customer0190@demo-retail.com,SKU-1079,4,135.03,2026-05-12
ORD-002190,customer0499@demo-retail.com,SKU-1099,3,163.0,2026-04-25
ORD-002191,customer0486@demo-retail.com,SKU-1002,2,164.25,2026-04-08
ORD-002192,customer0237@demo-retail.com,SKU-1045,1,196.54,2026-07-18
ORD-002193,customer0259@demo-retail.com,SKU-1038,2,159.03,2026-07-23
ORD-002194,customer0447@demo-retail.com,SKU-1004,1,24.08,2026-05-11
ORD-002195,customer0083@demo-retail.com,SKU-1072,6,115.43,2026-06-19
ORD-002196,customer0266@demo-retail.com,SKU-1053,2,200.77,2026-08-15
ORD-002197,customer0020@demo-retail.com,SKU-1048,1,143.93,2026-06-10
ORD-002198,customer0417@demo-retail.com,SKU-1008,1,49.82,2026-04-09
ORD-002199,customer0280@demo-retail.com,SKU-1073,3,71.25,2025-02-06
ORD-002200,customer0198@demo-retail.com,SKU-1083,3,30.78,2026-08-09
ORD-002201,customer0252@demo-retail.com,SKU-1088,2,146.2,2026-07-02
ORD-002202,customer0471@demo-retail.com,SKU-1062,1,78.14,2026-04-11
ORD-002203,customer0147@demo-retail.com,SKU-1019,2,71.22,2025-08-18
ORD-002204,customer0379@demo-retail.com,SKU-1048,2,172.36,2025-06-14
ORD-002205,customer0364@demo-retail.com,SKU-1053,3,200.77,2026-05-06
ORD-002206,customer0181@demo-retail.com,SKU-1081,3,88.5,2025-05-09
ORD-002207,customer0232@demo-retail.com,SKU-1094,2,181.98,2026-04-17
ORD-002208,customer0205@demo-retail.com,SKU-1086,1,152.93,2026-06-09
ORD-002209,customer0100@demo-retail.com,SKU-1073,10,71.25,2026-07-14
ORD-002210,customer0281@demo-retail.com,SKU-1060,2,197.65,2026-01-08
ORD-002211,customer0202@demo-retail.com,SKU-1028,3,122.43,2026-06-14
ORD-002212,customer0103@demo-retail.com,SKU-1007,1,185.15,2026-05-18
ORD-002213,customer0222@demo-retail.com,SKU-1067,2,36.93,2026-05-25
ORD-002214,customer0342@demo-retail.com,SKU-1073,1,71.25,2026-01-31
ORD-002215,customer0206@demo-retail.com,SKU-1083,2,30.78,2025-06-09
ORD-002216,customer0126@demo-retail.com,SKU-1060,8,185.73,2026-06-11
ORD-002217,customer0322@demo-retail.com,SKU-1095,2,122.17,2026-04-18
ORD-002218,customer0005@demo-retail.com,SKU-1003,1,44.45,2025-03-29
ORD-002219,customer0477@demo-retail.com,SKU-1041,1,191.53,2026-08-08
ORD-002220,customer0431@demo-retail.com,SKU-1040,2,86.56,2026-07-08
ORD-002221,customer0174@demo-retail.com,SKU-1061,1,179.95,2026-05-09
ORD-002222,customer0462@demo-retail.com,SKU-1021,1,30.57,2026-04-10
ORD-002223,customer0288@demo-retail.com,SKU-1021,4,37.38,2026-02-24
ORD-002224,customer0340@demo-retail.com,SKU-1015,2,135.22,2025-09-13
ORD-002225,customer0451@demo-retail.com,SKU-1018,2,212.85,2026-08-21
ORD-002226,customer0353@demo-retail.com,SKU-1076,6,200.92,2026-08-26
ORD-002227,customer0230@demo-retail.com,SKU-1024,1,76.84,2026-04-07
ORD-002228,customer0454@demo-retail.com,SKU-1045,8,168.14,2026-08-04
ORD-002229,customer0202@demo-retail.com,SKU-1087,2,111.44,2026-06-16
ORD-002230,customer0165@demo-retail.com,SKU-1082,5,143.77,2025-07-21
ORD-002231,customer0410@demo-retail.com,SKU-1078,3,217.02,2025-12-30
ORD-002232,customer0436@demo-retail.com,SKU-1047,5,170.24,2026-07-19
ORD-002233,customer0164@demo-retail.com,SKU-1063,10,49.66,2025-01-25
ORD-002234,customer0173@demo-retail.com,SKU-1056,2,72.27,2026-05-09
ORD-002235,customer0042@demo-retail.com,SKU-1085,8,19.06,2026-04-15
ORD-002236,customer0294@demo-retail.com,SKU-1095,2,122.17,2025-01-11
ORD-002237,customer0019@demo-retail.com,SKU-1050,2,17.29,2026-01-25
ORD-002238,customer0438@demo-retail.com,SKU-1066,2,98.82,2026-05-30
ORD-002239,customer0369@demo-retail.com,SKU-1045,3,196.54,2025-05-16
ORD-002240,customer0471@demo-retail.com,SKU-1058,1,143.75,2026-08-10
ORD-002241,customer0012@demo-retail.com,SKU-1015,3,135.22,2026-06-06
ORD-002242,customer0192@demo-retail.com,SKU-1023,3,65.83,2026-08-12
ORD-002243,customer0005@demo-retail.com,SKU-1010,4,101.84,2026-08-09
ORD-002244,customer0299@demo-retail.com,SKU-1020,5,154.32,2026-08-13
ORD-002245,customer0055@demo-retail.com,SKU-1086,2,125.53,2026-06-08
ORD-002246,customer0047@demo-retail.com,SKU-1024,2,66.46,2025-03-25
ORD-002247,customer0368@demo-retail.com,SKU-1007,1,185.15,2025-08-04
ORD-002248,customer0363@demo-retail.com,SKU-1026,1,213.67,2026-05-02
ORD-002249,customer0347@demo-retail.com,SKU-1094,1,181.98,2026-06-19
ORD-002250,customer0041@demo-retail.com,SKU-1001,2,89.9,2026-04-24
ORD-002251,customer0499@demo-retail.com,SKU-1074,1,126.89,2026-04-15
ORD-002252,customer0117@demo-retail.com,SKU-1097,8,199.29,2026-06-10
ORD-002253,customer0328@demo-retail.com,SKU-1065,3,13.45,2026-05-18
ORD-002254,customer0004@demo-retail.com,SKU-1068,2,208.13,2025-09-04
ORD-002255,customer0032@demo-retail.com,SKU-1009,3,75.28,2026-07-21
ORD-002256,customer0346@demo-retail.com,SKU-1011,1,139.27,2026-03-17
ORD-002257,customer0302@demo-retail.com,SKU-1041,2,191.53,2026-08-09
ORD-002258,customer0135@demo-retail.com,SKU-1073,3,71.25,2025-03-09
ORD-002259,customer0256@demo-retail.com,SKU-1048,2,172.36,2026-05-01
ORD-002260,customer0301@demo-retail.com,SKU-1030,2,21.41,2026-07-14
ORD-002261,customer0473@demo-retail.com,SKU-1042,10,80.83,2026-05-05
ORD-002262,customer0079@demo-retail.com,SKU-1058,5,143.75,2026-05-05
ORD-002263,customer0404@demo-retail.com,SKU-1018,3,212.85,2026-08-25
ORD-002264,customer0008@demo-retail.com,SKU-1047,3,170.24,2026-02-14
ORD-002265,customer0485@demo-retail.com,SKU-1076,3,172.53,2025-06-04
ORD-002266,customer0012@demo-retail.com,SKU-1026,1,197.53,2026-06-06
ORD-002267,customer0098@demo-retail.com,SKU-1030,2,21.41,2025-10-12
ORD-002268,customer0497@demo-retail.com,SKU-1063,1,59.41,2026-07-22
ORD-002269,customer0245@demo-retail.com,SKU-1091,2,72.81,2026-06-10
ORD-002270,customer0252@demo-retail.com,SKU-1054,3,97.36,2026-07-07
ORD-002271,customer0317@demo-retail.com,SKU-1088,1,119.8,2026-06-13
ORD-002272,customer0443@demo-retail.com,SKU-1089,8,155.72,2026-05-28
ORD-002273,customer0190@demo-retail.com,SKU-1058,6,143.75,2026-08-27
ORD-002274,customer0325@demo-retail.com,SKU-1041,4,191.53,2026-07-03
ORD-002275,customer0296@demo-retail.com,SKU-1044,3,163.76,2026-07-23
ORD-002276,customer0294@demo-retail.com,SKU-1081,5,88.5,2025-11-26
ORD-002277,customer0251@demo-retail.com,SKU-1032,1,184.38,2026-07-02
ORD-002278,customer0385@demo-retail.com,SKU-1050,4,17.29,2026-08-07
ORD-002279,customer0462@demo-retail.com,SKU-1078,1,217.02,2026-05-05
ORD-002280,customer0399@demo-retail.com,SKU-1050,4,17.29,2026-05-08
ORD-002281,customer0031@demo-retail.com,SKU-1100,1,196.51,2026-01-08
ORD-002282,customer0248@demo-retail.com,SKU-1080,5,61.43,2026-06-01
ORD-002283,customer0310@demo-retail.com,SKU-1041,8,191.53,2026-05-12
ORD-002284,customer0310@demo-retail.com,SKU-1077,1,42.14,2025-07-12
ORD-002285,customer0410@demo-retail.com,SKU-1068,2,208.13,2025-07-19
ORD-002286,customer0134@demo-retail.com,SKU-1039,10,172.42,2026-08-29
ORD-002287,customer0189@demo-retail.com,SKU-1011,2,139.27,2026-05-16
ORD-002288,customer0081@demo-retail.com,SKU-1072,5,115.43,2026-05-26
ORD-002289,customer0142@demo-retail.com,SKU-1059,3,179.16,2026-06-22
ORD-002290,customer0166@demo-retail.com,SKU-1017,2,23.75,2026-04-03
ORD-002291,customer0162@demo-retail.com,SKU-1019,2,75.36,2026-05-29
ORD-002292,customer0166@demo-retail.com,SKU-1083,1,30.78,2026-05-12
ORD-002293,customer0145@demo-retail.com,SKU-1083,4,30.78,2025-02-05
ORD-002294,customer0371@demo-retail.com,SKU-1008,2,40.33,2026-04-23
ORD-002295,customer0268@demo-retail.com,SKU-1014,2,53.53,2026-07-24
ORD-002296,customer0174@demo-retail.com,SKU-1046,2,36.88,2026-05-31
ORD-002297,customer0032@demo-retail.com,SKU-1070,3,87.63,2026-05-21
ORD-002298,customer0422@demo-retail.com,SKU-1071,5,212.19,2026-07-23
ORD-002299,customer0123@demo-retail.com,SKU-1030,10,21.41,2026-06-26
ORD-002300,customer0022@demo-retail.com,SKU-1062,2,78.14,2026-07-05
ORD-002301,customer0164@demo-retail.com,SKU-1065,5,13.45,2025-05-21
ORD-002302,customer0392@demo-retail.com,SKU-1066,4,89.65,2025-01-20
ORD-002303,customer0103@demo-retail.com,SKU-1006,3,16.28,2026-08-14
ORD-002304,customer0360@demo-retail.com,SKU-1045,8,196.54,2026-08-30
ORD-002305,customer0109@demo-retail.com,SKU-1051,1,16.58,2026-07-20
ORD-002306,customer0192@demo-retail.com,SKU-1072,1,95.83,2025-09-30
ORD-002307,customer0168@demo-retail.com,SKU-1026,5,213.67,2026-06-07
ORD-002308,customer0229@demo-retail.com,SKU-1004,2,24.08,2026-04-08
ORD-002309,customer0095@demo-retail.com,SKU-1027,5,207.42,2026-05-20
ORD-002310,customer0389@demo-retail.com,SKU-1026,6,213.67,2026-07-10
ORD-002311,customer0419@demo-retail.com,SKU-1076,1,200.92,2025-08-08
ORD-002312,customer0456@demo-retail.com,SKU-1073,5,71.25,2025-08-24
ORD-002313,customer0111@demo-retail.com,SKU-1002,2,164.25,2026-06-13
ORD-002314,customer0168@demo-retail.com,SKU-1093,2,65.65,2026-05-24
ORD-002315,customer0288@demo-retail.com,SKU-1062,3,78.14,2026-05-19
ORD-002316,customer0316@demo-retail.com,SKU-1010,6,81.95,2025-09-12
ORD-002317,customer0477@demo-retail.com,SKU-1036,8,172.63,2026-08-29
ORD-002318,customer0028@demo-retail.com,SKU-1013,2,106.86,2026-07-22
ORD-002319,customer0144@demo-retail.com,SKU-1010,3,93.24,2026-01-17
ORD-002320,customer0135@demo-retail.com,SKU-1019,4,75.36,2025-11-06
ORD-002321,customer0471@demo-retail.com,SKU-1016,4,138.37,2025-07-29
ORD-002322,customer0008@demo-retail.com,SKU-1023,1,65.83,2026-05-03
ORD-002323,customer0286@demo-retail.com,SKU-1089,2,137.73,2026-04-05
ORD-002324,customer0034@demo-retail.com,SKU-1028,2,136.36,2026-07-23
ORD-002325,customer0212@demo-retail.com,SKU-1060,4,184.73,2026-05-13
ORD-002326,customer0145@demo-retail.com,SKU-1091,1,82.94,2025-10-15
ORD-002327,customer0121@demo-retail.com,SKU-1025,1,125.72,2026-06-23
ORD-002328,customer0428@demo-retail.com,SKU-1073,8,71.25,2025-02-15
ORD-002329,customer0435@demo-retail.com,SKU-1092,1,204.34,2025-08-26
ORD-002330,customer0421@demo-retail.com,SKU-1059,10,161.03,2026-05-29
ORD-002331,customer0075@demo-retail.com,SKU-1070,3,87.63,2026-04-12
ORD-002332,customer0191@demo-retail.com,SKU-1052,5,77.39,2026-04-05
ORD-002333,customer0278@demo-retail.com,SKU-1087,2,118.52,2026-04-27
ORD-002334,customer0171@demo-retail.com,SKU-1018,1,212.85,2026-06-28
ORD-002335,customer0085@demo-retail.com,SKU-1088,4,146.2,2026-04-15
ORD-002336,customer0175@demo-retail.com,SKU-1077,5,42.14,2025-05-29
ORD-002337,customer0418@demo-retail.com,SKU-1018,4,212.85,2026-04-07
ORD-002338,customer0257@demo-retail.com,SKU-1015,1,135.22,2026-05-16
ORD-002339,customer0341@demo-retail.com,SKU-1071,4,212.19,2026-06-27
ORD-002340,customer0060@demo-retail.com,SKU-1063,4,59.41,2025-12-09
ORD-002341,customer0337@demo-retail.com,SKU-1067,3,36.93,2026-05-22
ORD-002342,customer0385@demo-retail.com,SKU-1089,4,155.72,2026-05-19
ORD-002343,customer0459@demo-retail.com,SKU-1089,5,155.72,2025-06-09
ORD-002344,customer0254@demo-retail.com,SKU-1014,3,50.45,2026-06-01
ORD-002345,customer0423@demo-retail.com,SKU-1039,1,172.42,2026-05-20
ORD-002346,customer0009@demo-retail.com,SKU-1004,2,19.93,2025-07-15
ORD-002347,customer0130@demo-retail.com,SKU-1009,1,70.89,2025-03-15
ORD-002348,customer0306@demo-retail.com,SKU-1090,2,206.84,2025-01-11
ORD-002349,customer0302@demo-retail.com,SKU-1080,2,61.43,2026-05-14
ORD-002350,customer0256@demo-retail.com,SKU-1005,1,124.03,2026-04-28
ORD-002351,customer0276@demo-retail.com,SKU-1097,2,199.29,2026-01-28
ORD-002352,customer0252@demo-retail.com,SKU-1088,1,146.2,2026-06-03
ORD-002353,customer0130@demo-retail.com,SKU-1061,4,163.51,2025-03-30
ORD-002354,customer0195@demo-retail.com,SKU-1059,8,179.16,2025-04-07
ORD-002355,customer0159@demo-retail.com,SKU-1042,1,80.83,2025-02-05
ORD-002356,customer0006@demo-retail.com,SKU-1013,8,106.86,2026-05-18
ORD-002357,customer0228@demo-retail.com,SKU-1065,3,13.45,2025-01-29
ORD-002358,customer0411@demo-retail.com,SKU-1050,2,17.29,2026-04-09
ORD-002359,customer0358@demo-retail.com,SKU-1016,1,120.07,2026-04-04
ORD-002360,customer0308@demo-retail.com,SKU-1038,2,130.92,2025-02-10
ORD-002361,customer0249@demo-retail.com,SKU-1062,4,78.14,2025-07-23
ORD-002362,customer0193@demo-retail.com,SKU-1099,4,163.0,2025-06-30
ORD-002363,customer0118@demo-retail.com,SKU-1064,1,182.15,2026-04-04
ORD-002364,customer0085@demo-retail.com,SKU-1013,1,106.86,2025-04-29
ORD-002365,customer0225@demo-retail.com,SKU-1004,2,24.08,2026-07-31
ORD-002366,customer0189@demo-retail.com,SKU-1089,2,135.64,2026-04-19
ORD-002367,customer0217@demo-retail.com,SKU-1090,1,192.71,2026-04-11
ORD-002368,customer0260@demo-retail.com,SKU-1052,2,77.39,2026-05-02
ORD-002369,customer0083@demo-retail.com,SKU-1004,4,24.08,2025-05-04
ORD-002370,customer0286@demo-retail.com,SKU-1048,6,158.31,2026-04-14
ORD-002371,customer0287@demo-retail.com,SKU-1015,2,135.22,2026-05-18
ORD-002372,customer0191@demo-retail.com,SKU-1002,6,164.25,2026-05-23
ORD-002373,customer0272@demo-retail.com,SKU-1075,2,22.71,2026-06-24
ORD-002374,customer0411@demo-retail.com,SKU-1062,2,78.14,2026-06-30
ORD-002375,customer0089@demo-retail.com,SKU-1013,1,106.86,2026-07-08
ORD-002376,customer0342@demo-retail.com,SKU-1019,3,75.36,2026-08-13
ORD-002377,customer0263@demo-retail.com,SKU-1062,8,64.44,2025-03-11
ORD-002378,customer0186@demo-retail.com,SKU-1081,3,88.5,2026-02-28
ORD-002379,customer0446@demo-retail.com,SKU-1006,2,16.28,2026-05-13
ORD-002380,customer0231@demo-retail.com,SKU-1051,3,18.54,2026-05-28
ORD-002381,customer0315@demo-retail.com,SKU-1062,1,78.14,2025-05-11
ORD-002382,customer0307@demo-retail.com,SKU-1031,5,92.84,2026-07-22
ORD-002383,customer0034@demo-retail.com,SKU-1054,2,97.36,2026-08-24
ORD-002384,customer0143@demo-retail.com,SKU-1048,2,172.36,2025-02-10
ORD-002385,customer0429@demo-retail.com,SKU-1039,3,172.42,2025-12-16
ORD-002386,customer0250@demo-retail.com,SKU-1066,3,98.82,2026-05-03
ORD-002387,customer0310@demo-retail.com,SKU-1088,1,146.2,2026-07-28
ORD-002388,customer0355@demo-retail.com,SKU-1012,3,72.77,2026-06-06
ORD-002389,customer0323@demo-retail.com,SKU-1033,1,70.43,2026-08-15
ORD-002390,customer0161@demo-retail.com,SKU-1030,4,21.41,2026-04-22
ORD-002391,customer0498@demo-retail.com,SKU-1045,5,196.54,2026-07-14
ORD-002392,customer0136@demo-retail.com,SKU-1036,4,172.63,2026-05-18
ORD-002393,customer0353@demo-retail.com,SKU-1099,3,163.0,2026-07-27
ORD-002394,customer0165@demo-retail.com,SKU-1071,3,212.19,2026-04-15
ORD-002395,customer0371@demo-retail.com,SKU-1093,1,65.65,2026-08-01
ORD-002396,customer0455@demo-retail.com,SKU-1024,4,76.84,2026-06-06
ORD-002397,customer0139@demo-retail.com,SKU-1092,1,204.34,2026-04-30
ORD-002398,customer0037@demo-retail.com,SKU-1078,2,217.02,2026-06-27
ORD-002399,customer0035@demo-retail.com,SKU-1001,2,89.9,2026-02-07
ORD-002400,customer0299@demo-retail.com,SKU-1071,1,212.19,2026-04-11
ORD-002401,customer0219@demo-retail.com,SKU-1007,3,185.15,2026-06-24
ORD-002402,customer0161@demo-retail.com,SKU-1050,1,17.29,2026-05-12
ORD-002403,customer0434@demo-retail.com,SKU-1006,4,14.33,2026-08-18
ORD-002404,customer0352@demo-retail.com,SKU-1096,2,28.2,2026-08-07
ORD-002405,customer0320@demo-retail.com,SKU-1044,1,163.76,2026-08-03
ORD-002406,customer0310@demo-retail.com,SKU-1080,2,61.43,2026-07-06
ORD-002407,customer0012@demo-retail.com,SKU-1020,1,154.32,2026-07-02
ORD-002408,customer0278@demo-retail.com,SKU-1027,1,207.42,2026-05-25
ORD-002409,customer0064@demo-retail.com,SKU-1063,4,59.41,2026-06-23
ORD-002410,customer0085@demo-retail.com,SKU-1079,1,151.8,2026-05-06
ORD-002411,customer0344@demo-retail.com,SKU-1031,5,92.84,2026-08-31
ORD-002412,customer0110@demo-retail.com,SKU-1058,1,143.75,2026-05-25
ORD-002413,customer0077@demo-retail.com,SKU-1057,1,205.38,2026-05-10
ORD-002414,customer0278@demo-retail.com,SKU-1003,4,44.45,2026-05-26
ORD-002415,customer0176@demo-retail.com,SKU-1068,2,208.13,2026-03-24
ORD-002416,customer0106@demo-retail.com,SKU-1078,1,217.02,2026-05-10
ORD-002417,customer0404@demo-retail.com,SKU-1022,2,19.15,2026-05-27
ORD-002418,customer0367@demo-retail.com,SKU-1032,1,184.38,2026-06-22
ORD-002419,customer0352@demo-retail.com,SKU-1004,5,24.08,2026-05-03
ORD-002420,customer0410@demo-retail.com,SKU-1092,2,204.34,2026-04-09
ORD-002421,customer0224@demo-retail.com,SKU-1063,4,59.41,2026-08-26
ORD-002422,customer0118@demo-retail.com,SKU-1045,6,196.54,2026-06-27
ORD-002423,customer0113@demo-retail.com,SKU-1022,2,19.15,2026-07-22
ORD-002424,customer0196@demo-retail.com,SKU-1005,6,137.03,2026-07-12
ORD-002425,customer0316@demo-retail.com,SKU-1012,2,59.08,2026-07-22
ORD-002426,customer0151@demo-retail.com,SKU-1020,8,154.32,2026-04-09
ORD-002427,customer0210@demo-retail.com,SKU-1030,1,21.41,2025-07-10
ORD-002428,customer0027@demo-retail.com,SKU-1080,3,61.43,2026-08-08
ORD-002429,customer0281@demo-retail.com,SKU-1037,2,13.15,2025-06-30
ORD-002430,customer0309@demo-retail.com,SKU-1026,2,174.19,2026-08-27
ORD-002431,customer0064@demo-retail.com,SKU-1069,3,119.91,2025-07-03
ORD-002432,customer0274@demo-retail.com,SKU-1020,4,154.32,2026-07-17
ORD-002433,customer0140@demo-retail.com,SKU-1099,1,142.74,2026-07-19
ORD-002434,customer0025@demo-retail.com,SKU-1022,1,19.15,2026-07-28
ORD-002435,customer0401@demo-retail.com,SKU-1074,4,138.79,2026-05-29
ORD-002436,customer0128@demo-retail.com,SKU-1092,3,204.34,2026-08-03
ORD-002437,customer0001@demo-retail.com,SKU-1018,8,212.85,2026-05-27
ORD-002438,customer0278@demo-retail.com,SKU-1071,4,212.19,2026-05-22
ORD-002439,customer0403@demo-retail.com,SKU-1046,8,36.88,2026-04-20
ORD-002440,customer0480@demo-retail.com,SKU-1068,4,208.13,2025-09-15
ORD-002441,customer0038@demo-retail.com,SKU-1027,2,207.42,2026-08-22
ORD-002442,customer0193@demo-retail.com,SKU-1049,1,105.41,2026-05-18
ORD-002443,customer0397@demo-retail.com,SKU-1056,4,67.2,2025-08-09
ORD-002444,customer0407@demo-retail.com,SKU-1084,3,78.72,2025-05-24
ORD-002445,customer0130@demo-retail.com,SKU-1057,1,205.38,2026-07-04
ORD-002446,customer0067@demo-retail.com,SKU-1060,2,186.22,2026-07-10
ORD-002447,customer0192@demo-retail.com,SKU-1038,8,159.03,2025-04-14
ORD-002448,customer0307@demo-retail.com,SKU-1010,2,101.84,2026-05-13
ORD-002449,customer0035@demo-retail.com,SKU-1062,2,78.14,2026-08-21
ORD-002450,customer0052@demo-retail.com,SKU-1002,2,164.25,2025-06-19
ORD-002451,customer0112@demo-retail.com,SKU-1066,1,98.82,2026-08-25
ORD-002452,customer0236@demo-retail.com,SKU-1079,2,151.8,2026-06-07
ORD-002453,customer0064@demo-retail.com,SKU-1075,2,22.71,2026-04-21
ORD-002454,customer0342@demo-retail.com,SKU-1005,1,137.03,2026-04-22
ORD-002455,customer0478@demo-retail.com,SKU-1020,4,154.32,2026-08-14
ORD-002456,customer0073@demo-retail.com,SKU-1019,2,75.36,2025-10-01
ORD-002457,customer0113@demo-retail.com,SKU-1051,5,18.54,2026-06-22
ORD-002458,customer0292@demo-retail.com,SKU-1054,5,97.36,2025-07-19
ORD-002459,customer0291@demo-retail.com,SKU-1071,1,212.19,2026-03-14
ORD-002460,customer0440@demo-retail.com,SKU-1021,3,37.38,2026-08-15
ORD-002461,customer0469@demo-retail.com,SKU-1060,2,197.65,2025-08-13
ORD-002462,customer0236@demo-retail.com,SKU-1086,5,152.93,2026-08-11
ORD-002463,customer0490@demo-retail.com,SKU-1061,1,179.95,2026-01-17
ORD-002464,customer0341@demo-retail.com,SKU-1081,3,79.85,2026-06-08
ORD-002465,customer0143@demo-retail.com,SKU-1088,3,146.2,2026-06-17
ORD-002466,customer0248@demo-retail.com,SKU-1056,2,72.27,2026-08-26
ORD-002467,customer0488@demo-retail.com,SKU-1007,1,185.15,2026-05-20
ORD-002468,customer0115@demo-retail.com,SKU-1072,3,115.43,2026-07-25
ORD-002469,customer0475@demo-retail.com,SKU-1020,4,154.32,2026-04-21
ORD-002470,customer0291@demo-retail.com,SKU-1054,2,80.26,2026-05-21
ORD-002471,customer0161@demo-retail.com,SKU-1100,3,169.17,2026-08-15
ORD-002472,customer0016@demo-retail.com,SKU-1061,2,179.95,2026-05-17
ORD-002473,customer0476@demo-retail.com,SKU-1063,4,59.41,2026-04-29
ORD-002474,customer0125@demo-retail.com,SKU-1037,1,10.83,2026-07-02
ORD-002475,customer0052@demo-retail.com,SKU-1011,6,139.27,2026-05-27
ORD-002476,customer0253@demo-retail.com,SKU-1055,2,59.59,2026-04-15
ORD-002477,customer0002@demo-retail.com,SKU-1007,2,156.21,2025-06-05
ORD-002478,customer0293@demo-retail.com,SKU-1086,1,129.45,2026-01-01
ORD-002479,customer0021@demo-retail.com,SKU-1011,1,139.27,2026-04-04
ORD-002480,customer0422@demo-retail.com,SKU-1051,2,16.48,2026-07-19
ORD-002481,customer0426@demo-retail.com,SKU-1010,1,88.53,2026-04-19
ORD-002482,customer0398@demo-retail.com,SKU-1083,5,27.42,2025-06-11
ORD-002483,customer0437@demo-retail.com,SKU-1051,1,16.15,2025-02-02
ORD-002484,customer0151@demo-retail.com,SKU-1040,2,86.56,2026-04-23
ORD-002485,customer0342@demo-retail.com,SKU-1040,2,86.56,2026-07-02
ORD-002486,customer0041@demo-retail.com,SKU-1005,1,137.03,2026-07-23
ORD-002487,customer0077@demo-retail.com,SKU-1017,1,25.53,2026-05-09
ORD-002488,customer0123@demo-retail.com,SKU-1075,2,22.71,2026-06-11
ORD-002489,customer0301@demo-retail.com,SKU-1094,2,181.98,2026-04-12
ORD-002490,customer0081@demo-retail.com,SKU-1047,2,170.24,2025-02-04
ORD-002491,customer0096@demo-retail.com,SKU-1050,3,17.29,2026-06-28
ORD-002492,customer0069@demo-retail.com,SKU-1058,3,143.75,2025-11-28
ORD-002493,customer0291@demo-retail.com,SKU-1097,1,199.29,2025-11-19
ORD-002494,customer0213@demo-retail.com,SKU-1033,2,70.43,2025-06-18
ORD-002495,customer0123@demo-retail.com,SKU-1018,8,212.85,2026-08-21
ORD-002496,customer0093@demo-retail.com,SKU-1093,2,65.65,2026-07-11
ORD-002497,customer0191@demo-retail.com,SKU-1079,3,139.01,2025-12-18
ORD-002498,customer0076@demo-retail.com,SKU-1028,2,136.36,2025-07-26
ORD-002499,customer0272@demo-retail.com,SKU-1036,4,172.63,2026-06-02
ORD-002500,customer0395@demo-retail.com,SKU-1056,4,72.27,2026-07-12
ORD-002501,customer0276@demo-retail.com,SKU-1038,3,159.03,2026-04-13
ORD-002502,customer0302@demo-retail.com,SKU-1053,8,200.77,2026-08-27
ORD-002503,customer0469@demo-retail.com,SKU-1060,1,197.65,2026-05-17
ORD-002504,customer0231@demo-retail.com,SKU-1029,1,30.41,2026-08-29
ORD-002505,customer0464@demo-retail.com,SKU-1086,4,152.93,2025-08-23
ORD-002506,customer0114@demo-retail.com,SKU-1006,4,16.28,2026-07-04
ORD-002507,customer0491@demo-retail.com,SKU-1007,1,185.15,2026-05-13
ORD-002508,customer0009@demo-retail.com,SKU-1054,1,97.36,2026-04-14
ORD-002509,customer0308@demo-retail.com,SKU-1099,1,163.0,2025-11-10
ORD-002510,customer0283@demo-retail.com,SKU-1085,2,17.11,2026-04-17
ORD-002511,customer0169@demo-retail.com,SKU-1093,4,65.65,2026-07-29
ORD-002512,customer0169@demo-retail.com,SKU-1011,2,139.27,2026-05-14
ORD-002513,customer0375@demo-retail.com,SKU-1096,2,31.37,2026-07-29
ORD-002514,customer0464@demo-retail.com,SKU-1021,2,37.38,2026-03-02
ORD-002515,customer0278@demo-retail.com,SKU-1040,1,86.56,2026-06-19
ORD-002516,customer0437@demo-retail.com,SKU-1016,2,138.37,2026-07-23
ORD-002517,customer0059@demo-retail.com,SKU-1023,3,65.83,2026-06-23
ORD-002518,customer0262@demo-retail.com,SKU-1060,8,197.65,2026-04-17
ORD-002519,customer0404@demo-retail.com,SKU-1046,5,33.97,2026-08-10
ORD-002520,customer0010@demo-retail.com,SKU-1093,1,65.65,2026-06-28
ORD-002521,customer0084@demo-retail.com,SKU-1009,6,69.43,2025-03-30
ORD-002522,customer0324@demo-retail.com,SKU-1097,4,199.29,2026-05-01
ORD-002523,customer0414@demo-retail.com,SKU-1014,4,53.53,2026-05-13
ORD-002524,customer0327@demo-retail.com,SKU-1080,2,61.43,2026-07-14
ORD-002525,customer0479@demo-retail.com,SKU-1085,2,20.48,2025-08-21
ORD-002526,customer0329@demo-retail.com,SKU-1042,2,80.83,2026-02-01
ORD-002527,customer0293@demo-retail.com,SKU-1001,1,89.9,2026-07-14
ORD-002528,customer0384@demo-retail.com,SKU-1054,1,97.36,2025-12-13
ORD-002529,customer0432@demo-retail.com,SKU-1018,1,212.85,2025-03-29
ORD-002530,customer0243@demo-retail.com,SKU-1018,2,212.85,2026-08-31
ORD-002531,customer0320@demo-retail.com,SKU-1016,4,138.37,2025-12-15
ORD-002532,customer0275@demo-retail.com,SKU-1040,2,86.56,2025-09-09
ORD-002533,customer0341@demo-retail.com,SKU-1039,1,144.62,2025-02-26
ORD-002534,customer0175@demo-retail.com,SKU-1036,8,172.63,2026-07-23
ORD-002535,customer0256@demo-retail.com,SKU-1010,8,101.84,2026-01-08
ORD-002536,customer0095@demo-retail.com,SKU-1042,4,80.83,2026-06-20
ORD-002537,customer0059@demo-retail.com,SKU-1047,10,170.24,2025-04-13
ORD-002538,customer0296@demo-retail.com,SKU-1024,3,76.84,2026-07-31
ORD-002539,customer0431@demo-retail.com,SKU-1040,8,86.56,2026-06-22
ORD-002540,customer0282@demo-retail.com,SKU-1092,1,204.34,2025-03-23
ORD-002541,customer0153@demo-retail.com,SKU-1085,2,20.48,2026-04-12
ORD-002542,customer0048@demo-retail.com,SKU-1054,1,97.36,2025-11-16
ORD-002543,customer0486@demo-retail.com,SKU-1013,1,99.78,2026-08-14
ORD-002544,customer0278@demo-retail.com,SKU-1052,1,72.82,2026-05-31
ORD-002545,customer0172@demo-retail.com,SKU-1011,3,139.27,2025-09-11
ORD-002546,customer0416@demo-retail.com,SKU-1081,4,88.5,2026-08-05
ORD-002547,customer0491@demo-retail.com,SKU-1095,3,122.17,2025-06-23
ORD-002548,customer0349@demo-retail.com,SKU-1001,1,89.9,2026-05-19
ORD-002549,customer0281@demo-retail.com,SKU-1064,5,182.15,2025-07-12
ORD-002550,customer0423@demo-retail.com,SKU-1025,3,125.72,2026-05-24
ORD-002551,customer0148@demo-retail.com,SKU-1075,2,22.71,2026-05-18
ORD-002552,customer0332@demo-retail.com,SKU-1033,3,57.55,2026-03-07
ORD-002553,customer0066@demo-retail.com,SKU-1089,1,155.72,2026-06-28
ORD-002554,customer0365@demo-retail.com,SKU-1017,2,25.53,2026-06-29
ORD-002555,customer0203@demo-retail.com,SKU-1088,6,146.2,2025-03-15
ORD-002556,customer0334@demo-retail.com,SKU-1001,2,81.31,2026-08-12
ORD-002557,customer0229@demo-retail.com,SKU-1027,2,207.42,2026-06-05
ORD-002558,customer0211@demo-retail.com,SKU-1042,6,80.83,2026-01-13
ORD-002559,customer0075@demo-retail.com,SKU-1082,4,143.77,2026-07-11
ORD-002560,customer0251@demo-retail.com,SKU-1063,1,59.41,2025-09-06
ORD-002561,customer0082@demo-retail.com,SKU-1060,1,197.65,2026-05-13
ORD-002562,customer0149@demo-retail.com,SKU-1068,1,175.47,2026-05-06
ORD-002563,customer0394@demo-retail.com,SKU-1055,3,59.59,2026-07-17
ORD-002564,customer0179@demo-retail.com,SKU-1059,2,179.16,2026-04-03
ORD-002565,customer0494@demo-retail.com,SKU-1062,1,65.1,2026-06-22
ORD-002566,customer0121@demo-retail.com,SKU-1100,8,196.51,2025-01-18
ORD-002567,customer0329@demo-retail.com,SKU-1066,3,89.75,2026-07-19
ORD-002568,customer0442@demo-retail.com,SKU-1035,1,27.51,2026-08-06
ORD-002569,customer0291@demo-retail.com,SKU-1009,2,70.37,2025-01-21
ORD-002570,customer0491@demo-retail.com,SKU-1097,3,199.29,2026-06-30
ORD-002571,customer0322@demo-retail.com,SKU-1024,1,76.84,2026-04-18
ORD-002572,customer0394@demo-retail.com,SKU-1042,1,80.83,2026-08-26
ORD-002573,customer0100@demo-retail.com,SKU-1062,4,78.14,2026-08-31
ORD-002574,customer0357@demo-retail.com,SKU-1033,2,70.43,2026-03-12
ORD-002575,customer0183@demo-retail.com,SKU-1073,3,71.25,2026-08-02
ORD-002576,customer0024@demo-retail.com,SKU-1042,2,80.83,2026-06-30
ORD-002577,customer0253@demo-retail.com,SKU-1043,1,76.68,2026-06-30
ORD-002578,customer0290@demo-retail.com,SKU-1014,1,53.53,2026-08-12
ORD-002579,customer0212@demo-retail.com,SKU-1060,2,197.65,2025-07-29
ORD-002580,customer0368@demo-retail.com,SKU-1057,1,205.38,2026-04-13
ORD-002581,customer0132@demo-retail.com,SKU-1005,1,137.03,2026-08-07
ORD-002582,customer0302@demo-retail.com,SKU-1083,5,30.78,2026-06-21
ORD-002583,customer0061@demo-retail.com,SKU-1079,10,151.8,2026-07-02
ORD-002584,customer0244@demo-retail.com,SKU-1006,4,16.28,2026-07-01
ORD-002585,customer0419@demo-retail.com,SKU-1063,5,59.41,2025-01-07
ORD-002586,customer0258@demo-retail.com,SKU-1012,1,72.77,2025-04-13
ORD-002587,customer0179@demo-retail.com,SKU-1090,8,206.84,2026-05-14
ORD-002588,customer0379@demo-retail.com,SKU-1004,1,24.08,2026-07-20
ORD-002589,customer0089@demo-retail.com,SKU-1025,8,125.72,2026-06-22
ORD-002590,customer0424@demo-retail.com,SKU-1026,10,185.71,2026-07-17
ORD-002591,customer0069@demo-retail.com,SKU-1080,4,61.43,2025-08-20
ORD-002592,customer0388@demo-retail.com,SKU-1081,10,88.5,2026-01-11
ORD-002593,customer0033@demo-retail.com,SKU-1089,3,133.41,2025-06-07
ORD-002594,customer0090@demo-retail.com,SKU-1069,1,119.91,2026-08-23
ORD-002595,customer0038@demo-retail.com,SKU-1028,2,113.78,2026-07-22
ORD-002596,customer0267@demo-retail.com,SKU-1092,3,204.34,2025-09-30
ORD-002597,customer0454@demo-retail.com,SKU-1043,1,76.68,2026-04-04
ORD-002598,customer0489@demo-retail.com,SKU-1028,3,126.2,2026-04-08
ORD-002599,customer0311@demo-retail.com,SKU-1034,10,41.31,2026-06-12
ORD-002600,customer0208@demo-retail.com,SKU-1026,1,213.67,2025-01-21
ORD-002601,customer0060@demo-retail.com,SKU-1075,4,18.35,2026-08-08
ORD-002602,customer0287@demo-retail.com,SKU-1015,6,135.22,2026-07-01
ORD-002603,customer0266@demo-retail.com,SKU-1007,8,185.15,2026-07-28
ORD-002604,customer0261@demo-retail.com,SKU-1007,8,185.15,2025-09-04
ORD-002605,customer0043@demo-retail.com,SKU-1071,3,212.19,2026-04-16
ORD-002606,customer0070@demo-retail.com,SKU-1071,8,185.36,2026-06-07
ORD-002607,customer0358@demo-retail.com,SKU-1029,4,30.41,2025-05-24
ORD-002608,customer0370@demo-retail.com,SKU-1055,1,54.47,2025-03-15
ORD-002609,customer0016@demo-retail.com,SKU-1044,2,131.68,2026-06-22
ORD-002610,customer0016@demo-retail.com,SKU-1093,4,59.83,2025-01-25
ORD-002611,customer0353@demo-retail.com,SKU-1011,1,139.27,2025-03-25
ORD-002612,customer0191@demo-retail.com,SKU-1083,3,30.78,2026-04-16
ORD-002613,customer0077@demo-retail.com,SKU-1093,3,65.65,2025-01-27
ORD-002614,customer0149@demo-retail.com,SKU-1083,1,30.78,2026-06-01
ORD-002615,customer0343@demo-retail.com,SKU-1077,3,42.14,2026-07-25
ORD-002616,customer0090@demo-retail.com,SKU-1020,4,154.32,2026-08-12
ORD-002617,customer0195@demo-retail.com,SKU-1041,2,191.53,2025-02-13
ORD-002618,customer0026@demo-retail.com,SKU-1077,8,42.14,2026-08-20
ORD-002619,customer0186@demo-retail.com,SKU-1012,1,72.77,2026-06-05
ORD-002620,customer0063@demo-retail.com,SKU-1073,2,59.88,2026-05-27
ORD-002621,customer0339@demo-retail.com,SKU-1048,6,172.36,2026-06-10
ORD-002622,customer0374@demo-retail.com,SKU-1049,1,120.73,2026-04-06
ORD-002623,customer0107@demo-retail.com,SKU-1053,3,200.77,2025-02-24
ORD-002624,customer0182@demo-retail.com,SKU-1080,1,54.9,2026-05-06
ORD-002625,customer0065@demo-retail.com,SKU-1024,2,76.84,2026-06-23
ORD-002626,customer0130@demo-retail.com,SKU-1051,5,16.38,2026-07-31
ORD-002627,customer0321@demo-retail.com,SKU-1034,4,41.31,2026-08-30
ORD-002628,customer0256@demo-retail.com,SKU-1061,1,179.95,2026-07-15
ORD-002629,customer0332@demo-retail.com,SKU-1068,2,208.13,2026-07-14
ORD-002630,customer0357@demo-retail.com,SKU-1019,1,75.36,2026-08-15
ORD-002631,customer0331@demo-retail.com,SKU-1074,2,138.79,2026-06-19
ORD-002632,customer0125@demo-retail.com,SKU-1003,3,44.45,2026-07-22
ORD-002633,customer0110@demo-retail.com,SKU-1056,1,72.27,2026-04-18
ORD-002634,customer0421@demo-retail.com,SKU-1006,2,16.28,2026-05-05
ORD-002635,customer0485@demo-retail.com,SKU-1046,2,36.88,2025-06-10
ORD-002636,customer0207@demo-retail.com,SKU-1024,6,76.84,2025-02-13
ORD-002637,customer0096@demo-retail.com,SKU-1088,10,146.2,2026-04-14
ORD-002638,customer0044@demo-retail.com,SKU-1086,1,152.93,2025-01-24
ORD-002639,customer0295@demo-retail.com,SKU-1066,4,98.82,2025-10-25
ORD-002640,customer0116@demo-retail.com,SKU-1099,2,163.0,2025-01-24
ORD-002641,customer0092@demo-retail.com,SKU-1067,2,36.93,2026-04-25
ORD-002642,customer0313@demo-retail.com,SKU-1060,4,178.53,2025-05-18
ORD-002643,customer0123@demo-retail.com,SKU-1038,6,159.03,2026-08-17
ORD-002644,customer0425@demo-retail.com,SKU-1025,8,125.72,2025-12-30
ORD-002645,customer0373@demo-retail.com,SKU-1051,3,15.12,2025-05-06
ORD-002646,customer0239@demo-retail.com,SKU-1068,2,208.13,2026-05-07
ORD-002647,customer0304@demo-retail.com,SKU-1031,4,92.84,2026-07-12
ORD-002648,customer0330@demo-retail.com,SKU-1052,1,77.39,2026-07-28
ORD-002649,customer0040@demo-retail.com,SKU-1093,3,65.65,2025-02-05
ORD-002650,customer0389@demo-retail.com,SKU-1064,2,182.15,2026-04-24
ORD-002651,customer0399@demo-retail.com,SKU-1053,3,200.77,2026-04-25
ORD-002652,customer0107@demo-retail.com,SKU-1024,1,76.84,2025-01-11
ORD-002653,customer0399@demo-retail.com,SKU-1043,1,76.68,2026-08-04
ORD-002654,customer0126@demo-retail.com,SKU-1002,6,164.25,2026-06-21
ORD-002655,customer0374@demo-retail.com,SKU-1034,1,41.31,2026-05-25
ORD-002656,customer0452@demo-retail.com,SKU-1001,2,89.9,2026-05-17
ORD-002657,customer0454@demo-retail.com,SKU-1018,1,212.85,2026-06-04
ORD-002658,customer0328@demo-retail.com,SKU-1068,1,208.13,2026-07-31
ORD-002659,customer0204@demo-retail.com,SKU-1030,1,21.41,2026-07-05
ORD-002660,customer0209@demo-retail.com,SKU-1097,1,199.29,2026-07-27
ORD-002661,customer0309@demo-retail.com,SKU-1078,5,188.31,2026-07-07
ORD-002662,customer0048@demo-retail.com,SKU-1010,2,92.87,2026-05-16
ORD-002663,customer0275@demo-retail.com,SKU-1067,8,36.93,2025-05-14
ORD-002664,customer0406@demo-retail.com,SKU-1100,3,196.51,2025-01-22
ORD-002665,customer0024@demo-retail.com,SKU-1096,2,28.61,2026-05-12
ORD-002666,customer0484@demo-retail.com,SKU-1006,3,16.28,2026-08-27
ORD-002667,customer0200@demo-retail.com,SKU-1047,2,170.24,2026-07-10
ORD-002668,customer0079@demo-retail.com,SKU-1050,4,16.27,2025-01-28
ORD-002669,customer0112@demo-retail.com,SKU-1099,2,163.0,2026-07-18
ORD-002670,customer0282@demo-retail.com,SKU-1066,2,98.82,2026-05-13
ORD-002671,customer0391@demo-retail.com,SKU-1055,6,59.59,2026-04-29
ORD-002672,customer0149@demo-retail.com,SKU-1034,8,34.55,2026-06-22
ORD-002673,customer0230@demo-retail.com,SKU-1068,6,208.13,2025-01-06
ORD-002674,customer0458@demo-retail.com,SKU-1095,2,122.17,2026-04-13
ORD-002675,customer0371@demo-retail.com,SKU-1079,4,129.88,2026-05-28
ORD-002676,customer0421@demo-retail.com,SKU-1078,2,217.02,2025-01-19
ORD-002677,customer0147@demo-retail.com,SKU-1038,2,159.03,2026-08-15
ORD-002678,customer0299@demo-retail.com,SKU-1033,1,70.43,2026-04-09
ORD-002679,customer0483@demo-retail.com,SKU-1080,3,61.43,2026-04-07
ORD-002680,customer0337@demo-retail.com,SKU-1100,1,196.51,2026-05-27
ORD-002681,customer0456@demo-retail.com,SKU-1012,2,66.77,2026-05-07
ORD-002682,customer0076@demo-retail.com,SKU-1032,5,148.09,2026-04-08
ORD-002683,customer0317@demo-retail.com,SKU-1073,1,71.25,2026-06-13
ORD-002684,customer0095@demo-retail.com,SKU-1014,1,53.53,2025-07-14
ORD-002685,customer0497@demo-retail.com,SKU-1100,1,196.51,2026-07-26
ORD-002686,customer0319@demo-retail.com,SKU-1053,8,200.77,2025-02-26
ORD-002687,customer0061@demo-retail.com,SKU-1082,2,143.77,2026-05-22
ORD-002688,customer0384@demo-retail.com,SKU-1023,2,65.83,2026-03-29
ORD-002689,customer0311@demo-retail.com,SKU-1067,5,36.93,2025-08-22
ORD-002690,customer0125@demo-retail.com,SKU-1084,5,78.72,2026-05-31
ORD-002691,customer0009@demo-retail.com,SKU-1097,2,199.29,2026-07-29
ORD-002692,customer0455@demo-retail.com,SKU-1053,4,200.77,2025-12-19
ORD-002693,customer0223@demo-retail.com,SKU-1079,4,151.8,2026-08-03
ORD-002694,customer0303@demo-retail.com,SKU-1052,3,77.39,2025-05-31
ORD-002695,customer0402@demo-retail.com,SKU-1012,1,72.77,2026-06-24
ORD-002696,customer0008@demo-retail.com,SKU-1028,5,136.36,2026-08-13
ORD-002697,customer0098@demo-retail.com,SKU-1099,3,163.0,2026-07-25
ORD-002698,customer0432@demo-retail.com,SKU-1033,2,70.43,2026-08-01
ORD-002699,customer0408@demo-retail.com,SKU-1076,2,200.92,2026-07-01
ORD-002700,customer0427@demo-retail.com,SKU-1004,1,24.08,2026-08-21
ORD-002701,customer0437@demo-retail.com,SKU-1086,1,152.93,2026-08-30
ORD-002702,customer0029@demo-retail.com,SKU-1009,4,75.28,2026-02-03
ORD-002703,customer0042@demo-retail.com,SKU-1010,1,101.84,2026-07-11
ORD-002704,customer0485@demo-retail.com,SKU-1007,2,185.15,2026-08-25
ORD-002705,customer0151@demo-retail.com,SKU-1011,3,126.83,2026-06-21
ORD-002706,customer0091@demo-retail.com,SKU-1100,1,196.51,2026-05-19
ORD-002707,customer0211@demo-retail.com,SKU-1083,8,26.32,2026-03-30
ORD-002708,customer0459@demo-retail.com,SKU-1003,1,44.45,2025-10-04
ORD-002709,customer0366@demo-retail.com,SKU-1008,2,49.82,2026-07-21
ORD-002710,customer0067@demo-retail.com,SKU-1086,2,152.93,2026-02-26
ORD-002711,customer0447@demo-retail.com,SKU-1096,1,31.37,2026-08-08
ORD-002712,customer0083@demo-retail.com,SKU-1007,1,185.15,2026-05-25
ORD-002713,customer0204@demo-retail.com,SKU-1003,4,44.45,2026-06-25
ORD-002714,customer0104@demo-retail.com,SKU-1026,8,175.19,2026-07-13
ORD-002715,customer0477@demo-retail.com,SKU-1092,1,204.34,2026-01-02
ORD-002716,customer0279@demo-retail.com,SKU-1060,3,197.65,2025-04-22
ORD-002717,customer0053@demo-retail.com,SKU-1087,4,101.57,2026-07-20
ORD-002718,customer0423@demo-retail.com,SKU-1031,5,92.84,2026-05-15
ORD-002719,customer0294@demo-retail.com,SKU-1070,2,87.63,2026-04-27
ORD-002720,customer0457@demo-retail.com,SKU-1010,2,101.84,2026-05-09
ORD-002721,customer0493@demo-retail.com,SKU-1093,2,65.65,2026-08-19
ORD-002722,customer0262@demo-retail.com,SKU-1038,4,159.03,2026-05-22
ORD-002723,customer0122@demo-retail.com,SKU-1007,5,185.15,2026-06-20
ORD-002724,customer0274@demo-retail.com,SKU-1061,1,156.46,2026-02-12
ORD-002725,customer0469@demo-retail.com,SKU-1022,2,15.78,2026-06-10
ORD-002726,customer0275@demo-retail.com,SKU-1076,6,166.56,2026-04-28
ORD-002727,customer0294@demo-retail.com,SKU-1022,4,19.15,2026-05-16
ORD-002728,customer0389@demo-retail.com,SKU-1030,10,21.41,2026-05-11
ORD-002729,customer0449@demo-retail.com,SKU-1032,4,184.38,2026-07-07
ORD-002730,customer0015@demo-retail.com,SKU-1053,2,200.77,2026-06-11
ORD-002731,customer0403@demo-retail.com,SKU-1064,3,182.15,2026-08-26
ORD-002732,customer0475@demo-retail.com,SKU-1088,3,146.2,2026-02-17
ORD-002733,customer0121@demo-retail.com,SKU-1064,1,182.15,2026-02-17
ORD-002734,customer0392@demo-retail.com,SKU-1047,36,153.02,2025-01-16
ORD-002735,customer0179@demo-retail.com,SKU-1081,4,83.97,2026-07-05
ORD-002736,customer0398@demo-retail.com,SKU-1002,1,164.25,2026-01-10
ORD-002737,customer0292@demo-retail.com,SKU-1052,4,69.47,2025-09-29
ORD-002738,customer0072@demo-retail.com,SKU-1074,3,138.79,2025-03-16
ORD-002739,customer0303@demo-retail.com,SKU-1072,8,115.43,2026-08-21
ORD-002740,customer0402@demo-retail.com,SKU-1037,1,10.83,2026-04-15
ORD-002741,customer0409@demo-retail.com,SKU-1043,1,76.68,2025-02-08
ORD-002742,customer0500@demo-retail.com,SKU-1056,3,72.27,2026-07-10
ORD-002743,customer0067@demo-retail.com,SKU-1083,2,30.78,2026-06-18
ORD-002744,customer0323@demo-retail.com,SKU-1071,4,180.79,2026-06-09
ORD-002745,customer0493@demo-retail.com,SKU-1059,4,179.16,2026-06-04
ORD-002746,customer0183@demo-retail.com,SKU-1012,1,72.77,2026-03-28
ORD-002747,customer0245@demo-retail.com,SKU-1050,2,17.29,2026-05-09
ORD-002748,customer0232@demo-retail.com,SKU-1079,2,151.8,2025-01-27
ORD-002749,customer0322@demo-retail.com,SKU-1093,2,65.65,2025-03-07
ORD-002750,customer0278@demo-retail.com,SKU-1050,6,17.29,2026-04-27
ORD-002751,customer0368@demo-retail.com,SKU-1064,5,182.15,2026-06-02
ORD-002752,customer0101@demo-retail.com,SKU-1074,4,138.79,2026-04-21
ORD-002753,customer0349@demo-retail.com,SKU-1041,4,191.53,2026-06-29
ORD-002754,customer0027@demo-retail.com,SKU-1048,2,172.36,2026-07-02
ORD-002755,customer0200@demo-retail.com,SKU-1097,6,199.29,2026-01-05
ORD-002756,customer0016@demo-retail.com,SKU-1005,4,128.12,2026-08-06
ORD-002757,customer0138@demo-retail.com,SKU-1048,4,172.36,2026-06-05
ORD-002758,customer0072@demo-retail.com,SKU-1026,5,213.67,2026-05-23
ORD-002759,customer0488@demo-retail.com,SKU-1082,1,143.77,2026-06-29
ORD-002760,customer0426@demo-retail.com,SKU-1051,4,18.54,2026-06-24
ORD-002761,customer0175@demo-retail.com,SKU-1014,1,53.53,2026-04-07
ORD-002762,customer0273@demo-retail.com,SKU-1024,2,76.84,2025-12-02
ORD-002763,customer0200@demo-retail.com,SKU-1044,2,163.76,2025-07-02
ORD-002764,customer0445@demo-retail.com,SKU-1029,8,30.41,2026-04-03
ORD-002765,customer0115@demo-retail.com,SKU-1014,5,53.53,2026-05-29
ORD-002766,customer0188@demo-retail.com,SKU-1048,4,172.36,2026-05-23
ORD-002767,customer0167@demo-retail.com,SKU-1072,4,115.43,2026-05-25
ORD-002768,customer0115@demo-retail.com,SKU-1034,24,41.31,2026-06-19
ORD-002769,customer0039@demo-retail.com,SKU-1074,8,121.05,2026-04-22
ORD-002770,customer0268@demo-retail.com,SKU-1026,2,213.67,2026-08-19
ORD-002771,customer0430@demo-retail.com,SKU-1012,2,72.77,2026-08-22
ORD-002772,customer0056@demo-retail.com,SKU-1059,1,179.16,2026-06-17
ORD-002773,customer0318@demo-retail.com,SKU-1047,4,170.24,2026-07-18
ORD-002774,customer0122@demo-retail.com,SKU-1013,4,106.86,2026-04-19
ORD-002775,customer0137@demo-retail.com,SKU-1080,2,57.11,2026-08-27
ORD-002776,customer0406@demo-retail.com,SKU-1099,1,163.0,2025-10-18
ORD-002777,customer0271@demo-retail.com,SKU-1079,5,134.91,2026-05-25
ORD-002778,customer0376@demo-retail.com,SKU-1078,1,217.02,2026-08-16
ORD-002779,customer0121@demo-retail.com,SKU-1017,4,25.53,2026-05-31
ORD-002780,customer0084@demo-retail.com,SKU-1052,8,77.39,2025-12-23
ORD-002781,customer0030@demo-retail.com,SKU-1054,2,97.36,2026-05-14
ORD-002782,customer0231@demo-retail.com,SKU-1097,1,199.29,2026-05-17
ORD-002783,customer0362@demo-retail.com,SKU-1064,4,182.15,2025-05-22
ORD-002784,customer0324@demo-retail.com,SKU-1070,5,87.63,2025-10-14
ORD-002785,customer0431@demo-retail.com,SKU-1092,3,167.42,2025-11-21
ORD-002786,customer0416@demo-retail.com,SKU-1011,8,139.27,2025-05-02
ORD-002787,customer0022@demo-retail.com,SKU-1006,1,16.28,2026-08-30
ORD-002788,customer0450@demo-retail.com,SKU-1083,2,30.78,2026-08-24
ORD-002789,customer0445@demo-retail.com,SKU-1042,4,80.83,2026-08-02
ORD-002790,customer0268@demo-retail.com,SKU-1005,5,137.03,2026-04-30
ORD-002791,customer0052@demo-retail.com,SKU-1088,1,146.2,2026-07-16
ORD-002792,customer0301@demo-retail.com,SKU-1050,4,17.29,2026-05-25
ORD-002793,customer0230@demo-retail.com,SKU-1055,3,59.59,2026-07-06
ORD-002794,customer0212@demo-retail.com,SKU-1083,2,26.32,2025-10-27
ORD-002795,customer0148@demo-retail.com,SKU-1048,1,172.36,2026-07-20
ORD-002796,customer0279@demo-retail.com,SKU-1091,5,68.02,2026-07-18
ORD-002797,customer0311@demo-retail.com,SKU-1026,1,213.67,2025-05-10
ORD-002798,customer0048@demo-retail.com,SKU-1080,2,61.43,2026-06-14
ORD-002799,customer0213@demo-retail.com,SKU-1032,2,167.35,2026-06-17
ORD-002800,customer0085@demo-retail.com,SKU-1069,5,119.91,2026-08-25
ORD-002801,customer0403@demo-retail.com,SKU-1023,3,65.83,2026-04-12
ORD-002802,customer0499@demo-retail.com,SKU-1096,4,31.37,2026-06-26
ORD-002803,customer0442@demo-retail.com,SKU-1020,1,126.75,2026-05-26
ORD-002804,customer0461@demo-retail.com,SKU-1049,3,120.73,2026-05-07
ORD-002805,customer0445@demo-retail.com,SKU-1071,3,212.19,2026-08-18
ORD-002806,customer0033@demo-retail.com,SKU-1023,5,65.83,2026-05-03
ORD-002807,customer0336@demo-retail.com,SKU-1073,6,71.25,2026-07-07
ORD-002808,customer0094@demo-retail.com,SKU-1042,1,80.83,2025-01-30
ORD-002809,customer0211@demo-retail.com,SKU-1095,3,122.17,2026-07-08
ORD-002810,customer0438@demo-retail.com,SKU-1085,1,20.48,2025-12-01
ORD-002811,customer0122@demo-retail.com,SKU-1019,3,75.36,2026-04-13
ORD-002812,customer0439@demo-retail.com,SKU-1074,2,138.79,2026-06-30
ORD-002813,customer0214@demo-retail.com,SKU-1035,2,27.51,2026-06-14
ORD-002814,customer0083@demo-retail.com,SKU-1029,2,30.41,2026-04-27
ORD-002815,customer0134@demo-retail.com,SKU-1043,3,76.68,2026-08-08
ORD-002816,customer0367@demo-retail.com,SKU-1079,2,151.8,2026-05-26
ORD-002817,customer0002@demo-retail.com,SKU-1057,4,166.46,2026-04-04
ORD-002818,customer0462@demo-retail.com,SKU-1086,2,152.93,2026-06-29
ORD-002819,customer0252@demo-retail.com,SKU-1028,1,136.36,2025-04-26
ORD-002820,customer0125@demo-retail.com,SKU-1067,4,33.28,2026-04-11
ORD-002821,customer0204@demo-retail.com,SKU-1047,2,170.24,2025-05-18
ORD-002822,customer0020@demo-retail.com,SKU-1023,2,65.83,2026-07-14
ORD-002823,customer0258@demo-retail.com,SKU-1067,3,36.93,2026-05-04
ORD-002824,customer0379@demo-retail.com,SKU-1089,2,155.72,2026-07-09
ORD-002825,customer0122@demo-retail.com,SKU-1024,1,76.84,2026-01-01
ORD-002826,customer0009@demo-retail.com,SKU-1026,2,213.67,2026-08-21
ORD-002827,customer0438@demo-retail.com,SKU-1074,8,138.79,2025-03-25
ORD-002828,customer0489@demo-retail.com,SKU-1021,3,37.38,2026-06-04
ORD-002829,customer0399@demo-retail.com,SKU-1003,3,44.45,2025-04-06
ORD-002830,customer0179@demo-retail.com,SKU-1096,3,26.03,2026-08-24
ORD-002831,customer0030@demo-retail.com,SKU-1025,1,125.72,2026-04-23
ORD-002832,customer0043@demo-retail.com,SKU-1061,2,179.95,2026-05-17
ORD-002833,customer0204@demo-retail.com,SKU-1019,4,62.0,2026-08-02
ORD-002834,customer0474@demo-retail.com,SKU-1088,1,146.2,2026-08-01
ORD-002835,customer0059@demo-retail.com,SKU-1007,1,185.15,2026-07-27
ORD-002836,customer0207@demo-retail.com,SKU-1049,1,120.73,2026-08-03
ORD-002837,customer0070@demo-retail.com,SKU-1058,2,143.75,2026-08-23
ORD-002838,customer0102@demo-retail.com,SKU-1032,10,184.38,2026-03-25
ORD-002839,customer0099@demo-retail.com,SKU-1074,1,138.79,2026-06-17
ORD-002840,customer0334@demo-retail.com,SKU-1059,2,179.16,2026-07-17
ORD-002841,customer0392@demo-retail.com,SKU-1020,1,125.54,2025-04-17
ORD-002842,customer0203@demo-retail.com,SKU-1088,8,124.35,2026-04-11
ORD-002843,customer0077@demo-retail.com,SKU-1018,1,212.85,2026-06-09
ORD-002844,customer0434@demo-retail.com,SKU-1090,2,206.84,2026-07-13
ORD-002845,customer0377@demo-retail.com,SKU-1095,4,122.17,2025-03-09
ORD-002846,customer0177@demo-retail.com,SKU-1077,4,42.14,2026-04-08
ORD-002847,customer0050@demo-retail.com,SKU-1100,2,196.51,2026-08-27
ORD-002848,customer0479@demo-retail.com,SKU-1055,2,59.59,2026-07-14
ORD-002849,customer0474@demo-retail.com,SKU-1098,2,82.52,2026-06-14
ORD-002850,customer0399@demo-retail.com,SKU-1096,1,27.36,2026-08-12
ORD-002851,customer0315@demo-retail.com,SKU-1047,1,170.24,2026-07-31
ORD-002852,customer0307@demo-retail.com,SKU-1022,2,19.15,2026-08-16
ORD-002853,customer0219@demo-retail.com,SKU-1056,1,60.29,2025-03-29
ORD-002854,customer0333@demo-retail.com,SKU-1068,2,176.48,2026-06-20
ORD-002855,customer0324@demo-retail.com,SKU-1088,3,146.2,2025-06-12
ORD-002856,customer0128@demo-retail.com,SKU-1005,8,117.09,2025-10-20
ORD-002857,customer0469@demo-retail.com,SKU-1073,3,71.25,2026-05-24
ORD-002858,customer0034@demo-retail.com,SKU-1080,1,61.43,2026-06-14
ORD-002859,customer0146@demo-retail.com,SKU-1048,1,144.25,2025-12-23
ORD-002860,customer0429@demo-retail.com,SKU-1018,8,212.85,2026-08-04
ORD-002861,customer0031@demo-retail.com,SKU-1072,2,115.43,2026-08-20
ORD-002862,customer0014@demo-retail.com,SKU-1027,1,207.42,2026-08-22
ORD-002863,customer0231@demo-retail.com,SKU-1013,3,106.86,2026-07-04
ORD-002864,customer0265@demo-retail.com,SKU-1055,3,48.54,2026-07-21
ORD-002865,customer0055@demo-retail.com,SKU-1058,3,130.52,2026-01-11
ORD-002866,customer0044@demo-retail.com,SKU-1060,1,171.55,2025-03-04
ORD-002867,customer0118@demo-retail.com,SKU-1092,1,204.34,2026-05-05
ORD-002868,customer0497@demo-retail.com,SKU-1047,8,170.24,2025-10-22
ORD-002869,customer0059@demo-retail.com,SKU-1023,1,58.24,2026-05-21
ORD-002870,customer0347@demo-retail.com,SKU-1068,3,208.13,2026-04-17
ORD-002871,customer0016@demo-retail.com,SKU-1064,4,182.15,2026-06-28
ORD-002872,customer0207@demo-retail.com,SKU-1078,3,217.02,2026-07-11
ORD-002873,customer0456@demo-retail.com,SKU-1056,2,72.27,2025-09-18
ORD-002874,customer0269@demo-retail.com,SKU-1009,1,69.86,2026-04-04
ORD-002875,customer0207@demo-retail.com,SKU-1035,3,25.99,2026-08-17
ORD-002876,customer0035@demo-retail.com,SKU-1097,5,177.02,2025-01-26
ORD-002877,customer0020@demo-retail.com,SKU-1033,8,70.43,2025-05-08
ORD-002878,customer0483@demo-retail.com,SKU-1099,1,163.0,2026-04-14
ORD-002879,customer0002@demo-retail.com,SKU-1074,1,138.79,2026-06-23
ORD-002880,customer0022@demo-retail.com,SKU-1023,8,65.83,2025-11-21
ORD-002881,customer0332@demo-retail.com,SKU-1039,4,172.42,2026-04-03
ORD-002882,customer0271@demo-retail.com,SKU-1078,5,217.02,2026-02-09
ORD-002883,customer0303@demo-retail.com,SKU-1060,1,170.41,2025-07-23
ORD-002884,customer0211@demo-retail.com,SKU-1014,3,53.53,2026-06-18
ORD-002885,customer0488@demo-retail.com,SKU-1037,4,13.15,2026-04-29
ORD-002886,customer0391@demo-retail.com,SKU-1023,3,65.83,2026-07-03
ORD-002887,customer0303@demo-retail.com,SKU-1086,2,152.93,2026-06-12
ORD-002888,customer0035@demo-retail.com,SKU-1002,1,164.25,2026-04-02
ORD-002889,customer0072@demo-retail.com,SKU-1085,3,20.48,2026-05-13
ORD-002890,customer0055@demo-retail.com,SKU-1022,1,15.77,2026-04-15
ORD-002891,customer0412@demo-retail.com,SKU-1081,2,88.5,2025-01-29
ORD-002892,customer0121@demo-retail.com,SKU-1011,8,139.27,2026-07-13
ORD-002893,customer0259@demo-retail.com,SKU-1077,2,42.14,2026-04-22
ORD-002894,customer0043@demo-retail.com,SKU-1015,5,135.22,2026-07-25
ORD-002895,customer0321@demo-retail.com,SKU-1065,1,13.45,2026-07-05
ORD-002896,customer0497@demo-retail.com,SKU-1010,3,101.84,2025-02-01
ORD-002897,customer0083@demo-retail.com,SKU-1018,8,212.85,2026-04-17
ORD-002898,customer0263@demo-retail.com,SKU-1067,1,36.93,2025-12-31
ORD-002899,customer0225@demo-retail.com,SKU-1048,1,172.36,2026-06-04
ORD-002900,customer0277@demo-retail.com,SKU-1034,2,41.31,2026-08-25
ORD-002901,customer0432@demo-retail.com,SKU-1024,1,76.84,2026-08-08
ORD-002902,customer0392@demo-retail.com,SKU-1012,4,59.94,2026-05-20
ORD-002903,customer0406@demo-retail.com,SKU-1035,6,27.51,2026-08-28
ORD-002904,customer0238@demo-retail.com,SKU-1020,2,154.32,2026-04-24
ORD-002905,customer0326@demo-retail.com,SKU-1086,1,130.48,2026-05-04
ORD-002906,customer0405@demo-retail.com,SKU-1012,2,62.88,2025-09-22
ORD-002907,customer0128@demo-retail.com,SKU-1083,4,30.78,2026-04-12
ORD-002908,customer0115@demo-retail.com,SKU-1072,1,115.43,2026-07-21
ORD-002909,customer0409@demo-retail.com,SKU-1075,3,22.71,2026-05-06
ORD-002910,customer0328@demo-retail.com,SKU-1038,3,159.03,2025-07-06
ORD-002911,customer0193@demo-retail.com,SKU-1079,3,151.8,2026-06-20
ORD-002912,customer0137@demo-retail.com,SKU-1004,1,24.08,2026-05-14
ORD-002913,customer0288@demo-retail.com,SKU-1020,4,154.32,2026-08-29
ORD-002914,customer0390@demo-retail.com,SKU-1075,1,22.71,2026-06-01
ORD-002915,customer0001@demo-retail.com,SKU-1017,1,25.53,2026-04-14
ORD-002916,customer0274@demo-retail.com,SKU-1035,5,27.51,2025-08-16
ORD-002917,customer0071@demo-retail.com,SKU-1056,4,72.27,2026-08-21
ORD-002918,customer0309@demo-retail.com,SKU-1057,1,205.38,2026-04-19
ORD-002919,customer0154@demo-retail.com,SKU-1012,1,72.77,2025-03-06
ORD-002920,customer0339@demo-retail.com,SKU-1046,1,36.88,2026-06-29
ORD-002921,customer0209@demo-retail.com,SKU-1092,1,204.34,2025-07-29
ORD-002922,customer0096@demo-retail.com,SKU-1044,1,137.26,2025-01-01
ORD-002923,customer0171@demo-retail.com,SKU-1052,1,77.39,2026-08-07
ORD-002924,customer0385@demo-retail.com,SKU-1036,2,141.33,2026-01-04
ORD-002925,customer0017@demo-retail.com,SKU-1084,4,78.72,2026-06-11
ORD-002926,customer0206@demo-retail.com,SKU-1054,3,97.36,2026-04-08
ORD-002927,customer0265@demo-retail.com,SKU-1099,3,163.0,2025-03-08
ORD-002928,customer0022@demo-retail.com,SKU-1081,1,88.5,2026-04-14
ORD-002929,customer0427@demo-retail.com,SKU-1060,8,160.48,2026-02-15
ORD-002930,customer0404@demo-retail.com,SKU-1014,5,53.53,2026-04-21
ORD-002931,customer0193@demo-retail.com,SKU-1081,4,88.5,2026-05-23
ORD-002932,customer0413@demo-retail.com,SKU-1080,5,61.43,2026-04-16
ORD-002933,customer0160@demo-retail.com,SKU-1057,6,205.38,2026-04-13
ORD-002934,customer0175@demo-retail.com,SKU-1042,3,80.83,2026-08-08
ORD-002935,customer0064@demo-retail.com,SKU-1015,1,135.22,2025-02-20
ORD-002936,customer0400@demo-retail.com,SKU-1088,3,146.2,2025-03-01
ORD-002937,customer0023@demo-retail.com,SKU-1089,4,126.41,2026-01-26
ORD-002938,customer0427@demo-retail.com,SKU-1030,4,21.41,2025-03-05
ORD-002939,customer0216@demo-retail.com,SKU-1027,3,207.42,2026-05-22
ORD-002940,customer0264@demo-retail.com,SKU-1013,1,106.86,2025-05-09
ORD-002941,customer0004@demo-retail.com,SKU-1063,2,59.41,2026-05-26
ORD-002942,customer0153@demo-retail.com,SKU-1018,6,212.85,2025-11-05
ORD-002943,customer0193@demo-retail.com,SKU-1049,3,120.73,2026-06-17
ORD-002944,customer0223@demo-retail.com,SKU-1079,3,151.8,2026-07-25
ORD-002945,customer0083@demo-retail.com,SKU-1034,1,41.31,2026-05-12
ORD-002946,customer0251@demo-retail.com,SKU-1047,2,170.24,2026-05-15
ORD-002947,customer0401@demo-retail.com,SKU-1058,6,143.75,2026-08-08
ORD-002948,customer0413@demo-retail.com,SKU-1065,3,13.45,2025-07-16
ORD-002949,customer0410@demo-retail.com,SKU-1034,4,41.31,2026-05-29
ORD-002950,customer0215@demo-retail.com,SKU-1099,2,163.0,2026-07-15
ORD-002951,customer0312@demo-retail.com,SKU-1078,3,217.02,2026-06-07
ORD-002952,customer0439@demo-retail.com,SKU-1021,1,31.55,2026-05-15
ORD-002953,customer0494@demo-retail.com,SKU-1055,4,59.59,2026-04-08
ORD-002954,customer0392@demo-retail.com,SKU-1018,2,171.17,2026-05-21
ORD-002955,customer0052@demo-retail.com,SKU-1091,2,82.94,2026-06-21
ORD-002956,customer0409@demo-retail.com,SKU-1069,3,119.91,2025-09-15
ORD-002957,customer0056@demo-retail.com,SKU-1002,6,164.25,2026-04-16
ORD-002958,customer0066@demo-retail.com,SKU-1072,1,102.35,2026-04-27
ORD-002959,customer0477@demo-retail.com,SKU-1057,5,189.01,2026-01-02
ORD-002960,customer0437@demo-retail.com,SKU-1034,2,41.31,2026-05-19
ORD-002961,customer0028@demo-retail.com,SKU-1022,2,19.15,2026-08-03
ORD-002962,customer0117@demo-retail.com,SKU-1044,1,163.76,2026-05-06
ORD-002963,customer0237@demo-retail.com,SKU-1007,2,185.15,2026-06-30
ORD-002964,customer0486@demo-retail.com,SKU-1034,2,41.31,2026-01-13
ORD-002965,customer0385@demo-retail.com,SKU-1089,1,155.72,2026-04-11
ORD-002966,customer0017@demo-retail.com,SKU-1007,2,185.15,2026-06-24
ORD-002967,customer0334@demo-retail.com,SKU-1037,6,13.15,2026-05-29
ORD-002968,customer0072@demo-retail.com,SKU-1015,1,122.64,2025-03-20
ORD-002969,customer0392@demo-retail.com,SKU-1079,4,151.8,2026-04-16
ORD-002970,customer0225@demo-retail.com,SKU-1058,2,143.75,2025-03-28
ORD-002971,customer0329@demo-retail.com,SKU-1083,3,25.41,2026-06-17
ORD-002972,customer0195@demo-retail.com,SKU-1069,1,119.91,2026-04-11
ORD-002973,customer0007@demo-retail.com,SKU-1092,1,189.43,2025-12-29
ORD-002974,customer0424@demo-retail.com,SKU-1032,1,184.38,2026-05-24
ORD-002975,customer0312@demo-retail.com,SKU-1050,1,17.29,2025-02-03
ORD-002976,customer0425@demo-retail.com,SKU-1065,1,13.45,2026-04-14
ORD-002977,customer0007@demo-retail.com,SKU-1040,3,86.56,2026-07-04
ORD-002978,customer0036@demo-retail.com,SKU-1066,5,98.82,2025-04-17
ORD-002979,customer0464@demo-retail.com,SKU-1066,5,98.82,2026-06-19
ORD-002980,customer0131@demo-retail.com,SKU-1033,3,70.43,2025-10-13
ORD-002981,customer0423@demo-retail.com,SKU-1007,1,185.15,2026-05-14
ORD-002982,customer0309@demo-retail.com,SKU-1061,2,179.95,2025-03-09
ORD-002983,customer0329@demo-retail.com,SKU-1002,2,164.25,2025-04-20
ORD-002984,customer0330@demo-retail.com,SKU-1031,1,80.63,2025-11-25
ORD-002985,customer0377@demo-retail.com,SKU-1069,2,119.91,2026-06-27
ORD-002986,customer0264@demo-retail.com,SKU-1068,3,208.13,2026-04-03
ORD-002987,customer0162@demo-retail.com,SKU-1040,2,86.56,2025-03-04
ORD-002988,customer0430@demo-retail.com,SKU-1036,2,147.86,2025-04-18
ORD-002989,customer0307@demo-retail.com,SKU-1094,5,181.98,2026-08-09
ORD-002990,customer0068@demo-retail.com,SKU-1035,4,27.51,2025-06-29
ORD-002991,customer0084@demo-retail.com,SKU-1058,2,143.75,2026-08-30
ORD-002992,customer0331@demo-retail.com,SKU-1015,6,135.22,2025-06-04
ORD-002993,customer0108@demo-retail.com,SKU-1073,8,71.25,2026-07-22
ORD-002994,customer0296@demo-retail.com,SKU-1092,2,204.34,2026-08-19
ORD-002995,customer0008@demo-retail.com,SKU-1015,2,108.22,2026-08-20
ORD-002996,customer0237@demo-retail.com,SKU-1050,2,16.19,2026-04-20
ORD-002997,customer0247@demo-retail.com,SKU-1087,8,104.55,2026-04-11
ORD-002998,customer0197@demo-retail.com,SKU-1048,5,172.36,2025-07-13
ORD-002999,customer0149@demo-retail.com,SKU-1071,1,212.19,2025-08-29
ORD-003000,customer0262@demo-retail.com,SKU-1076,2,200.92,2025-03-29
ORD-003001,customer0071@demo-retail.com,SKU-1083,3,30.78,2026-04-13
ORD-003002,customer0427@demo-retail.com,SKU-1041,2,153.33,2026-08-26
ORD-003003,customer0428@demo-retail.com,SKU-1059,1,179.16,2025-01-18
ORD-003004,customer0488@demo-retail.com,SKU-1043,5,76.68,2026-06-21
ORD-003005,customer0463@demo-retail.com,SKU-1003,3,44.45,2025-12-06
ORD-003006,customer0138@demo-retail.com,SKU-1055,5,53.46,2026-02-04
ORD-003007,customer0363@demo-retail.com,SKU-1012,5,72.77,2025-11-03
ORD-003008,customer0001@demo-retail.com,SKU-1037,4,13.15,2025-08-19
ORD-003009,customer0317@demo-retail.com,SKU-1099,2,163.0,2026-06-24
ORD-003010,customer0100@demo-retail.com,SKU-1098,3,82.52,2026-04-10
ORD-003011,customer0274@demo-retail.com,SKU-1049,1,120.73,2026-07-26
ORD-003012,customer0236@demo-retail.com,SKU-1078,3,217.02,2026-05-24
ORD-003013,customer0267@demo-retail.com,SKU-1072,1,115.43,2026-04-11
ORD-003014,customer0038@demo-retail.com,SKU-1079,4,151.8,2026-04-29
ORD-003015,customer0233@demo-retail.com,SKU-1047,1,170.24,2026-07-16
ORD-003016,customer0305@demo-retail.com,SKU-1089,1,126.61,2025-01-24
ORD-003017,customer0435@demo-retail.com,SKU-1059,1,179.16,2026-06-01
ORD-003018,customer0008@demo-retail.com,SKU-1049,1,112.06,2026-07-15
ORD-003019,customer0479@demo-retail.com,SKU-1048,4,149.81,2026-08-09
ORD-003020,customer0236@demo-retail.com,SKU-1016,4,138.37,2026-06-12
ORD-003021,customer0152@demo-retail.com,SKU-1063,2,59.41,2026-07-27
ORD-003022,customer0409@demo-retail.com,SKU-1087,1,118.52,2026-04-15
ORD-003023,customer0224@demo-retail.com,SKU-1018,1,189.54,2026-05-20
ORD-003024,customer0039@demo-retail.com,SKU-1076,1,200.92,2026-04-22
ORD-003025,customer0375@demo-retail.com,SKU-1093,1,65.65,2025-09-28
ORD-003026,customer0349@demo-retail.com,SKU-1045,6,196.54,2026-04-12
ORD-003027,customer0400@demo-retail.com,SKU-1056,1,64.08,2025-11-23
ORD-003028,customer0426@demo-retail.com,SKU-1064,24,165.78,2026-05-30
ORD-003029,customer0474@demo-retail.com,SKU-1029,1,30.41,2026-05-21
ORD-003030,customer0088@demo-retail.com,SKU-1059,1,166.11,2026-08-18
ORD-003031,customer0084@demo-retail.com,SKU-1065,2,13.45,2026-07-17
ORD-003032,customer0030@demo-retail.com,SKU-1001,3,89.9,2025-10-14
ORD-003033,customer0083@demo-retail.com,SKU-1024,1,76.84,2026-06-14
ORD-003034,customer0038@demo-retail.com,SKU-1054,1,97.36,2026-07-28
ORD-003035,customer0247@demo-retail.com,SKU-1001,2,89.9,2026-01-18
ORD-003036,customer0060@demo-retail.com,SKU-1012,1,72.77,2025-03-02
ORD-003037,customer0418@demo-retail.com,SKU-1014,1,53.53,2026-05-05
ORD-003038,customer0186@demo-retail.com,SKU-1096,8,31.37,2026-08-20
ORD-003039,customer0070@demo-retail.com,SKU-1073,3,57.76,2025-02-24
ORD-003040,customer0008@demo-retail.com,SKU-1088,24,146.2,2026-06-12
ORD-003041,customer0294@demo-retail.com,SKU-1065,2,13.45,2025-03-30
ORD-003042,customer0416@demo-retail.com,SKU-1030,2,21.41,2026-06-17
ORD-003043,customer0285@demo-retail.com,SKU-1076,3,200.92,2026-05-18
ORD-003044,customer0132@demo-retail.com,SKU-1077,4,42.14,2026-07-29
ORD-003045,customer0407@demo-retail.com,SKU-1080,4,61.43,2026-08-09
ORD-003046,customer0416@demo-retail.com,SKU-1040,1,86.56,2025-07-27
ORD-003047,customer0133@demo-retail.com,SKU-1005,2,125.55,2025-03-14
ORD-003048,customer0351@demo-retail.com,SKU-1029,2,30.41,2026-02-17
ORD-003049,customer0132@demo-retail.com,SKU-1057,5,205.38,2026-05-31
ORD-003050,customer0272@demo-retail.com,SKU-1054,3,97.36,2026-07-24
ORD-003051,customer0382@demo-retail.com,SKU-1005,3,137.03,2026-03-22
ORD-003052,customer0477@demo-retail.com,SKU-1039,1,172.42,2026-06-28
ORD-003053,customer0410@demo-retail.com,SKU-1041,3,191.53,2026-07-17
ORD-003054,customer0469@demo-retail.com,SKU-1052,1,65.79,2025-11-02
ORD-003055,customer0361@demo-retail.com,SKU-1036,2,172.63,2026-05-10
ORD-003056,customer0187@demo-retail.com,SKU-1011,1,123.21,2026-06-02
ORD-003057,customer0018@demo-retail.com,SKU-1077,4,42.14,2025-01-10
ORD-003058,customer0253@demo-retail.com,SKU-1006,1,16.28,2025-04-20
ORD-003059,customer0052@demo-retail.com,SKU-1030,2,21.41,2026-08-05
ORD-003060,customer0049@demo-retail.com,SKU-1050,6,17.29,2026-04-24
ORD-003061,customer0483@demo-retail.com,SKU-1091,1,82.94,2026-06-17
ORD-003062,customer0325@demo-retail.com,SKU-1022,2,19.15,2025-07-01
ORD-003063,customer0419@demo-retail.com,SKU-1041,2,191.53,2026-07-03
ORD-003064,customer0458@demo-retail.com,SKU-1001,1,77.82,2025-07-01
ORD-003065,customer0447@demo-retail.com,SKU-1046,4,34.26,2026-04-09
ORD-003066,customer0164@demo-retail.com,SKU-1011,1,139.27,2025-02-21
ORD-003067,customer0495@demo-retail.com,SKU-1045,2,196.54,2025-07-07
ORD-003068,customer0456@demo-retail.com,SKU-1082,3,121.11,2026-05-11
ORD-003069,customer0392@demo-retail.com,SKU-1013,3,106.86,2026-05-20
ORD-003070,customer0477@demo-retail.com,SKU-1007,3,185.15,2026-04-13
ORD-003071,customer0342@demo-retail.com,SKU-1030,1,17.16,2025-01-29
ORD-003072,customer0396@demo-retail.com,SKU-1039,1,172.42,2026-07-07
ORD-003073,customer0143@demo-retail.com,SKU-1001,4,89.9,2025-05-02
ORD-003074,customer0260@demo-retail.com,SKU-1006,3,16.28,2026-03-15
ORD-003075,customer0154@demo-retail.com,SKU-1070,5,87.63,2026-08-13
ORD-003076,customer0316@demo-retail.com,SKU-1079,5,151.8,2025-12-11
ORD-003077,customer0352@demo-retail.com,SKU-1048,5,147.23,2026-06-30
ORD-003078,customer0494@demo-retail.com,SKU-1053,2,200.77,2026-08-16
ORD-003079,customer0293@demo-retail.com,SKU-1051,2,18.54,2026-08-27
ORD-003080,customer0280@demo-retail.com,SKU-1010,4,101.84,2025-03-02
ORD-003081,customer0257@demo-retail.com,SKU-1062,2,78.14,2026-07-01
ORD-003082,customer0100@demo-retail.com,SKU-1085,1,20.48,2025-08-12
ORD-003083,customer0011@demo-retail.com,SKU-1029,40,30.41,2026-05-28
ORD-003084,customer0168@demo-retail.com,SKU-1043,5,65.35,2025-06-10
ORD-003085,customer0195@demo-retail.com,SKU-1028,2,117.09,2026-04-27
ORD-003086,customer0131@demo-retail.com,SKU-1069,1,99.29,2026-05-06
ORD-003087,customer0405@demo-retail.com,SKU-1029,2,30.41,2025-06-03
ORD-003088,customer0404@demo-retail.com,SKU-1095,4,114.14,2026-08-28
ORD-003089,customer0126@demo-retail.com,SKU-1046,72,36.88,2026-08-20
ORD-003090,customer0008@demo-retail.com,SKU-1032,1,184.38,2026-06-28
ORD-003091,customer0113@demo-retail.com,SKU-1057,1,205.38,2026-05-23
ORD-003092,customer0172@demo-retail.com,SKU-1059,5,179.16,2026-06-07
ORD-003093,customer0166@demo-retail.com,SKU-1058,2,143.75,2026-04-14
ORD-003094,customer0086@demo-retail.com,SKU-1040,3,86.56,2026-05-15
ORD-003095,customer0412@demo-retail.com,SKU-1086,8,152.93,2026-03-06
ORD-003096,customer0190@demo-retail.com,SKU-1059,1,179.16,2025-05-25
ORD-003097,customer0356@demo-retail.com,SKU-1004,3,20.87,2026-05-05
ORD-003098,customer0116@demo-retail.com,SKU-1021,1,37.38,2026-06-04
ORD-003099,customer0491@demo-retail.com,SKU-1090,2,206.84,2026-05-13
ORD-003100,customer0181@demo-retail.com,SKU-1009,4,75.28,2026-07-19
ORD-003101,customer0371@demo-retail.com,SKU-1063,16,59.41,2026-04-07
ORD-003102,customer0224@demo-retail.com,SKU-1065,10,13.45,2026-08-03
ORD-003103,customer0302@demo-retail.com,SKU-1094,3,181.98,2026-08-11
ORD-003104,customer0361@demo-retail.com,SKU-1022,2,19.15,2026-05-03
ORD-003105,customer0396@demo-retail.com,SKU-1097,1,199.29,2026-08-19
ORD-003106,customer0281@demo-retail.com,SKU-1009,2,75.28,2026-07-07
ORD-003107,customer0461@demo-retail.com,SKU-1062,2,78.14,2026-04-05
ORD-003108,customer0337@demo-retail.com,SKU-1007,1,185.15,2026-06-13
ORD-003109,customer0001@demo-retail.com,SKU-1021,2,37.38,2026-05-01
ORD-003110,customer0321@demo-retail.com,SKU-1017,2,25.53,2026-04-16
ORD-003111,customer0130@demo-retail.com,SKU-1008,4,49.82,2026-07-23
ORD-003112,customer0068@demo-retail.com,SKU-1094,3,181.98,2025-08-05
ORD-003113,customer0499@demo-retail.com,SKU-1054,4,97.36,2025-03-09
ORD-003114,customer0006@demo-retail.com,SKU-1090,1,206.84,2026-07-12
ORD-003115,customer0325@demo-retail.com,SKU-1005,1,128.89,2025-05-11
ORD-003116,customer0067@demo-retail.com,SKU-1017,3,25.53,2025-08-13
ORD-003117,customer0449@demo-retail.com,SKU-1090,2,206.84,2025-05-11
ORD-003118,customer0048@demo-retail.com,SKU-1065,1,13.45,2026-07-29
ORD-003119,customer0002@demo-retail.com,SKU-1026,4,213.67,2026-05-22
ORD-003120,customer0234@demo-retail.com,SKU-1057,4,205.38,2026-07-03
ORD-003121,customer0068@demo-retail.com,SKU-1029,3,30.41,2026-04-16
ORD-003122,customer0350@demo-retail.com,SKU-1054,1,97.36,2025-04-02
ORD-003123,customer0194@demo-retail.com,SKU-1039,4,162.37,2026-04-26
ORD-003124,customer0062@demo-retail.com,SKU-1028,3,114.16,2026-04-18
ORD-003125,customer0035@demo-retail.com,SKU-1036,4,172.63,2026-07-09
ORD-003126,customer0481@demo-retail.com,SKU-1026,4,213.67,2026-08-11
ORD-003127,customer0286@demo-retail.com,SKU-1052,4,77.39,2026-05-30
ORD-003128,customer0489@demo-retail.com,SKU-1059,2,179.16,2026-05-23
ORD-003129,customer0044@demo-retail.com,SKU-1020,1,154.32,2026-05-23
ORD-003130,customer0298@demo-retail.com,SKU-1039,3,172.42,2026-08-16
ORD-003131,customer0495@demo-retail.com,SKU-1057,3,205.38,2026-08-22
ORD-003132,customer0116@demo-retail.com,SKU-1092,4,204.34,2025-07-13
ORD-003133,customer0233@demo-retail.com,SKU-1022,1,19.15,2026-05-27
ORD-003134,customer0046@demo-retail.com,SKU-1016,1,115.19,2026-05-12
ORD-003135,customer0176@demo-retail.com,SKU-1095,6,122.17,2026-07-27
ORD-003136,customer0348@demo-retail.com,SKU-1013,4,106.86,2026-07-24
ORD-003137,customer0377@demo-retail.com,SKU-1069,6,119.91,2025-02-10
ORD-003138,customer0319@demo-retail.com,SKU-1095,4,102.14,2025-04-11
ORD-003139,customer0308@demo-retail.com,SKU-1085,3,20.48,2026-08-10
ORD-003140,customer0413@demo-retail.com,SKU-1044,3,154.73,2026-04-10
ORD-003141,customer0456@demo-retail.com,SKU-1024,5,67.6,2026-04-17
ORD-003142,customer0487@demo-retail.com,SKU-1026,3,213.67,2026-06-26
ORD-003143,customer0428@demo-retail.com,SKU-1091,3,82.94,2026-08-11
ORD-003144,customer0369@demo-retail.com,SKU-1048,1,172.36,2026-08-24
ORD-003145,customer0289@demo-retail.com,SKU-1089,2,155.72,2026-02-04
ORD-003146,customer0365@demo-retail.com,SKU-1076,4,200.92,2026-02-16
ORD-003147,customer0185@demo-retail.com,SKU-1026,1,213.67,2026-06-07
ORD-003148,customer0198@demo-retail.com,SKU-1051,1,18.54,2026-06-23
ORD-003149,customer0107@demo-retail.com,SKU-1056,2,59.74,2026-08-15
ORD-003150,customer0358@demo-retail.com,SKU-1069,1,119.91,2026-08-26
ORD-003151,customer0045@demo-retail.com,SKU-1066,1,98.82,2025-11-10
ORD-003152,customer0403@demo-retail.com,SKU-1042,2,80.83,2026-07-26
ORD-003153,customer0058@demo-retail.com,SKU-1024,6,76.84,2026-05-09
ORD-003154,customer0123@demo-retail.com,SKU-1018,2,212.85,2026-06-22
ORD-003155,customer0198@demo-retail.com,SKU-1024,1,76.84,2025-09-30
ORD-003156,customer0279@demo-retail.com,SKU-1084,1,78.72,2026-06-25
ORD-003157,customer0155@demo-retail.com,SKU-1015,4,135.22,2026-03-02
ORD-003158,customer0291@demo-retail.com,SKU-1058,2,143.75,2026-08-17
ORD-003159,customer0463@demo-retail.com,SKU-1088,5,146.2,2026-08-05
ORD-003160,customer0482@demo-retail.com,SKU-1064,3,182.15,2025-05-05
ORD-003161,customer0189@demo-retail.com,SKU-1011,4,139.27,2026-08-01
ORD-003162,customer0163@demo-retail.com,SKU-1036,1,172.63,2026-07-25
ORD-003163,customer0459@demo-retail.com,SKU-1095,4,122.17,2025-10-14
ORD-003164,customer0137@demo-retail.com,SKU-1034,1,41.31,2026-05-06
ORD-003165,customer0255@demo-retail.com,SKU-1015,6,135.22,2025-02-19
ORD-003166,customer0271@demo-retail.com,SKU-1089,3,155.72,2025-01-26
ORD-003167,customer0464@demo-retail.com,SKU-1029,2,30.41,2025-06-01
ORD-003168,customer0166@demo-retail.com,SKU-1088,1,146.2,2026-05-21
ORD-003169,customer0331@demo-retail.com,SKU-1008,1,49.82,2026-06-21
ORD-003170,customer0417@demo-retail.com,SKU-1020,4,154.32,2026-01-01
ORD-003171,customer0333@demo-retail.com,SKU-1042,1,80.83,2026-05-29
ORD-003172,customer0439@demo-retail.com,SKU-1062,3,78.14,2026-07-24
ORD-003173,customer0238@demo-retail.com,SKU-1041,1,191.53,2026-07-15
ORD-003174,customer0155@demo-retail.com,SKU-1078,3,217.02,2026-08-25
ORD-003175,customer0204@demo-retail.com,SKU-1098,5,82.52,2025-08-11
ORD-003176,customer0102@demo-retail.com,SKU-1005,4,137.03,2026-07-20
ORD-003177,customer0398@demo-retail.com,SKU-1067,4,36.93,2026-07-23
ORD-003178,customer0372@demo-retail.com,SKU-1074,1,138.79,2026-07-15
ORD-003179,customer0192@demo-retail.com,SKU-1093,1,65.65,2026-07-30
ORD-003180,customer0076@demo-retail.com,SKU-1031,4,92.84,2025-08-07
ORD-003181,customer0359@demo-retail.com,SKU-1030,2,21.41,2026-03-30
ORD-003182,customer0148@demo-retail.com,SKU-1001,2,89.9,2026-07-18
ORD-003183,customer0116@demo-retail.com,SKU-1046,1,36.88,2025-08-16
ORD-003184,customer0241@demo-retail.com,SKU-1005,1,137.03,2026-06-03
ORD-003185,customer0262@demo-retail.com,SKU-1006,1,16.28,2026-05-06
ORD-003186,customer0259@demo-retail.com,SKU-1098,5,82.52,2025-05-04
ORD-003187,customer0008@demo-retail.com,SKU-1013,1,87.09,2026-08-22
ORD-003188,customer0458@demo-retail.com,SKU-1029,3,30.41,2026-07-21
ORD-003189,customer0046@demo-retail.com,SKU-1091,1,82.94,2025-07-07
ORD-003190,customer0391@demo-retail.com,SKU-1091,3,82.94,2026-03-22
ORD-003191,customer0167@demo-retail.com,SKU-1026,2,213.67,2026-05-05
ORD-003192,customer0079@demo-retail.com,SKU-1089,6,141.21,2026-07-07
ORD-003193,customer0312@demo-retail.com,SKU-1097,5,199.29,2026-08-04
ORD-003194,customer0368@demo-retail.com,SKU-1020,2,154.32,2026-04-09
ORD-003195,customer0376@demo-retail.com,SKU-1023,6,65.83,2025-07-08
ORD-003196,customer0191@demo-retail.com,SKU-1028,10,136.36,2026-06-06
ORD-003197,customer0035@demo-retail.com,SKU-1032,5,149.04,2026-05-01
ORD-003198,customer0054@demo-retail.com,SKU-1036,5,155.43,2026-04-28
ORD-003199,customer0396@demo-retail.com,SKU-1040,1,86.56,2026-04-10
ORD-003200,customer0397@demo-retail.com,SKU-1029,3,30.41,2026-08-13
ORD-003201,customer0205@demo-retail.com,SKU-1085,1,20.48,2026-06-19
ORD-003202,customer0033@demo-retail.com,SKU-1050,1,17.29,2026-05-30
ORD-003203,customer0129@demo-retail.com,SKU-1041,10,191.53,2026-05-31
ORD-003204,customer0045@demo-retail.com,SKU-1048,2,172.36,2025-03-10
ORD-003205,customer0471@demo-retail.com,SKU-1099,4,163.0,2026-04-09
ORD-003206,customer0047@demo-retail.com,SKU-1086,4,152.93,2026-04-08
ORD-003207,customer0231@demo-retail.com,SKU-1042,5,80.83,2026-08-29
ORD-003208,customer0416@demo-retail.com,SKU-1001,10,89.9,2026-05-01
ORD-003209,customer0008@demo-retail.com,SKU-1086,1,152.93,2026-07-22
ORD-003210,customer0339@demo-retail.com,SKU-1094,1,181.98,2026-07-28
ORD-003211,customer0385@demo-retail.com,SKU-1032,2,184.38,2026-08-09
ORD-003212,customer0291@demo-retail.com,SKU-1069,1,119.91,2026-04-19
ORD-003213,customer0111@demo-retail.com,SKU-1061,1,179.95,2026-04-20
ORD-003214,customer0409@demo-retail.com,SKU-1011,2,139.27,2025-08-25
ORD-003215,customer0392@demo-retail.com,SKU-1087,4,118.52,2026-05-24
ORD-003216,customer0319@demo-retail.com,SKU-1069,3,119.91,2026-06-28
ORD-003217,customer0351@demo-retail.com,SKU-1081,2,88.5,2026-07-09
ORD-003218,customer0309@demo-retail.com,SKU-1015,3,135.22,2025-07-27
ORD-003219,customer0489@demo-retail.com,SKU-1004,1,24.08,2026-07-14
ORD-003220,customer0120@demo-retail.com,SKU-1024,1,62.87,2026-06-07
ORD-003221,customer0179@demo-retail.com,SKU-1100,4,196.51,2026-08-25
ORD-003222,customer0234@demo-retail.com,SKU-1082,3,143.77,2026-07-31
ORD-003223,customer0072@demo-retail.com,SKU-1001,4,89.9,2026-08-19
ORD-003224,customer0341@demo-retail.com,SKU-1070,1,87.63,2026-06-13
ORD-003225,customer0231@demo-retail.com,SKU-1076,5,200.92,2026-05-09
ORD-003226,customer0456@demo-retail.com,SKU-1050,3,17.29,2026-07-11
ORD-003227,customer0012@demo-retail.com,SKU-1005,3,137.03,2026-06-08
ORD-003228,customer0020@demo-retail.com,SKU-1026,3,213.67,2026-04-27
ORD-003229,customer0096@demo-retail.com,SKU-1079,5,151.8,2026-05-14
ORD-003230,customer0184@demo-retail.com,SKU-1084,3,78.72,2026-04-09
ORD-003231,customer0356@demo-retail.com,SKU-1007,3,185.15,2026-07-10
ORD-003232,customer0057@demo-retail.com,SKU-1045,10,169.42,2026-05-29
ORD-003233,customer0041@demo-retail.com,SKU-1031,4,92.84,2026-06-16
ORD-003234,customer0391@demo-retail.com,SKU-1073,2,71.25,2026-07-28
ORD-003235,customer0223@demo-retail.com,SKU-1085,4,20.48,2026-02-28
ORD-003236,customer0114@demo-retail.com,SKU-1096,2,31.37,2025-10-27
ORD-003237,customer0063@demo-retail.com,SKU-1079,1,151.8,2026-06-14
ORD-003238,customer0484@demo-retail.com,SKU-1091,3,82.94,2026-06-30
ORD-003239,customer0452@demo-retail.com,SKU-1074,6,138.79,2026-07-05
ORD-003240,customer0075@demo-retail.com,SKU-1022,6,19.15,2026-04-10
ORD-003241,customer0371@demo-retail.com,SKU-1078,2,217.02,2026-07-30
ORD-003242,customer0395@demo-retail.com,SKU-1083,3,30.78,2026-06-30
ORD-003243,customer0081@demo-retail.com,SKU-1032,1,172.24,2025-04-13
ORD-003244,customer0354@demo-retail.com,SKU-1008,10,49.82,2026-07-29
ORD-003245,customer0155@demo-retail.com,SKU-1042,10,80.83,2026-05-06
ORD-003246,customer0173@demo-retail.com,SKU-1048,3,172.36,2026-05-18
ORD-003247,customer0126@demo-retail.com,SKU-1005,4,137.03,2025-05-09
ORD-003248,customer0476@demo-retail.com,SKU-1049,4,120.73,2026-06-15
ORD-003249,customer0073@demo-retail.com,SKU-1004,3,24.08,2026-08-18
ORD-003250,customer0376@demo-retail.com,SKU-1027,1,207.42,2026-08-02
ORD-003251,customer0362@demo-retail.com,SKU-1068,2,208.13,2026-06-01
ORD-003252,customer0285@demo-retail.com,SKU-1001,3,89.9,2026-05-03
ORD-003253,customer0112@demo-retail.com,SKU-1079,3,151.8,2026-04-07
ORD-003254,customer0133@demo-retail.com,SKU-1025,2,125.72,2026-06-16
ORD-003255,customer0479@demo-retail.com,SKU-1029,8,30.41,2026-08-13
ORD-003256,customer0098@demo-retail.com,SKU-1024,1,69.2,2025-10-31
ORD-003257,customer0159@demo-retail.com,SKU-1025,2,125.72,2026-06-29
ORD-003258,customer0155@demo-retail.com,SKU-1003,4,44.45,2026-08-04
ORD-003259,customer0355@demo-retail.com,SKU-1095,4,122.17,2026-04-24
ORD-003260,customer0017@demo-retail.com,SKU-1004,3,24.08,2026-07-08
ORD-003261,customer0363@demo-retail.com,SKU-1091,1,82.94,2025-11-18
ORD-003262,customer0079@demo-retail.com,SKU-1007,1,185.15,2026-04-04
ORD-003263,customer0456@demo-retail.com,SKU-1057,3,205.38,2026-05-14
ORD-003264,customer0107@demo-retail.com,SKU-1039,3,143.84,2026-08-22
ORD-003265,customer0084@demo-retail.com,SKU-1007,1,185.15,2026-01-11
ORD-003266,customer0174@demo-retail.com,SKU-1051,4,18.54,2026-03-09
ORD-003267,customer0103@demo-retail.com,SKU-1026,2,213.67,2025-06-13
ORD-003268,customer0070@demo-retail.com,SKU-1002,3,164.25,2025-08-28
ORD-003269,customer0105@demo-retail.com,SKU-1028,5,136.36,2026-08-04
ORD-003270,customer0240@demo-retail.com,SKU-1053,1,200.77,2026-06-28
ORD-003271,customer0187@demo-retail.com,SKU-1059,1,166.33,2026-05-14
ORD-003272,customer0313@demo-retail.com,SKU-1079,4,151.8,2026-05-01
ORD-003273,customer0143@demo-retail.com,SKU-1023,3,65.83,2026-08-17
ORD-003274,customer0377@demo-retail.com,SKU-1030,4,21.41,2026-07-18
ORD-003275,customer0015@demo-retail.com,SKU-1031,5,92.84,2025-06-24
ORD-003276,customer0066@demo-retail.com,SKU-1006,4,16.28,2025-05-15
ORD-003277,customer0409@demo-retail.com,SKU-1095,8,122.17,2026-08-19
ORD-003278,customer0339@demo-retail.com,SKU-1021,3,37.38,2026-07-21
ORD-003279,customer0417@demo-retail.com,SKU-1057,2,205.38,2025-03-01
ORD-003280,customer0374@demo-retail.com,SKU-1060,2,185.32,2026-07-14
ORD-003281,customer0423@demo-retail.com,SKU-1042,1,74.2,2026-05-23
ORD-003282,customer0026@demo-retail.com,SKU-1034,3,41.31,2026-07-16
ORD-003283,customer0404@demo-retail.com,SKU-1020,1,154.32,2026-05-11
ORD-003284,customer0080@demo-retail.com,SKU-1024,6,72.49,2026-08-15
ORD-003285,customer0202@demo-retail.com,SKU-1050,3,17.29,2025-12-18
ORD-003286,customer0379@demo-retail.com,SKU-1093,3,65.65,2026-04-24
ORD-003287,customer0294@demo-retail.com,SKU-1058,2,119.02,2026-07-14
ORD-003288,customer0062@demo-retail.com,SKU-1007,1,185.15,2026-08-09
ORD-003289,customer0284@demo-retail.com,SKU-1089,1,155.72,2026-06-04
ORD-003290,customer0438@demo-retail.com,SKU-1059,2,179.16,2026-08-13
ORD-003291,customer0478@demo-retail.com,SKU-1081,1,72.17,2026-08-22
ORD-003292,customer0182@demo-retail.com,SKU-1089,3,155.72,2025-09-15
ORD-003293,customer0053@demo-retail.com,SKU-1064,5,159.17,2025-04-23
ORD-003294,customer0113@demo-retail.com,SKU-1032,5,184.38,2026-06-27
ORD-003295,customer0074@demo-retail.com,SKU-1020,3,139.18,2026-06-18
ORD-003296,customer0451@demo-retail.com,SKU-1076,1,200.92,2025-09-24
ORD-003297,customer0377@demo-retail.com,SKU-1095,60,122.17,2026-07-13
ORD-003298,customer0155@demo-retail.com,SKU-1038,5,159.03,2026-06-18
ORD-003299,customer0256@demo-retail.com,SKU-1067,1,36.93,2026-04-25
ORD-003300,customer0011@demo-retail.com,SKU-1060,4,169.21,2026-06-23
ORD-003301,customer0179@demo-retail.com,SKU-1088,2,146.2,2026-06-04
ORD-003302,customer0132@demo-retail.com,SKU-1064,4,182.15,2026-05-09
ORD-003303,customer0486@demo-retail.com,SKU-1021,10,37.38,2026-07-09
ORD-003304,customer0232@demo-retail.com,SKU-1024,1,76.84,2026-06-24
ORD-003305,customer0291@demo-retail.com,SKU-1046,6,36.88,2025-06-13
ORD-003306,customer0043@demo-retail.com,SKU-1070,3,87.63,2025-12-24
ORD-003307,customer0372@demo-retail.com,SKU-1074,8,116.98,2026-05-29
ORD-003308,customer0022@demo-retail.com,SKU-1028,2,136.36,2026-05-18
ORD-003309,customer0120@demo-retail.com,SKU-1052,5,77.39,2026-08-19
ORD-003310,customer0210@demo-retail.com,SKU-1083,1,30.78,2025-06-07
ORD-003311,customer0221@demo-retail.com,SKU-1006,2,16.28,2026-07-16
ORD-003312,customer0331@demo-retail.com,SKU-1004,1,24.08,2026-04-22
ORD-003313,customer0336@demo-retail.com,SKU-1029,8,30.41,2026-08-04
ORD-003314,customer0437@demo-retail.com,SKU-1069,5,119.91,2026-04-07
ORD-003315,customer0436@demo-retail.com,SKU-1023,5,65.83,2026-08-10
ORD-003316,customer0384@demo-retail.com,SKU-1048,6,172.36,2026-08-12
ORD-003317,customer0079@demo-retail.com,SKU-1069,1,119.91,2026-01-17
ORD-003318,customer0458@demo-retail.com,SKU-1039,2,172.42,2026-05-21
ORD-003319,customer0285@demo-retail.com,SKU-1034,1,41.31,2026-06-09
ORD-003320,customer0001@demo-retail.com,SKU-1087,1,118.52,2025-05-17
ORD-003321,customer0227@demo-retail.com,SKU-1064,1,182.15,2026-04-25
ORD-003322,customer0398@demo-retail.com,SKU-1042,2,80.83,2026-06-18
ORD-003323,customer0160@demo-retail.com,SKU-1096,1,27.14,2026-05-21
ORD-003324,customer0093@demo-retail.com,SKU-1085,1,19.24,2026-06-17
ORD-003325,customer0099@demo-retail.com,SKU-1010,1,101.84,2025-07-03
ORD-003326,customer0314@demo-retail.com,SKU-1021,1,37.38,2026-06-20
ORD-003327,customer0249@demo-retail.com,SKU-1094,8,181.98,2025-10-16
ORD-003328,customer0242@demo-retail.com,SKU-1012,4,72.77,2026-08-03
ORD-003329,customer0313@demo-retail.com,SKU-1076,8,200.92,2026-02-21
ORD-003330,customer0334@demo-retail.com,SKU-1013,2,106.86,2026-04-19
ORD-003331,customer0030@demo-retail.com,SKU-1003,1,44.45,2026-04-13
ORD-003332,customer0002@demo-retail.com,SKU-1091,4,82.94,2026-07-19
ORD-003333,customer0173@demo-retail.com,SKU-1070,2,87.63,2026-07-21
ORD-003334,customer0324@demo-retail.com,SKU-1042,2,80.83,2025-01-04
ORD-003335,customer0282@demo-retail.com,SKU-1031,1,92.84,2026-04-18
ORD-003336,customer0432@demo-retail.com,SKU-1054,1,89.26,2026-07-21
ORD-003337,customer0231@demo-retail.com,SKU-1008,1,49.82,2025-03-05
ORD-003338,customer0224@demo-retail.com,SKU-1097,2,199.29,2026-05-06
ORD-003339,customer0452@demo-retail.com,SKU-1027,3,207.42,2026-04-11
ORD-003340,customer0418@demo-retail.com,SKU-1028,1,136.36,2026-07-10
ORD-003341,customer0059@demo-retail.com,SKU-1082,1,143.77,2026-06-06
ORD-003342,customer0204@demo-retail.com,SKU-1023,4,65.83,2026-02-17
ORD-003343,customer0499@demo-retail.com,SKU-1001,1,78.74,2026-08-04
ORD-003344,customer0312@demo-retail.com,SKU-1092,2,204.34,2026-07-05
ORD-003345,customer0460@demo-retail.com,SKU-1045,5,196.54,2025-08-18
ORD-003346,customer0245@demo-retail.com,SKU-1068,1,208.13,2025-03-06
ORD-003347,customer0488@demo-retail.com,SKU-1052,1,77.39,2025-01-21
ORD-003348,customer0387@demo-retail.com,SKU-1055,2,59.59,2026-08-20
ORD-003349,customer0461@demo-retail.com,SKU-1082,2,143.77,2026-08-30
ORD-003350,customer0395@demo-retail.com,SKU-1032,3,164.28,2025-09-30
ORD-003351,customer0471@demo-retail.com,SKU-1059,4,169.39,2025-04-30
ORD-003352,customer0127@demo-retail.com,SKU-1083,1,30.78,2026-04-17
ORD-003353,customer0346@demo-retail.com,SKU-1095,3,122.17,2025-07-02
ORD-003354,customer0189@demo-retail.com,SKU-1049,2,120.73,2026-02-05
ORD-003355,customer0446@demo-retail.com,SKU-1079,1,151.8,2026-07-19
ORD-003356,customer0158@demo-retail.com,SKU-1027,3,207.42,2026-05-09
ORD-003357,customer0167@demo-retail.com,SKU-1044,1,163.76,2025-06-16
ORD-003358,customer0228@demo-retail.com,SKU-1098,2,82.52,2026-08-29
ORD-003359,customer0138@demo-retail.com,SKU-1057,1,183.32,2026-08-26
ORD-003360,customer0392@demo-retail.com,SKU-1009,2,75.28,2026-06-15
ORD-003361,customer0284@demo-retail.com,SKU-1001,2,89.9,2026-04-10
ORD-003362,customer0287@demo-retail.com,SKU-1033,5,70.43,2026-05-25
ORD-003363,customer0039@demo-retail.com,SKU-1036,1,172.63,2026-05-20
ORD-003364,customer0058@demo-retail.com,SKU-1039,2,172.42,2026-04-24
ORD-003365,customer0176@demo-retail.com,SKU-1081,2,88.5,2026-06-16
ORD-003366,customer0195@demo-retail.com,SKU-1014,4,53.53,2026-04-17
ORD-003367,customer0006@demo-retail.com,SKU-1041,3,171.61,2026-06-18
ORD-003368,customer0495@demo-retail.com,SKU-1042,3,80.83,2025-01-11
ORD-003369,customer0072@demo-retail.com,SKU-1052,4,66.56,2025-06-17
ORD-003370,customer0431@demo-retail.com,SKU-1003,5,44.45,2026-08-16
ORD-003371,customer0054@demo-retail.com,SKU-1067,2,34.4,2026-01-03
ORD-003372,customer0412@demo-retail.com,SKU-1086,3,152.93,2026-07-14
ORD-003373,customer0122@demo-retail.com,SKU-1071,5,212.19,2026-07-08
ORD-003374,customer0178@demo-retail.com,SKU-1071,10,212.19,2026-08-04
ORD-003375,customer0469@demo-retail.com,SKU-1048,5,139.08,2026-05-09
ORD-003376,customer0348@demo-retail.com,SKU-1098,2,82.52,2026-05-24
ORD-003377,customer0105@demo-retail.com,SKU-1083,1,30.78,2025-12-31
ORD-003378,customer0286@demo-retail.com,SKU-1013,2,106.86,2026-06-18
ORD-003379,customer0433@demo-retail.com,SKU-1086,4,152.93,2026-07-09
ORD-003380,customer0390@demo-retail.com,SKU-1065,2,13.45,2026-08-18
ORD-003381,customer0242@demo-retail.com,SKU-1068,2,208.13,2026-08-01
ORD-003382,customer0324@demo-retail.com,SKU-1015,5,135.22,2025-02-01
ORD-003383,customer0119@demo-retail.com,SKU-1007,2,185.15,2025-05-06
ORD-003384,customer0308@demo-retail.com,SKU-1017,5,22.28,2025-09-16
ORD-003385,customer0463@demo-retail.com,SKU-1072,2,115.43,2026-03-09
ORD-003386,customer0194@demo-retail.com,SKU-1005,2,137.03,2026-06-15
ORD-003387,customer0306@demo-retail.com,SKU-1079,2,151.8,2026-06-04
ORD-003388,customer0092@demo-retail.com,SKU-1099,4,163.0,2026-05-15
ORD-003389,customer0121@demo-retail.com,SKU-1043,1,76.68,2026-08-29
ORD-003390,customer0133@demo-retail.com,SKU-1004,1,24.08,2026-03-27
ORD-003391,customer0351@demo-retail.com,SKU-1037,8,13.15,2026-04-15
ORD-003392,customer0088@demo-retail.com,SKU-1042,1,80.83,2026-05-12
ORD-003393,customer0004@demo-retail.com,SKU-1041,3,157.17,2026-07-05
ORD-003394,customer0053@demo-retail.com,SKU-1028,3,136.36,2026-06-03
ORD-003395,customer0380@demo-retail.com,SKU-1001,2,74.41,2025-02-27
ORD-003396,customer0399@demo-retail.com,SKU-1092,3,204.34,2026-08-14
ORD-003397,customer0081@demo-retail.com,SKU-1064,1,182.15,2026-04-20
ORD-003398,customer0178@demo-retail.com,SKU-1080,3,61.43,2025-09-10
ORD-003399,customer0093@demo-retail.com,SKU-1022,2,19.15,2026-06-09
ORD-003400,customer0365@demo-retail.com,SKU-1018,3,173.97,2025-12-21
ORD-003401,customer0315@demo-retail.com,SKU-1048,1,146.57,2026-04-28
ORD-003402,customer0158@demo-retail.com,SKU-1047,3,170.24,2026-08-19
ORD-003403,customer0118@demo-retail.com,SKU-1061,1,179.95,2026-06-24
ORD-003404,customer0225@demo-retail.com,SKU-1039,1,172.42,2026-07-26
ORD-003405,customer0427@demo-retail.com,SKU-1015,1,135.22,2025-10-30
ORD-003406,customer0413@demo-retail.com,SKU-1090,1,206.84,2026-06-16
ORD-003407,customer0171@demo-retail.com,SKU-1005,5,137.03,2026-07-10
ORD-003408,customer0272@demo-retail.com,SKU-1016,2,127.04,2026-07-13
ORD-003409,customer0267@demo-retail.com,SKU-1083,6,30.78,2025-09-03
ORD-003410,customer0243@demo-retail.com,SKU-1066,8,98.82,2026-08-22
ORD-003411,customer0181@demo-retail.com,SKU-1009,3,75.28,2026-07-25
ORD-003412,customer0424@demo-retail.com,SKU-1037,1,13.15,2026-08-29
ORD-003413,customer0063@demo-retail.com,SKU-1024,2,76.84,2025-11-17
ORD-003414,customer0374@demo-retail.com,SKU-1042,4,80.83,2026-07-08
ORD-003415,customer0263@demo-retail.com,SKU-1013,2,92.3,2025-02-21
ORD-003416,customer0446@demo-retail.com,SKU-1036,1,150.51,2026-06-18
ORD-003417,customer0415@demo-retail.com,SKU-1076,3,200.92,2025-06-16
ORD-003418,customer0417@demo-retail.com,SKU-1027,5,207.42,2025-08-18
ORD-003419,customer0407@demo-retail.com,SKU-1081,4,88.5,2026-05-27
ORD-003420,customer0300@demo-retail.com,SKU-1074,1,138.79,2026-04-03
ORD-003421,customer0284@demo-retail.com,SKU-1077,3,42.14,2026-04-17
ORD-003422,customer0363@demo-retail.com,SKU-1088,1,118.82,2026-07-03
ORD-003423,customer0464@demo-retail.com,SKU-1038,1,159.03,2026-04-20
ORD-003424,customer0265@demo-retail.com,SKU-1100,5,196.51,2026-04-22
ORD-003425,customer0190@demo-retail.com,SKU-1075,1,22.71,2026-04-14
ORD-003426,customer0326@demo-retail.com,SKU-1043,1,76.68,2026-05-18
ORD-003427,customer0057@demo-retail.com,SKU-1095,1,100.36,2026-04-21
ORD-003428,customer0375@demo-retail.com,SKU-1060,5,197.65,2026-04-04
ORD-003429,customer0154@demo-retail.com,SKU-1018,4,212.85,2025-03-17
ORD-003430,customer0237@demo-retail.com,SKU-1011,3,139.27,2026-05-08
ORD-003431,customer0474@demo-retail.com,SKU-1034,4,34.7,2026-06-16
ORD-003432,customer0390@demo-retail.com,SKU-1064,1,182.15,2026-03-12
ORD-003433,customer0043@demo-retail.com,SKU-1014,2,53.53,2026-04-20
ORD-003434,customer0175@demo-retail.com,SKU-1065,2,13.45,2026-04-18
ORD-003435,customer0126@demo-retail.com,SKU-1074,1,138.79,2026-08-11
ORD-003436,customer0484@demo-retail.com,SKU-1036,2,172.63,2025-03-23
ORD-003437,customer0408@demo-retail.com,SKU-1095,6,122.17,2025-01-24
ORD-003438,customer0434@demo-retail.com,SKU-1081,1,77.01,2026-08-10
ORD-003439,customer0287@demo-retail.com,SKU-1019,2,75.36,2026-06-12
ORD-003440,customer0046@demo-retail.com,SKU-1048,1,172.36,2026-07-06
ORD-003441,customer0011@demo-retail.com,SKU-1097,1,199.29,2026-07-06
ORD-003442,customer0065@demo-retail.com,SKU-1025,6,114.61,2025-11-23
ORD-003443,customer0041@demo-retail.com,SKU-1075,2,22.71,2026-07-01
ORD-003444,customer0158@demo-retail.com,SKU-1061,2,179.95,2026-04-07
ORD-003445,customer0219@demo-retail.com,SKU-1093,4,57.75,2026-06-30
ORD-003446,customer0368@demo-retail.com,SKU-1065,1,13.45,2025-04-14
ORD-003447,customer0109@demo-retail.com,SKU-1039,2,172.42,2026-07-28
ORD-003448,customer0408@demo-retail.com,SKU-1090,2,206.84,2026-06-05
ORD-003449,customer0469@demo-retail.com,SKU-1018,3,212.85,2026-05-21
ORD-003450,customer0126@demo-retail.com,SKU-1073,10,71.25,2026-05-21
ORD-003451,customer0171@demo-retail.com,SKU-1081,4,88.5,2026-08-30
ORD-003452,customer0188@demo-retail.com,SKU-1012,2,72.77,2026-03-17
ORD-003453,customer0172@demo-retail.com,SKU-1084,5,78.72,2025-03-30
ORD-003454,customer0096@demo-retail.com,SKU-1073,1,71.25,2026-04-29
ORD-003455,customer0127@demo-retail.com,SKU-1038,1,159.03,2026-05-26
ORD-003456,customer0467@demo-retail.com,SKU-1066,1,98.82,2026-07-28
ORD-003457,customer0305@demo-retail.com,SKU-1070,2,87.63,2026-07-22
ORD-003458,customer0469@demo-retail.com,SKU-1044,2,133.03,2026-08-30
ORD-003459,customer0419@demo-retail.com,SKU-1009,3,75.28,2025-09-20
ORD-003460,customer0357@demo-retail.com,SKU-1080,6,61.43,2026-08-05
ORD-003461,customer0275@demo-retail.com,SKU-1043,2,76.68,2025-07-29
ORD-003462,customer0500@demo-retail.com,SKU-1006,2,13.49,2026-06-25
ORD-003463,customer0252@demo-retail.com,SKU-1018,1,174.84,2026-08-31
ORD-003464,customer0479@demo-retail.com,SKU-1018,1,212.85,2026-05-15
ORD-003465,customer0139@demo-retail.com,SKU-1087,3,118.52,2026-06-26
ORD-003466,customer0475@demo-retail.com,SKU-1028,2,136.36,2026-06-11
ORD-003467,customer0206@demo-retail.com,SKU-1064,5,182.15,2026-03-05
ORD-003468,customer0089@demo-retail.com,SKU-1073,1,71.25,2025-01-04
ORD-003469,customer0392@demo-retail.com,SKU-1059,1,179.16,2026-06-06
ORD-003470,customer0122@demo-retail.com,SKU-1091,2,82.94,2025-04-25
ORD-003471,customer0434@demo-retail.com,SKU-1018,1,212.85,2026-05-07
ORD-003472,customer0496@demo-retail.com,SKU-1083,1,30.78,2025-01-22
ORD-003473,customer0388@demo-retail.com,SKU-1014,4,53.53,2026-08-01
ORD-003474,customer0157@demo-retail.com,SKU-1026,1,213.67,2026-08-23
ORD-003475,customer0253@demo-retail.com,SKU-1065,3,13.45,2025-03-08
ORD-003476,customer0114@demo-retail.com,SKU-1066,2,98.82,2026-01-03
ORD-003477,customer0008@demo-retail.com,SKU-1058,1,130.47,2026-05-02
ORD-003478,customer0099@demo-retail.com,SKU-1045,2,196.54,2026-08-03
ORD-003479,customer0280@demo-retail.com,SKU-1024,4,64.52,2026-08-26
ORD-003480,customer0035@demo-retail.com,SKU-1034,2,38.44,2026-08-21
ORD-003481,customer0335@demo-retail.com,SKU-1093,4,65.65,2025-02-05
ORD-003482,customer0011@demo-retail.com,SKU-1009,1,75.28,2026-06-21
ORD-003483,customer0290@demo-retail.com,SKU-1013,4,106.86,2025-10-06
ORD-003484,customer0330@demo-retail.com,SKU-1071,1,212.19,2025-09-03
ORD-003485,customer0489@demo-retail.com,SKU-1013,3,97.52,2025-11-13
ORD-003486,customer0301@demo-retail.com,SKU-1004,3,24.08,2026-05-04
ORD-003487,customer0444@demo-retail.com,SKU-1033,6,70.43,2026-05-24
ORD-003488,customer0254@demo-retail.com,SKU-1011,2,139.27,2026-05-28
ORD-003489,customer0427@demo-retail.com,SKU-1034,1,41.31,2026-08-28
ORD-003490,customer0056@demo-retail.com,SKU-1013,1,106.86,2026-05-16
ORD-003491,customer0270@demo-retail.com,SKU-1049,5,120.73,2026-06-14
ORD-003492,customer0077@demo-retail.com,SKU-1002,3,164.25,2026-05-02
ORD-003493,customer0399@demo-retail.com,SKU-1020,4,154.32,2025-02-27
ORD-003494,customer0458@demo-retail.com,SKU-1051,1,18.54,2025-08-31
ORD-003495,customer0210@demo-retail.com,SKU-1026,2,213.67,2026-05-31
ORD-003496,customer0310@demo-retail.com,SKU-1061,1,157.32,2026-05-04
ORD-003497,customer0014@demo-retail.com,SKU-1002,8,164.25,2026-04-09
ORD-003498,customer0399@demo-retail.com,SKU-1097,3,199.29,2026-07-14
ORD-003499,customer0277@demo-retail.com,SKU-1027,6,207.42,2026-08-04
ORD-003500,customer0336@demo-retail.com,SKU-1010,1,83.3,2026-04-29
ORD-003501,customer0446@demo-retail.com,SKU-1041,3,191.53,2025-09-17
ORD-003502,customer0057@demo-retail.com,SKU-1064,3,182.15,2025-04-25
ORD-003503,customer0428@demo-retail.com,SKU-1061,16,179.95,2025-03-12
ORD-003504,customer0389@demo-retail.com,SKU-1029,5,30.41,2026-07-25
ORD-003505,customer0185@demo-retail.com,SKU-1024,8,76.84,2025-05-15
ORD-003506,customer0110@demo-retail.com,SKU-1024,5,76.84,2026-06-05
ORD-003507,customer0140@demo-retail.com,SKU-1075,4,22.71,2026-08-27
ORD-003508,customer0193@demo-retail.com,SKU-1024,1,76.84,2026-05-01
ORD-003509,customer0049@demo-retail.com,SKU-1041,2,164.97,2026-06-02
ORD-003510,customer0286@demo-retail.com,SKU-1093,8,65.65,2025-11-04
ORD-003511,customer0184@demo-retail.com,SKU-1089,1,155.72,2026-06-04
ORD-003512,customer0055@demo-retail.com,SKU-1014,4,50.49,2026-07-29
ORD-003513,customer0413@demo-retail.com,SKU-1022,4,19.15,2026-08-08
ORD-003514,customer0311@demo-retail.com,SKU-1094,3,181.98,2025-10-20
ORD-003515,customer0406@demo-retail.com,SKU-1055,10,59.59,2026-04-11
ORD-003516,customer0238@demo-retail.com,SKU-1028,2,109.29,2025-05-10
ORD-003517,customer0133@demo-retail.com,SKU-1059,2,179.16,2026-06-13
ORD-003518,customer0290@demo-retail.com,SKU-1012,1,61.4,2026-04-11
ORD-003519,customer0224@demo-retail.com,SKU-1011,2,123.35,2025-05-14
ORD-003520,customer0458@demo-retail.com,SKU-1099,1,163.0,2026-06-26
ORD-003521,customer0403@demo-retail.com,SKU-1026,2,213.67,2026-07-30
ORD-003522,customer0139@demo-retail.com,SKU-1056,5,72.27,2026-04-23
ORD-003523,customer0294@demo-retail.com,SKU-1029,6,30.41,2026-08-01
ORD-003524,customer0366@demo-retail.com,SKU-1019,1,71.57,2026-07-15
ORD-003525,customer0481@demo-retail.com,SKU-1088,2,146.2,2026-04-28
ORD-003526,customer0450@demo-retail.com,SKU-1001,6,89.9,2026-06-08
ORD-003527,customer0266@demo-retail.com,SKU-1071,1,212.19,2026-08-27
ORD-003528,customer0123@demo-retail.com,SKU-1059,1,179.16,2026-02-17
ORD-003529,customer0394@demo-retail.com,SKU-1074,1,138.79,2026-04-20
ORD-003530,customer0409@demo-retail.com,SKU-1052,36,77.39,2026-08-01
ORD-003531,customer0386@demo-retail.com,SKU-1073,1,59.51,2026-01-29
ORD-003532,customer0380@demo-retail.com,SKU-1059,8,179.16,2025-07-26
ORD-003533,customer0236@demo-retail.com,SKU-1094,2,181.98,2026-08-15
ORD-003534,customer0173@demo-retail.com,SKU-1094,2,181.98,2026-04-15
ORD-003535,customer0246@demo-retail.com,SKU-1055,1,59.59,2026-07-15
ORD-003536,customer0418@demo-retail.com,SKU-1077,2,42.14,2026-08-26
ORD-003537,customer0223@demo-retail.com,SKU-1032,3,170.6,2026-07-06
ORD-003538,customer0268@demo-retail.com,SKU-1013,4,106.86,2025-03-26
ORD-003539,customer0190@demo-retail.com,SKU-1083,4,30.78,2026-07-23
ORD-003540,customer0077@demo-retail.com,SKU-1040,3,86.56,2026-04-07
ORD-003541,customer0186@demo-retail.com,SKU-1009,6,75.28,2026-08-28
ORD-003542,customer0229@demo-retail.com,SKU-1004,5,24.08,2026-05-18
ORD-003543,customer0298@demo-retail.com,SKU-1037,4,13.15,2026-06-28
ORD-003544,customer0367@demo-retail.com,SKU-1019,1,61.85,2026-05-10
ORD-003545,customer0362@demo-retail.com,SKU-1018,1,212.85,2025-01-17
ORD-003546,customer0335@demo-retail.com,SKU-1018,1,212.85,2025-06-05
ORD-003547,customer0077@demo-retail.com,SKU-1001,3,89.9,2025-10-23
ORD-003548,customer0455@demo-retail.com,SKU-1065,2,13.45,2026-06-04
ORD-003549,customer0117@demo-retail.com,SKU-1060,2,197.65,2026-07-28
ORD-003550,customer0082@demo-retail.com,SKU-1040,5,86.56,2026-02-26
ORD-003551,customer0151@demo-retail.com,SKU-1002,6,164.25,2025-01-18
ORD-003552,customer0283@demo-retail.com,SKU-1018,6,173.99,2026-07-28
ORD-003553,customer0091@demo-retail.com,SKU-1081,2,88.5,2026-08-14
ORD-003554,customer0341@demo-retail.com,SKU-1037,4,13.15,2026-08-27
ORD-003555,customer0309@demo-retail.com,SKU-1060,1,170.76,2025-03-04
ORD-003556,customer0288@demo-retail.com,SKU-1017,1,20.76,2026-08-10
ORD-003557,customer0463@demo-retail.com,SKU-1026,1,213.67,2026-07-18
ORD-003558,customer0180@demo-retail.com,SKU-1009,2,70.44,2026-03-14
ORD-003559,customer0255@demo-retail.com,SKU-1002,2,164.25,2026-01-19
ORD-003560,customer0196@demo-retail.com,SKU-1040,5,86.56,2026-06-26
ORD-003561,customer0226@demo-retail.com,SKU-1019,1,75.36,2026-07-17
ORD-003562,customer0055@demo-retail.com,SKU-1004,4,24.08,2026-01-28
ORD-003563,customer0381@demo-retail.com,SKU-1093,3,65.65,2026-04-26
ORD-003564,customer0433@demo-retail.com,SKU-1063,2,59.41,2025-11-13
ORD-003565,customer0252@demo-retail.com,SKU-1011,2,139.27,2026-05-16
ORD-003566,customer0052@demo-retail.com,SKU-1097,2,173.15,2026-06-11
ORD-003567,customer0002@demo-retail.com,SKU-1058,3,143.75,2026-02-08
ORD-003568,customer0478@demo-retail.com,SKU-1045,2,196.54,2026-02-01
ORD-003569,customer0040@demo-retail.com,SKU-1036,1,172.63,2026-07-29
ORD-003570,customer0227@demo-retail.com,SKU-1070,1,87.63,2026-05-19
ORD-003571,customer0240@demo-retail.com,SKU-1061,3,179.95,2025-10-28
ORD-003572,customer0008@demo-retail.com,SKU-1047,6,170.24,2026-07-09
ORD-003573,customer0257@demo-retail.com,SKU-1039,2,172.42,2026-04-23
ORD-003574,customer0161@demo-retail.com,SKU-1031,4,92.84,2025-05-09
ORD-003575,customer0215@demo-retail.com,SKU-1093,3,65.65,2026-06-14
ORD-003576,customer0045@demo-retail.com,SKU-1020,6,154.32,2026-08-03
ORD-003577,customer0183@demo-retail.com,SKU-1021,5,37.38,2025-12-31
ORD-003578,customer0354@demo-retail.com,SKU-1085,3,20.48,2026-05-21
ORD-003579,customer0344@demo-retail.com,SKU-1013,3,106.86,2025-05-07
ORD-003580,customer0272@demo-retail.com,SKU-1011,6,139.27,2026-04-13
ORD-003581,customer0158@demo-retail.com,SKU-1030,2,21.41,2026-03-16
ORD-003582,customer0413@demo-retail.com,SKU-1065,2,11.8,2026-05-28
ORD-003583,customer0012@demo-retail.com,SKU-1069,1,119.91,2026-05-16
ORD-003584,customer0434@demo-retail.com,SKU-1045,5,158.52,2025-01-19
ORD-003585,customer0101@demo-retail.com,SKU-1040,4,86.56,2026-05-29
ORD-003586,customer0442@demo-retail.com,SKU-1032,1,184.38,2025-07-10
ORD-003587,customer0003@demo-retail.com,SKU-1055,3,59.59,2026-04-18
ORD-003588,customer0028@demo-retail.com,SKU-1050,2,17.29,2026-04-24
ORD-003589,customer0305@demo-retail.com,SKU-1014,1,53.53,2026-07-11
ORD-003590,customer0046@demo-retail.com,SKU-1011,10,111.69,2025-02-20
ORD-003591,customer0124@demo-retail.com,SKU-1015,1,135.22,2026-05-02
ORD-003592,customer0391@demo-retail.com,SKU-1060,1,197.65,2026-08-27
ORD-003593,customer0388@demo-retail.com,SKU-1081,3,88.5,2025-04-18
ORD-003594,customer0367@demo-retail.com,SKU-1088,4,146.2,2025-12-30
ORD-003595,customer0051@demo-retail.com,SKU-1034,1,41.31,2026-04-24
ORD-003596,customer0169@demo-retail.com,SKU-1068,3,208.13,2026-04-23
ORD-003597,customer0491@demo-retail.com,SKU-1027,3,207.42,2025-03-20
ORD-003598,customer0242@demo-retail.com,SKU-1003,1,44.45,2026-08-01
ORD-003599,customer0382@demo-retail.com,SKU-1067,5,36.93,2026-03-31
ORD-003600,customer0117@demo-retail.com,SKU-1092,3,204.34,2026-08-17
ORD-003601,customer0354@demo-retail.com,SKU-1071,2,212.19,2026-08-24
ORD-003602,customer0458@demo-retail.com,SKU-1017,6,25.53,2026-07-23
ORD-003603,customer0247@demo-retail.com,SKU-1033,5,58.44,2026-01-29
ORD-003604,customer0230@demo-retail.com,SKU-1006,10,16.28,2026-07-04
ORD-003605,customer0409@demo-retail.com,SKU-1024,1,69.8,2026-08-30
ORD-003606,customer0444@demo-retail.com,SKU-1060,8,163.15,2026-06-02
ORD-003607,customer0409@demo-retail.com,SKU-1025,2,125.72,2026-06-17
ORD-003608,customer0497@demo-retail.com,SKU-1021,2,37.38,2026-07-15
ORD-003609,customer0343@demo-retail.com,SKU-1078,1,217.02,2026-05-25
ORD-003610,customer0342@demo-retail.com,SKU-1051,1,18.54,2025-09-23
ORD-003611,customer0224@demo-retail.com,SKU-1009,4,66.75,2026-06-01
ORD-003612,customer0384@demo-retail.com,SKU-1090,2,206.84,2026-01-09
ORD-003613,customer0060@demo-retail.com,SKU-1095,1,122.17,2026-08-17
ORD-003614,customer0003@demo-retail.com,SKU-1010,3,84.49,2026-02-02
ORD-003615,customer0133@demo-retail.com,SKU-1099,1,151.15,2026-04-20
ORD-003616,customer0276@demo-retail.com,SKU-1080,3,61.43,2025-04-26
ORD-003617,customer0034@demo-retail.com,SKU-1065,2,12.6,2026-06-18
ORD-003618,customer0162@demo-retail.com,SKU-1002,5,133.89,2025-03-18
ORD-003619,customer0369@demo-retail.com,SKU-1061,5,179.95,2026-01-22
ORD-003620,customer0149@demo-retail.com,SKU-1090,2,206.84,2026-05-24
ORD-003621,customer0159@demo-retail.com,SKU-1030,2,18.17,2026-06-08
ORD-003622,customer0216@demo-retail.com,SKU-1064,2,182.15,2025-10-10
ORD-003623,customer0439@demo-retail.com,SKU-1055,4,59.59,2026-04-04
ORD-003624,customer0382@demo-retail.com,SKU-1042,2,80.83,2026-06-06
ORD-003625,customer0465@demo-retail.com,SKU-1058,1,143.75,2026-08-12
ORD-003626,customer0289@demo-retail.com,SKU-1098,1,70.5,2026-05-28
ORD-003627,customer0344@demo-retail.com,SKU-1098,2,82.52,2026-08-20
ORD-003628,customer0079@demo-retail.com,SKU-1003,2,44.45,2026-05-25
ORD-003629,customer0144@demo-retail.com,SKU-1099,5,163.0,2026-01-14
ORD-003630,customer0227@demo-retail.com,SKU-1009,1,75.28,2026-06-01
ORD-003631,customer0063@demo-retail.com,SKU-1060,2,197.65,2026-04-25
ORD-003632,customer0329@demo-retail.com,SKU-1069,4,119.91,2026-05-08
ORD-003633,customer0250@demo-retail.com,SKU-1013,5,106.86,2025-08-10
ORD-003634,customer0152@demo-retail.com,SKU-1057,2,205.38,2026-07-15
ORD-003635,customer0236@demo-retail.com,SKU-1091,2,82.94,2026-06-09
ORD-003636,customer0133@demo-retail.com,SKU-1043,2,76.68,2026-07-18
ORD-003637,customer0096@demo-retail.com,SKU-1058,6,143.75,2026-07-25
ORD-003638,customer0220@demo-retail.com,SKU-1054,1,87.42,2026-04-05
ORD-003639,customer0245@demo-retail.com,SKU-1019,6,75.36,2026-07-10
ORD-003640,customer0373@demo-retail.com,SKU-1027,3,207.42,2025-12-13
ORD-003641,customer0310@demo-retail.com,SKU-1046,3,36.88,2026-07-27
ORD-003642,customer0311@demo-retail.com,SKU-1061,1,179.95,2026-04-24
ORD-003643,customer0471@demo-retail.com,SKU-1067,2,36.93,2025-09-27
ORD-003644,customer0030@demo-retail.com,SKU-1023,2,65.83,2026-07-03
ORD-003645,customer0178@demo-retail.com,SKU-1001,1,89.9,2025-09-23
ORD-003646,customer0103@demo-retail.com,SKU-1061,3,179.95,2025-05-29
ORD-003647,customer0438@demo-retail.com,SKU-1077,8,42.14,2025-12-02
ORD-003648,customer0350@demo-retail.com,SKU-1025,3,125.72,2025-11-18
ORD-003649,customer0305@demo-retail.com,SKU-1065,4,13.45,2026-05-02
ORD-003650,customer0224@demo-retail.com,SKU-1021,1,37.38,2026-06-27
ORD-003651,customer0133@demo-retail.com,SKU-1068,2,208.13,2025-09-05
ORD-003652,customer0429@demo-retail.com,SKU-1096,1,31.37,2026-05-20
ORD-003653,customer0484@demo-retail.com,SKU-1023,3,65.83,2026-07-17
ORD-003654,customer0426@demo-retail.com,SKU-1060,6,197.65,2026-08-12
ORD-003655,customer0055@demo-retail.com,SKU-1063,3,50.15,2026-08-01
ORD-003656,customer0059@demo-retail.com,SKU-1048,1,172.36,2026-04-14
ORD-003657,customer0017@demo-retail.com,SKU-1030,2,21.41,2026-04-12
ORD-003658,customer0107@demo-retail.com,SKU-1002,3,164.25,2026-08-16
ORD-003659,customer0212@demo-retail.com,SKU-1096,2,31.37,2026-07-16
ORD-003660,customer0456@demo-retail.com,SKU-1013,5,106.86,2025-01-15
ORD-003661,customer0217@demo-retail.com,SKU-1008,5,49.82,2026-08-12
ORD-003662,customer0413@demo-retail.com,SKU-1028,3,136.36,2026-08-27
ORD-003663,customer0351@demo-retail.com,SKU-1044,2,145.34,2026-08-21
ORD-003664,customer0094@demo-retail.com,SKU-1059,1,179.16,2026-05-18
ORD-003665,customer0082@demo-retail.com,SKU-1057,1,205.38,2026-08-03
ORD-003666,customer0003@demo-retail.com,SKU-1072,2,115.43,2026-07-01
ORD-003667,customer0476@demo-retail.com,SKU-1097,2,185.77,2026-05-22
ORD-003668,customer0056@demo-retail.com,SKU-1042,3,80.83,2026-04-13
ORD-003669,customer0359@demo-retail.com,SKU-1060,3,197.65,2026-07-30
ORD-003670,customer0459@demo-retail.com,SKU-1021,1,37.38,2026-08-09
ORD-003671,customer0500@demo-retail.com,SKU-1039,2,172.42,2026-08-19
ORD-003672,customer0215@demo-retail.com,SKU-1092,1,204.34,2026-05-13
ORD-003673,customer0284@demo-retail.com,SKU-1022,1,19.15,2026-04-10
ORD-003674,customer0320@demo-retail.com,SKU-1034,5,41.31,2026-04-28
ORD-003675,customer0440@demo-retail.com,SKU-1065,1,13.45,2026-08-31
ORD-003676,customer0386@demo-retail.com,SKU-1047,2,170.24,2026-04-27
ORD-003677,customer0341@demo-retail.com,SKU-1002,1,155.05,2026-04-14
ORD-003678,customer0096@demo-retail.com,SKU-1022,5,19.15,2025-02-17
ORD-003679,customer0318@demo-retail.com,SKU-1031,3,92.84,2025-11-03
ORD-003680,customer0116@demo-retail.com,SKU-1075,1,21.43,2026-08-23
ORD-003681,customer0491@demo-retail.com,SKU-1001,2,89.9,2026-07-18
ORD-003682,customer0413@demo-retail.com,SKU-1084,4,78.72,2026-05-28
ORD-003683,customer0146@demo-retail.com,SKU-1044,8,163.76,2026-07-05
ORD-003684,customer0298@demo-retail.com,SKU-1052,1,77.39,2025-08-20
ORD-003685,customer0100@demo-retail.com,SKU-1080,5,61.43,2026-07-09
ORD-003686,customer0202@demo-retail.com,SKU-1032,6,184.38,2025-10-29
ORD-003687,customer0178@demo-retail.com,SKU-1004,6,24.08,2026-04-16
ORD-003688,customer0065@demo-retail.com,SKU-1016,3,138.37,2025-08-25
ORD-003689,customer0451@demo-retail.com,SKU-1021,3,37.38,2025-04-03
ORD-003690,customer0465@demo-retail.com,SKU-1041,2,191.53,2026-05-23
ORD-003691,customer0074@demo-retail.com,SKU-1016,4,138.37,2026-08-17
ORD-003692,customer0159@demo-retail.com,SKU-1059,3,179.16,2026-04-30
ORD-003693,customer0094@demo-retail.com,SKU-1050,3,17.29,2026-08-28
ORD-003694,customer0462@demo-retail.com,SKU-1027,2,207.42,2026-08-03
ORD-003695,customer0093@demo-retail.com,SKU-1017,4,21.3,2026-08-24
ORD-003696,customer0206@demo-retail.com,SKU-1093,5,65.65,2026-07-03
ORD-003697,customer0078@demo-retail.com,SKU-1041,1,191.53,2026-04-30
ORD-003698,customer0053@demo-retail.com,SKU-1050,5,13.9,2025-09-15
ORD-003699,customer0415@demo-retail.com,SKU-1058,3,127.31,2025-05-04
ORD-003700,customer0162@demo-retail.com,SKU-1035,5,27.51,2026-04-17
ORD-003701,customer0182@demo-retail.com,SKU-1009,2,75.28,2026-08-04
ORD-003702,customer0139@demo-retail.com,SKU-1013,2,106.86,2026-06-11
ORD-003703,customer0122@demo-retail.com,SKU-1039,6,159.95,2026-08-05
ORD-003704,customer0072@demo-retail.com,SKU-1082,1,143.77,2026-05-05
ORD-003705,customer0079@demo-retail.com,SKU-1017,5,25.53,2026-06-28
ORD-003706,customer0409@demo-retail.com,SKU-1081,2,88.5,2026-06-27
ORD-003707,customer0093@demo-retail.com,SKU-1076,2,200.92,2026-08-03
ORD-003708,customer0253@demo-retail.com,SKU-1062,2,78.14,2026-04-15
ORD-003709,customer0493@demo-retail.com,SKU-1026,3,213.67,2026-04-06
ORD-003710,customer0221@demo-retail.com,SKU-1072,2,115.43,2026-04-03
ORD-003711,customer0175@demo-retail.com,SKU-1022,1,19.15,2026-08-17
ORD-003712,customer0030@demo-retail.com,SKU-1036,1,172.63,2026-05-13
ORD-003713,customer0270@demo-retail.com,SKU-1095,1,122.17,2026-06-01
ORD-003714,customer0224@demo-retail.com,SKU-1090,8,206.84,2026-06-10
ORD-003715,customer0379@demo-retail.com,SKU-1003,8,44.45,2026-07-18
ORD-003716,customer0087@demo-retail.com,SKU-1100,2,196.51,2026-04-04
ORD-003717,customer0192@demo-retail.com,SKU-1095,4,122.17,2025-11-23
ORD-003718,customer0094@demo-retail.com,SKU-1023,2,53.71,2026-07-22
ORD-003719,customer0388@demo-retail.com,SKU-1022,3,19.15,2026-05-20
ORD-003720,customer0302@demo-retail.com,SKU-1025,4,125.72,2026-05-18
ORD-003721,customer0406@demo-retail.com,SKU-1022,8,19.15,2025-04-03
ORD-003722,customer0090@demo-retail.com,SKU-1074,2,138.79,2026-04-08
ORD-003723,customer0088@demo-retail.com,SKU-1051,4,18.54,2026-05-17
ORD-003724,customer0135@demo-retail.com,SKU-1001,1,89.9,2026-05-21
ORD-003725,customer0185@demo-retail.com,SKU-1075,10,22.71,2025-02-23
ORD-003726,customer0021@demo-retail.com,SKU-1083,1,30.78,2026-06-20
ORD-003727,customer0113@demo-retail.com,SKU-1074,3,138.79,2026-08-10
ORD-003728,customer0083@demo-retail.com,SKU-1018,3,212.85,2026-07-17
ORD-003729,customer0437@demo-retail.com,SKU-1049,15,120.73,2026-07-06
ORD-003730,customer0237@demo-retail.com,SKU-1019,1,64.81,2026-04-18
ORD-003731,customer0243@demo-retail.com,SKU-1008,6,49.82,2026-05-16
ORD-003732,customer0270@demo-retail.com,SKU-1091,1,82.94,2026-07-07
ORD-003733,customer0238@demo-retail.com,SKU-1030,3,21.41,2026-06-09
ORD-003734,customer0076@demo-retail.com,SKU-1085,1,20.48,2026-05-15
ORD-003735,customer0059@demo-retail.com,SKU-1053,2,200.77,2026-07-12
ORD-003736,customer0048@demo-retail.com,SKU-1092,3,204.34,2026-06-20
ORD-003737,customer0179@demo-retail.com,SKU-1050,2,17.29,2025-04-12
ORD-003738,customer0092@demo-retail.com,SKU-1059,1,179.16,2026-07-12
ORD-003739,customer0487@demo-retail.com,SKU-1062,1,78.14,2026-05-31
ORD-003740,customer0310@demo-retail.com,SKU-1033,2,70.43,2026-07-09
ORD-003741,customer0415@demo-retail.com,SKU-1055,4,59.59,2026-06-21
ORD-003742,customer0226@demo-retail.com,SKU-1071,6,196.69,2026-04-23
ORD-003743,customer0089@demo-retail.com,SKU-1025,1,125.72,2026-04-09
ORD-003744,customer0113@demo-retail.com,SKU-1072,2,115.43,2025-10-21
ORD-003745,customer0113@demo-retail.com,SKU-1022,1,19.15,2026-04-26
ORD-003746,customer0422@demo-retail.com,SKU-1065,1,13.45,2026-07-12
ORD-003747,customer0184@demo-retail.com,SKU-1022,3,19.15,2026-08-29
ORD-003748,customer0432@demo-retail.com,SKU-1049,3,120.73,2026-07-05
ORD-003749,customer0240@demo-retail.com,SKU-1089,1,155.72,2026-06-21
ORD-003750,customer0335@demo-retail.com,SKU-1009,1,75.28,2025-09-30
ORD-003751,customer0448@demo-retail.com,SKU-1065,1,13.45,2026-07-04
ORD-003752,customer0047@demo-retail.com,SKU-1023,5,65.83,2026-06-24
ORD-003753,customer0298@demo-retail.com,SKU-1005,8,137.03,2026-08-27
ORD-003754,customer0157@demo-retail.com,SKU-1007,1,185.15,2026-05-14
ORD-003755,customer0114@demo-retail.com,SKU-1038,1,159.03,2026-08-07
ORD-003756,customer0235@demo-retail.com,SKU-1028,5,136.36,2026-06-22
ORD-003757,customer0494@demo-retail.com,SKU-1084,6,78.72,2026-05-08
ORD-003758,customer0068@demo-retail.com,SKU-1060,2,197.65,2026-05-17
ORD-003759,customer0189@demo-retail.com,SKU-1009,1,75.28,2026-04-12
ORD-003760,customer0383@demo-retail.com,SKU-1067,1,29.88,2026-05-28
ORD-003761,customer0432@demo-retail.com,SKU-1074,3,138.79,2026-07-20
ORD-003762,customer0233@demo-retail.com,SKU-1090,2,206.84,2026-08-21
ORD-003763,customer0187@demo-retail.com,SKU-1031,1,92.84,2026-06-18
ORD-003764,customer0362@demo-retail.com,SKU-1030,3,21.41,2026-08-22
ORD-003765,customer0109@demo-retail.com,SKU-1032,1,184.38,2026-04-23
ORD-003766,customer0419@demo-retail.com,SKU-1003,4,44.45,2026-07-08
ORD-003767,customer0478@demo-retail.com,SKU-1071,2,212.19,2025-05-04
ORD-003768,customer0329@demo-retail.com,SKU-1074,1,111.37,2026-05-02
ORD-003769,customer0260@demo-retail.com,SKU-1083,3,30.78,2026-04-23
ORD-003770,customer0242@demo-retail.com,SKU-1050,2,17.29,2025-02-17
ORD-003771,customer0264@demo-retail.com,SKU-1090,8,206.84,2026-07-19
ORD-003772,customer0013@demo-retail.com,SKU-1052,3,77.39,2026-04-30
ORD-003773,customer0433@demo-retail.com,SKU-1003,1,44.45,2025-11-27
ORD-003774,customer0234@demo-retail.com,SKU-1089,4,155.72,2026-08-01
ORD-003775,customer0443@demo-retail.com,SKU-1070,1,87.63,2026-08-12
ORD-003776,customer0096@demo-retail.com,SKU-1027,6,207.42,2026-05-23
ORD-003777,customer0477@demo-retail.com,SKU-1074,2,138.79,2026-07-21
ORD-003778,customer0298@demo-retail.com,SKU-1075,3,22.71,2026-07-13
ORD-003779,customer0291@demo-retail.com,SKU-1087,1,118.52,2025-03-24
ORD-003780,customer0215@demo-retail.com,SKU-1020,2,154.32,2026-04-10
ORD-003781,customer0047@demo-retail.com,SKU-1060,5,197.65,2025-08-27
ORD-003782,customer0313@demo-retail.com,SKU-1040,4,86.56,2026-05-15
ORD-003783,customer0368@demo-retail.com,SKU-1027,1,207.42,2026-08-24
ORD-003784,customer0346@demo-retail.com,SKU-1012,1,72.77,2025-08-29
ORD-003785,customer0145@demo-retail.com,SKU-1015,5,135.22,2026-08-27
ORD-003786,customer0195@demo-retail.com,SKU-1004,6,20.49,2026-04-06
ORD-003787,customer0189@demo-retail.com,SKU-1001,1,89.9,2026-07-14
ORD-003788,customer0288@demo-retail.com,SKU-1030,2,21.41,2026-06-23
ORD-003789,customer0358@demo-retail.com,SKU-1007,2,185.15,2026-06-30
ORD-003790,customer0372@demo-retail.com,SKU-1060,5,197.65,2025-03-19
ORD-003791,customer0325@demo-retail.com,SKU-1050,1,17.29,2026-08-30
ORD-003792,customer0453@demo-retail.com,SKU-1044,1,163.76,2025-04-27
ORD-003793,customer0195@demo-retail.com,SKU-1014,4,53.53,2025-02-23
ORD-003794,customer0262@demo-retail.com,SKU-1084,1,74.07,2025-05-26
ORD-003795,customer0028@demo-retail.com,SKU-1061,2,179.95,2025-04-28
ORD-003796,customer0229@demo-retail.com,SKU-1006,2,16.28,2026-06-16
ORD-003797,customer0266@demo-retail.com,SKU-1005,2,137.03,2026-04-15
ORD-003798,customer0206@demo-retail.com,SKU-1021,2,35.21,2026-04-11
ORD-003799,customer0432@demo-retail.com,SKU-1039,3,172.42,2026-06-17
ORD-003800,customer0076@demo-retail.com,SKU-1059,1,179.16,2026-08-27
ORD-003801,customer0329@demo-retail.com,SKU-1024,3,76.84,2026-08-02
ORD-003802,customer0002@demo-retail.com,SKU-1070,4,87.63,2026-05-16
ORD-003803,customer0088@demo-retail.com,SKU-1015,4,135.22,2026-05-25
ORD-003804,customer0272@demo-retail.com,SKU-1005,1,122.47,2026-04-11
ORD-003805,customer0100@demo-retail.com,SKU-1054,1,97.36,2026-07-18
ORD-003806,customer0412@demo-retail.com,SKU-1042,1,80.83,2026-07-07
ORD-003807,customer0268@demo-retail.com,SKU-1043,2,76.68,2026-06-28
ORD-003808,customer0006@demo-retail.com,SKU-1023,2,65.83,2025-03-25
ORD-003809,customer0084@demo-retail.com,SKU-1039,3,172.42,2025-05-27
ORD-003810,customer0047@demo-retail.com,SKU-1075,1,18.93,2026-08-27
ORD-003811,customer0283@demo-retail.com,SKU-1024,1,76.84,2026-08-29
ORD-003812,customer0313@demo-retail.com,SKU-1032,2,184.38,2026-08-16
ORD-003813,customer0193@demo-retail.com,SKU-1032,4,184.38,2026-06-17
ORD-003814,customer0181@demo-retail.com,SKU-1006,1,16.28,2025-11-12
ORD-003815,customer0041@demo-retail.com,SKU-1097,3,199.29,2026-04-25
ORD-003816,customer0009@demo-retail.com,SKU-1087,1,118.52,2025-10-13
ORD-003817,customer0280@demo-retail.com,SKU-1066,5,98.82,2025-10-06
ORD-003818,customer0128@demo-retail.com,SKU-1064,6,182.15,2026-04-08
ORD-003819,customer0102@demo-retail.com,SKU-1020,2,154.32,2026-02-25
ORD-003820,customer0310@demo-retail.com,SKU-1060,1,197.65,2026-05-20
ORD-003821,customer0067@demo-retail.com,SKU-1010,2,101.84,2026-04-04
ORD-003822,customer0384@demo-retail.com,SKU-1018,1,212.85,2025-06-28
ORD-003823,customer0085@demo-retail.com,SKU-1024,3,76.84,2026-05-24
ORD-003824,customer0204@demo-retail.com,SKU-1054,5,97.36,2026-05-25
ORD-003825,customer0091@demo-retail.com,SKU-1053,3,200.77,2026-08-21
ORD-003826,customer0469@demo-retail.com,SKU-1076,5,200.92,2026-07-23
ORD-003827,customer0165@demo-retail.com,SKU-1028,2,136.36,2025-09-11
ORD-003828,customer0264@demo-retail.com,SKU-1072,1,115.43,2026-02-14
ORD-003829,customer0223@demo-retail.com,SKU-1100,4,164.72,2026-05-28
ORD-003830,customer0459@demo-retail.com,SKU-1033,2,70.43,2026-04-20
ORD-003831,customer0098@demo-retail.com,SKU-1096,3,31.37,2026-04-18
ORD-003832,customer0006@demo-retail.com,SKU-1052,1,77.39,2026-07-30
ORD-003833,customer0338@demo-retail.com,SKU-1084,1,78.72,2026-08-19
ORD-003834,customer0380@demo-retail.com,SKU-1040,10,86.56,2026-08-14
ORD-003835,customer0480@demo-retail.com,SKU-1094,1,181.98,2026-06-20
ORD-003836,customer0416@demo-retail.com,SKU-1067,10,36.93,2026-07-10
ORD-003837,customer0068@demo-retail.com,SKU-1061,8,179.95,2026-07-11
ORD-003838,customer0197@demo-retail.com,SKU-1086,4,152.93,2026-06-09
ORD-003839,customer0466@demo-retail.com,SKU-1038,3,159.03,2025-05-19
ORD-003840,customer0266@demo-retail.com,SKU-1008,3,49.82,2025-06-04
ORD-003841,customer0219@demo-retail.com,SKU-1063,5,59.41,2026-04-08
ORD-003842,customer0464@demo-retail.com,SKU-1072,2,108.58,2026-06-26
ORD-003843,customer0333@demo-retail.com,SKU-1005,2,137.03,2026-07-13
ORD-003844,customer0243@demo-retail.com,SKU-1011,3,139.27,2026-08-30
ORD-003845,customer0210@demo-retail.com,SKU-1079,2,151.8,2026-04-05
ORD-003846,customer0079@demo-retail.com,SKU-1062,2,78.14,2026-06-07
ORD-003847,customer0159@demo-retail.com,SKU-1001,2,89.9,2025-10-25
ORD-003848,customer0084@demo-retail.com,SKU-1091,3,82.94,2026-08-01
ORD-003849,customer0317@demo-retail.com,SKU-1085,5,20.48,2026-05-09
ORD-003850,customer0254@demo-retail.com,SKU-1063,1,51.95,2026-04-26
ORD-003851,customer0215@demo-retail.com,SKU-1029,6,30.41,2025-03-05
ORD-003852,customer0356@demo-retail.com,SKU-1019,3,75.36,2025-02-16
ORD-003853,customer0102@demo-retail.com,SKU-1076,5,200.92,2025-03-14
ORD-003854,customer0375@demo-retail.com,SKU-1039,3,172.42,2026-07-14
ORD-003855,customer0147@demo-retail.com,SKU-1058,4,120.84,2025-10-09
ORD-003856,customer0491@demo-retail.com,SKU-1096,1,31.37,2026-05-10
ORD-003857,customer0473@demo-retail.com,SKU-1009,5,69.67,2025-11-19
ORD-003858,customer0388@demo-retail.com,SKU-1100,1,196.51,2026-08-12
ORD-003859,customer0500@demo-retail.com,SKU-1100,5,196.51,2026-07-25
ORD-003860,customer0304@demo-retail.com,SKU-1069,10,119.91,2026-07-20
ORD-003861,customer0310@demo-retail.com,SKU-1005,2,137.03,2026-06-27
ORD-003862,customer0178@demo-retail.com,SKU-1045,1,178.95,2026-08-31
ORD-003863,customer0139@demo-retail.com,SKU-1034,4,41.31,2026-05-08
ORD-003864,customer0342@demo-retail.com,SKU-1078,1,217.02,2025-09-12
ORD-003865,customer0026@demo-retail.com,SKU-1001,5,89.9,2026-04-30
ORD-003866,customer0160@demo-retail.com,SKU-1092,1,204.34,2025-01-13
ORD-003867,customer0128@demo-retail.com,SKU-1098,1,82.52,2026-08-27
ORD-003868,customer0412@demo-retail.com,SKU-1011,8,139.27,2026-07-17
ORD-003869,customer0083@demo-retail.com,SKU-1099,3,163.0,2026-05-23
ORD-003870,customer0469@demo-retail.com,SKU-1048,5,172.36,2026-04-22
ORD-003871,customer0498@demo-retail.com,SKU-1081,2,76.7,2025-10-13
ORD-003872,customer0165@demo-retail.com,SKU-1051,3,18.54,2026-07-24
ORD-003873,customer0355@demo-retail.com,SKU-1037,3,13.15,2026-05-26
ORD-003874,customer0370@demo-retail.com,SKU-1044,3,163.76,2025-08-31
ORD-003875,customer0135@demo-retail.com,SKU-1039,3,172.42,2026-04-25
ORD-003876,customer0394@demo-retail.com,SKU-1098,3,82.52,2026-08-18
ORD-003877,customer0497@demo-retail.com,SKU-1062,2,73.99,2026-04-11
ORD-003878,customer0430@demo-retail.com,SKU-1070,1,87.63,2025-04-05
ORD-003879,customer0041@demo-retail.com,SKU-1029,4,30.41,2025-10-16
ORD-003880,customer0052@demo-retail.com,SKU-1049,1,120.73,2026-02-04
ORD-003881,customer0176@demo-retail.com,SKU-1007,4,185.15,2026-04-10
ORD-003882,customer0305@demo-retail.com,SKU-1015,1,128.34,2026-08-01
ORD-003883,customer0010@demo-retail.com,SKU-1019,3,75.36,2025-06-12
ORD-003884,customer0245@demo-retail.com,SKU-1061,4,179.95,2026-08-30
ORD-003885,customer0358@demo-retail.com,SKU-1093,1,57.76,2026-05-01
ORD-003886,customer0459@demo-retail.com,SKU-1082,1,143.77,2025-05-21
ORD-003887,customer0038@demo-retail.com,SKU-1096,1,31.37,2026-05-24
ORD-003888,customer0216@demo-retail.com,SKU-1035,3,27.51,2026-08-14
ORD-003889,customer0447@demo-retail.com,SKU-1017,5,25.53,2026-05-19
ORD-003890,customer0473@demo-retail.com,SKU-1049,5,120.73,2026-08-14
ORD-003891,customer0379@demo-retail.com,SKU-1010,4,87.18,2026-05-25
ORD-003892,customer0111@demo-retail.com,SKU-1001,2,89.9,2026-04-05
ORD-003893,customer0122@demo-retail.com,SKU-1051,2,18.54,2026-08-18
ORD-003894,customer0023@demo-retail.com,SKU-1048,6,172.36,2026-08-29
ORD-003895,customer0429@demo-retail.com,SKU-1035,2,27.51,2026-03-16
ORD-003896,customer0023@demo-retail.com,SKU-1076,2,200.92,2026-07-07
ORD-003897,customer0015@demo-retail.com,SKU-1082,1,128.13,2026-07-02
ORD-003898,customer0483@demo-retail.com,SKU-1099,1,163.0,2026-07-11
ORD-003899,customer0440@demo-retail.com,SKU-1030,1,21.41,2026-05-30
ORD-003900,customer0026@demo-retail.com,SKU-1006,1,16.28,2026-05-23
ORD-003901,customer0470@demo-retail.com,SKU-1045,3,196.54,2026-05-05
ORD-003902,customer0416@demo-retail.com,SKU-1033,2,70.43,2026-06-10
ORD-003903,customer0147@demo-retail.com,SKU-1041,3,191.53,2025-02-14
ORD-003904,customer0116@demo-retail.com,SKU-1043,1,61.53,2026-06-19
ORD-003905,customer0200@demo-retail.com,SKU-1077,2,42.14,2026-04-13
ORD-003906,customer0170@demo-retail.com,SKU-1098,3,82.52,2026-06-20
ORD-003907,customer0064@demo-retail.com,SKU-1020,8,154.32,2026-01-15
ORD-003908,customer0007@demo-retail.com,SKU-1049,1,120.73,2026-05-19
ORD-003909,customer0159@demo-retail.com,SKU-1018,6,170.61,2026-05-16
ORD-003910,customer0216@demo-retail.com,SKU-1097,3,199.29,2026-07-23
ORD-003911,customer0188@demo-retail.com,SKU-1009,3,64.45,2026-06-02
ORD-003912,customer0226@demo-retail.com,SKU-1009,2,75.28,2026-08-30
ORD-003913,customer0415@demo-retail.com,SKU-1064,1,182.15,2026-03-10
ORD-003914,customer0032@demo-retail.com,SKU-1074,1,117.32,2026-05-11
ORD-003915,customer0227@demo-retail.com,SKU-1040,3,74.12,2026-06-09
ORD-003916,customer0050@demo-retail.com,SKU-1028,2,136.36,2026-05-30
ORD-003917,customer0028@demo-retail.com,SKU-1075,6,22.71,2026-04-24
ORD-003918,customer0330@demo-retail.com,SKU-1098,2,82.52,2026-08-11
ORD-003919,customer0480@demo-retail.com,SKU-1096,1,31.37,2026-05-12
ORD-003920,customer0199@demo-retail.com,SKU-1043,4,76.68,2026-05-14
ORD-003921,customer0311@demo-retail.com,SKU-1092,2,204.34,2026-06-10
ORD-003922,customer0489@demo-retail.com,SKU-1071,36,212.19,2026-05-22
ORD-003923,customer0356@demo-retail.com,SKU-1096,4,31.37,2025-09-06
ORD-003924,customer0126@demo-retail.com,SKU-1034,6,41.31,2026-07-10
ORD-003925,customer0014@demo-retail.com,SKU-1021,4,37.38,2026-07-15
ORD-003926,customer0354@demo-retail.com,SKU-1019,3,75.36,2026-07-14
ORD-003927,customer0290@demo-retail.com,SKU-1027,3,207.42,2026-07-28
ORD-003928,customer0472@demo-retail.com,SKU-1072,8,115.43,2026-07-15
ORD-003929,customer0193@demo-retail.com,SKU-1059,2,179.16,2026-05-22
ORD-003930,customer0243@demo-retail.com,SKU-1057,1,205.38,2026-07-20
ORD-003931,customer0274@demo-retail.com,SKU-1093,1,65.65,2025-08-18
ORD-003932,customer0094@demo-retail.com,SKU-1088,1,132.06,2026-07-01
ORD-003933,customer0097@demo-retail.com,SKU-1079,3,151.8,2026-05-15
ORD-003934,customer0109@demo-retail.com,SKU-1018,3,212.85,2026-06-17
ORD-003935,customer0456@demo-retail.com,SKU-1020,3,154.32,2026-04-19
ORD-003936,customer0169@demo-retail.com,SKU-1011,1,139.27,2026-06-10
ORD-003937,customer0469@demo-retail.com,SKU-1008,4,49.82,2026-05-24
ORD-003938,customer0283@demo-retail.com,SKU-1026,2,171.06,2026-08-14
ORD-003939,customer0110@demo-retail.com,SKU-1032,3,184.38,2025-10-19
ORD-003940,customer0253@demo-retail.com,SKU-1017,3,25.53,2025-06-04
ORD-003941,customer0454@demo-retail.com,SKU-1054,2,97.36,2026-08-12
ORD-003942,customer0476@demo-retail.com,SKU-1052,1,77.39,2026-05-22
ORD-003943,customer0107@demo-retail.com,SKU-1001,1,77.02,2026-03-30
ORD-003944,customer0320@demo-retail.com,SKU-1022,5,19.15,2026-06-12
ORD-003945,customer0422@demo-retail.com,SKU-1094,6,181.98,2025-03-28
ORD-003946,customer0460@demo-retail.com,SKU-1017,3,22.91,2025-02-24
ORD-003947,customer0086@demo-retail.com,SKU-1065,1,13.45,2026-05-30
ORD-003948,customer0426@demo-retail.com,SKU-1056,2,72.27,2026-08-31
ORD-003949,customer0413@demo-retail.com,SKU-1025,4,125.72,2026-05-20
ORD-003950,customer0485@demo-retail.com,SKU-1034,4,36.6,2026-02-18
ORD-003951,customer0301@demo-retail.com,SKU-1083,1,30.78,2026-04-29
ORD-003952,customer0395@demo-retail.com,SKU-1090,1,206.84,2026-04-03
ORD-003953,customer0143@demo-retail.com,SKU-1091,4,82.94,2026-04-15
ORD-003954,customer0018@demo-retail.com,SKU-1055,2,59.59,2026-04-24
ORD-003955,customer0444@demo-retail.com,SKU-1002,1,164.25,2026-06-12
ORD-003956,customer0397@demo-retail.com,SKU-1054,1,97.36,2025-05-27
ORD-003957,customer0132@demo-retail.com,SKU-1076,3,163.78,2026-07-06
ORD-003958,customer0479@demo-retail.com,SKU-1091,5,82.94,2026-08-23
ORD-003959,customer0316@demo-retail.com,SKU-1043,8,76.68,2026-08-05
ORD-003960,customer0359@demo-retail.com,SKU-1001,3,89.9,2026-08-27
ORD-003961,customer0466@demo-retail.com,SKU-1018,2,212.85,2026-07-21
ORD-003962,customer0154@demo-retail.com,SKU-1064,1,182.15,2026-06-15
ORD-003963,customer0367@demo-retail.com,SKU-1051,3,18.54,2025-12-16
ORD-003964,customer0257@demo-retail.com,SKU-1100,2,196.51,2026-04-22
ORD-003965,customer0330@demo-retail.com,SKU-1068,3,208.13,2026-05-08
ORD-003966,customer0035@demo-retail.com,SKU-1038,2,143.86,2026-04-14
ORD-003967,customer0371@demo-retail.com,SKU-1090,1,206.84,2025-07-24
ORD-003968,customer0295@demo-retail.com,SKU-1096,1,31.37,2026-05-04
ORD-003969,customer0386@demo-retail.com,SKU-1004,2,24.08,2026-02-05
ORD-003970,customer0397@demo-retail.com,SKU-1073,1,71.25,2025-10-03
ORD-003971,customer0439@demo-retail.com,SKU-1001,1,89.9,2025-09-05
ORD-003972,customer0026@demo-retail.com,SKU-1016,10,128.96,2026-05-22
ORD-003973,customer0068@demo-retail.com,SKU-1052,16,77.39,2026-05-25
ORD-003974,customer0260@demo-retail.com,SKU-1088,3,146.2,2026-04-06
ORD-003975,customer0166@demo-retail.com,SKU-1052,5,77.39,2026-04-20
ORD-003976,customer0495@demo-retail.com,SKU-1013,10,106.86,2025-12-27
ORD-003977,customer0198@demo-retail.com,SKU-1007,3,185.15,2026-08-30
ORD-003978,customer0439@demo-retail.com,SKU-1068,5,208.13,2026-03-01
ORD-003979,customer0181@demo-retail.com,SKU-1049,2,99.76,2026-05-17
ORD-003980,customer0036@demo-retail.com,SKU-1034,2,41.31,2026-06-15
ORD-003981,customer0074@demo-retail.com,SKU-1001,2,89.9,2026-06-17
ORD-003982,customer0219@demo-retail.com,SKU-1069,3,119.91,2026-05-19
ORD-003983,customer0374@demo-retail.com,SKU-1006,3,13.62,2026-04-27
ORD-003984,customer0079@demo-retail.com,SKU-1035,2,27.51,2026-06-16
ORD-003985,customer0409@demo-retail.com,SKU-1006,1,16.28,2026-07-18
ORD-003986,customer0016@demo-retail.com,SKU-1029,3,30.41,2026-04-17
ORD-003987,customer0138@demo-retail.com,SKU-1028,1,124.84,2026-08-14
ORD-003988,customer0249@demo-retail.com,SKU-1077,3,42.14,2026-05-03
ORD-003989,customer0431@demo-retail.com,SKU-1018,4,212.85,2026-05-14
ORD-003990,customer0186@demo-retail.com,SKU-1027,4,207.42,2026-08-03
ORD-003991,customer0238@demo-retail.com,SKU-1006,4,16.28,2026-06-11
ORD-003992,customer0261@demo-retail.com,SKU-1039,5,146.26,2026-04-28
ORD-003993,customer0129@demo-retail.com,SKU-1074,2,138.79,2025-08-17
ORD-003994,customer0072@demo-retail.com,SKU-1006,4,16.28,2026-04-13
ORD-003995,customer0076@demo-retail.com,SKU-1035,3,27.51,2026-06-28
ORD-003996,customer0182@demo-retail.com,SKU-1012,1,72.77,2026-07-03
ORD-003997,customer0144@demo-retail.com,SKU-1067,1,36.93,2025-12-07
ORD-003998,customer0021@demo-retail.com,SKU-1020,2,154.32,2026-06-13
ORD-003999,customer0147@demo-retail.com,SKU-1061,2,179.95,2026-05-06
ORD-004000,customer0159@demo-retail.com,SKU-1085,3,20.48,2026-08-02
ORD-004001,customer0082@demo-retail.com,SKU-1093,5,65.65,2026-06-20
ORD-004002,customer0164@demo-retail.com,SKU-1078,1,217.02,2025-05-13
ORD-004003,customer0055@demo-retail.com,SKU-1036,1,154.85,2026-04-22
ORD-004004,customer0378@demo-retail.com,SKU-1004,8,24.08,2026-05-14
ORD-004005,customer0236@demo-retail.com,SKU-1022,1,19.15,2026-06-21
ORD-004006,customer0435@demo-retail.com,SKU-1013,2,106.86,2025-08-03
ORD-004007,customer0432@demo-retail.com,SKU-1024,3,76.84,2026-05-20
ORD-004008,customer0048@demo-retail.com,SKU-1048,3,172.36,2025-03-30
ORD-004009,customer0277@demo-retail.com,SKU-1060,1,197.65,2025-04-03
ORD-004010,customer0421@demo-retail.com,SKU-1047,1,170.24,2026-05-26
ORD-004011,customer0478@demo-retail.com,SKU-1003,1,36.45,2026-08-31
ORD-004012,customer0243@demo-retail.com,SKU-1084,3,78.72,2025-08-14
ORD-004013,customer0453@demo-retail.com,SKU-1020,3,154.32,2025-01-28
ORD-004014,customer0363@demo-retail.com,SKU-1005,1,137.03,2025-02-27
ORD-004015,customer0278@demo-retail.com,SKU-1092,3,204.34,2026-06-23
ORD-004016,customer0415@demo-retail.com,SKU-1036,5,172.63,2026-07-20
ORD-004017,customer0322@demo-retail.com,SKU-1010,1,101.84,2026-06-26
ORD-004018,customer0269@demo-retail.com,SKU-1076,2,200.92,2026-07-11
ORD-004019,customer0351@demo-retail.com,SKU-1080,3,61.43,2026-07-08
ORD-004020,customer0181@demo-retail.com,SKU-1009,1,75.28,2026-04-22
ORD-004021,customer0155@demo-retail.com,SKU-1075,2,22.71,2026-04-11
ORD-004022,customer0208@demo-retail.com,SKU-1022,3,19.15,2026-02-04
ORD-004023,customer0211@demo-retail.com,SKU-1057,6,169.1,2026-04-22
ORD-004024,customer0041@demo-retail.com,SKU-1052,4,77.39,2026-05-01
ORD-004025,customer0480@demo-retail.com,SKU-1015,3,135.22,2025-07-04
ORD-004026,customer0046@demo-retail.com,SKU-1095,4,122.17,2026-06-07
ORD-004027,customer0405@demo-retail.com,SKU-1083,2,30.78,2026-04-08
ORD-004028,customer0393@demo-retail.com,SKU-1066,3,98.82,2025-04-11
ORD-004029,customer0469@demo-retail.com,SKU-1001,2,89.9,2026-05-16
ORD-004030,customer0025@demo-retail.com,SKU-1016,1,120.68,2025-02-07
ORD-004031,customer0199@demo-retail.com,SKU-1019,4,75.36,2026-04-11
ORD-004032,customer0477@demo-retail.com,SKU-1085,3,20.48,2026-04-23
ORD-004033,customer0125@demo-retail.com,SKU-1006,2,14.22,2026-05-07
ORD-004034,customer0401@demo-retail.com,SKU-1067,6,36.93,2026-05-18
ORD-004035,customer0354@demo-retail.com,SKU-1046,1,36.88,2025-12-13
ORD-004036,customer0088@demo-retail.com,SKU-1099,2,163.0,2026-08-06
ORD-004037,customer0169@demo-retail.com,SKU-1042,1,74.9,2025-04-13
ORD-004038,customer0066@demo-retail.com,SKU-1046,4,36.88,2026-08-23
ORD-004039,customer0141@demo-retail.com,SKU-1067,4,36.93,2026-07-06
ORD-004040,customer0276@demo-retail.com,SKU-1066,2,98.82,2026-05-29
ORD-004041,customer0487@demo-retail.com,SKU-1062,3,78.14,2026-06-14
ORD-004042,customer0332@demo-retail.com,SKU-1030,2,21.41,2026-07-23
ORD-004043,customer0059@demo-retail.com,SKU-1057,4,205.38,2026-04-16
ORD-004044,customer0039@demo-retail.com,SKU-1078,2,217.02,2026-07-01
ORD-004045,customer0229@demo-retail.com,SKU-1080,2,61.43,2026-05-08
ORD-004046,customer0322@demo-retail.com,SKU-1100,6,196.51,2026-06-15
ORD-004047,customer0295@demo-retail.com,SKU-1061,1,164.51,2026-05-18
ORD-004048,customer0439@demo-retail.com,SKU-1093,1,65.65,2026-05-15
ORD-004049,customer0481@demo-retail.com,SKU-1028,3,136.36,2026-05-13
ORD-004050,customer0339@demo-retail.com,SKU-1065,8,11.93,2026-04-26
ORD-004051,customer0470@demo-retail.com,SKU-1091,2,82.94,2026-05-08
ORD-004052,customer0054@demo-retail.com,SKU-1030,1,21.41,2026-03-26
ORD-004053,customer0020@demo-retail.com,SKU-1091,2,82.94,2025-08-02
ORD-004054,customer0339@demo-retail.com,SKU-1091,2,76.57,2026-05-29
ORD-004055,customer0193@demo-retail.com,SKU-1012,1,72.77,2026-06-16
ORD-004056,customer0379@demo-retail.com,SKU-1081,3,88.5,2026-06-04
ORD-004057,customer0485@demo-retail.com,SKU-1004,10,24.08,2026-05-24
ORD-004058,customer0364@demo-retail.com,SKU-1061,2,147.26,2026-05-25
ORD-004059,customer0279@demo-retail.com,SKU-1046,2,32.97,2026-08-10
ORD-004060,customer0033@demo-retail.com,SKU-1055,2,59.59,2026-08-02
ORD-004061,customer0263@demo-retail.com,SKU-1010,1,101.84,2025-06-19
ORD-004062,customer0117@demo-retail.com,SKU-1013,5,106.86,2026-06-19
ORD-004063,customer0358@demo-retail.com,SKU-1050,2,17.29,2026-05-01
ORD-004064,customer0356@demo-retail.com,SKU-1027,2,207.42,2026-04-10
ORD-004065,customer0415@demo-retail.com,SKU-1076,3,172.94,2026-07-30
ORD-004066,customer0395@demo-retail.com,SKU-1026,2,213.67,2025-09-05
ORD-004067,customer0016@demo-retail.com,SKU-1096,3,31.37,2026-06-03
ORD-004068,customer0286@demo-retail.com,SKU-1015,1,135.22,2026-07-15
ORD-004069,customer0383@demo-retail.com,SKU-1077,5,42.14,2026-07-31
ORD-004070,customer0072@demo-retail.com,SKU-1001,8,89.9,2026-08-12
ORD-004071,customer0416@demo-retail.com,SKU-1023,3,60.5,2025-10-12
ORD-004072,customer0358@demo-retail.com,SKU-1088,8,146.2,2025-05-17
ORD-004073,customer0461@demo-retail.com,SKU-1010,1,101.84,2026-08-21
ORD-004074,customer0457@demo-retail.com,SKU-1029,2,30.41,2026-07-22
ORD-004075,customer0443@demo-retail.com,SKU-1061,3,148.0,2025-04-07
ORD-004076,customer0141@demo-retail.com,SKU-1016,3,138.37,2026-05-20
ORD-004077,customer0235@demo-retail.com,SKU-1009,2,75.28,2026-06-03
ORD-004078,customer0445@demo-retail.com,SKU-1018,2,212.85,2026-06-14
ORD-004079,customer0251@demo-retail.com,SKU-1032,1,184.38,2026-05-25
ORD-004080,customer0183@demo-retail.com,SKU-1097,2,199.29,2026-04-04
ORD-004081,customer0299@demo-retail.com,SKU-1046,1,36.88,2025-12-09
ORD-004082,customer0436@demo-retail.com,SKU-1049,4,120.73,2026-05-11
ORD-004083,customer0111@demo-retail.com,SKU-1004,1,24.08,2026-08-20
ORD-004084,customer0002@demo-retail.com,SKU-1042,1,80.83,2026-07-15
ORD-004085,customer0370@demo-retail.com,SKU-1094,3,181.98,2026-08-15
ORD-004086,customer0148@demo-retail.com,SKU-1100,3,196.51,2025-10-05
ORD-004087,customer0093@demo-retail.com,SKU-1019,5,75.36,2026-04-30
ORD-004088,customer0387@demo-retail.com,SKU-1061,3,179.95,2026-06-16
ORD-004089,customer0194@demo-retail.com,SKU-1036,2,172.63,2026-05-31
ORD-004090,customer0298@demo-retail.com,SKU-1038,4,129.44,2026-04-30
ORD-004091,customer0270@demo-retail.com,SKU-1059,3,179.16,2026-04-03
ORD-004092,customer0448@demo-retail.com,SKU-1018,1,212.85,2026-08-15
ORD-004093,customer0226@demo-retail.com,SKU-1032,3,184.38,2026-06-19
ORD-004094,customer0358@demo-retail.com,SKU-1007,6,185.15,2026-07-13
ORD-004095,customer0357@demo-retail.com,SKU-1093,2,65.65,2026-08-06
ORD-004096,customer0044@demo-retail.com,SKU-1075,2,22.71,2026-07-10
ORD-004097,customer0274@demo-retail.com,SKU-1062,1,78.14,2026-05-13
ORD-004098,customer0409@demo-retail.com,SKU-1063,1,59.41,2025-01-16
ORD-004099,customer0269@demo-retail.com,SKU-1081,2,88.5,2026-05-20
ORD-004100,customer0209@demo-retail.com,SKU-1007,3,185.15,2026-05-07
ORD-004101,customer0337@demo-retail.com,SKU-1075,1,22.71,2026-05-14
ORD-004102,customer0092@demo-retail.com,SKU-1034,6,41.31,2026-01-17
ORD-004103,customer0100@demo-retail.com,SKU-1024,4,76.84,2026-08-18
ORD-004104,customer0354@demo-retail.com,SKU-1083,3,30.78,2026-06-07
ORD-004105,customer0087@demo-retail.com,SKU-1018,5,179.52,2026-06-09
ORD-004106,customer0246@demo-retail.com,SKU-1053,1,200.77,2026-05-20
ORD-004107,customer0073@demo-retail.com,SKU-1073,2,71.25,2026-04-03
ORD-004108,customer0435@demo-retail.com,SKU-1027,3,170.16,2026-06-29
ORD-004109,customer0164@demo-retail.com,SKU-1005,5,137.03,2026-08-22
ORD-004110,customer0191@demo-retail.com,SKU-1007,4,185.15,2026-07-17
ORD-004111,customer0059@demo-retail.com,SKU-1010,1,101.84,2026-08-20
ORD-004112,customer0052@demo-retail.com,SKU-1074,8,138.79,2026-07-05
ORD-004113,customer0490@demo-retail.com,SKU-1049,1,120.73,2026-04-21
ORD-004114,customer0427@demo-retail.com,SKU-1043,5,76.68,2026-06-27
ORD-004115,customer0096@demo-retail.com,SKU-1039,8,172.42,2026-07-07
ORD-004116,customer0407@demo-retail.com,SKU-1055,8,59.59,2026-03-30
ORD-004117,customer0090@demo-retail.com,SKU-1035,4,27.51,2026-07-13
ORD-004118,customer0224@demo-retail.com,SKU-1032,1,184.38,2026-06-01
ORD-004119,customer0339@demo-retail.com,SKU-1036,2,172.63,2026-06-30
ORD-004120,customer0183@demo-retail.com,SKU-1030,2,21.41,2026-05-03
ORD-004121,customer0492@demo-retail.com,SKU-1050,3,17.29,2026-07-17
ORD-004122,customer0250@demo-retail.com,SKU-1035,6,27.51,2026-08-15
ORD-004123,customer0262@demo-retail.com,SKU-1082,3,143.77,2026-06-29
ORD-004124,customer0243@demo-retail.com,SKU-1035,2,27.51,2026-08-05
ORD-004125,customer0190@demo-retail.com,SKU-1090,4,206.84,2026-04-05
ORD-004126,customer0202@demo-retail.com,SKU-1098,8,82.52,2025-10-05
ORD-004127,customer0298@demo-retail.com,SKU-1072,1,115.43,2026-07-09
ORD-004128,customer0455@demo-retail.com,SKU-1071,10,212.19,2026-04-06
ORD-004129,customer0473@demo-retail.com,SKU-1064,1,182.15,2026-05-24
ORD-004130,customer0329@demo-retail.com,SKU-1021,5,37.38,2026-08-11
ORD-004131,customer0321@demo-retail.com,SKU-1096,2,31.37,2025-07-21
ORD-004132,customer0281@demo-retail.com,SKU-1053,1,200.77,2026-06-19
ORD-004133,customer0212@demo-retail.com,SKU-1004,2,24.08,2026-04-06
ORD-004134,customer0241@demo-retail.com,SKU-1073,3,71.25,2026-06-17
ORD-004135,customer0040@demo-retail.com,SKU-1085,2,20.48,2026-04-14
ORD-004136,customer0052@demo-retail.com,SKU-1011,1,139.27,2026-04-25
ORD-004137,customer0015@demo-retail.com,SKU-1012,3,72.77,2026-04-18
ORD-004138,customer0031@demo-retail.com,SKU-1049,6,111.62,2026-07-29
ORD-004139,customer0275@demo-retail.com,SKU-1036,2,172.63,2026-08-07
ORD-004140,customer0459@demo-retail.com,SKU-1072,1,115.43,2025-01-20
ORD-004141,customer0063@demo-retail.com,SKU-1017,2,25.53,2026-08-01
ORD-004142,customer0227@demo-retail.com,SKU-1099,1,163.0,2026-06-16
ORD-004143,customer0297@demo-retail.com,SKU-1096,5,31.37,2026-07-26
ORD-004144,customer0385@demo-retail.com,SKU-1045,5,196.54,2026-06-17
ORD-004145,customer0072@demo-retail.com,SKU-1059,3,179.16,2026-08-04
ORD-004146,customer0111@demo-retail.com,SKU-1002,2,164.25,2025-11-04
ORD-004147,customer0057@demo-retail.com,SKU-1086,4,152.93,2026-08-11
ORD-004148,customer0236@demo-retail.com,SKU-1073,3,71.25,2025-10-27
ORD-004149,customer0350@demo-retail.com,SKU-1053,5,200.77,2025-01-27
ORD-004150,customer0054@demo-retail.com,SKU-1005,3,116.82,2026-08-03
ORD-004151,customer0206@demo-retail.com,SKU-1015,4,135.22,2025-01-29
ORD-004152,customer0390@demo-retail.com,SKU-1005,3,137.03,2026-04-04
ORD-004153,customer0244@demo-retail.com,SKU-1028,2,136.36,2026-06-23
ORD-004154,customer0141@demo-retail.com,SKU-1088,8,117.96,2026-07-10
ORD-004155,customer0373@demo-retail.com,SKU-1012,3,62.96,2026-06-25
ORD-004156,customer0129@demo-retail.com,SKU-1010,3,87.59,2026-08-22
ORD-004157,customer0364@demo-retail.com,SKU-1084,1,78.72,2026-08-16
ORD-004158,customer0336@demo-retail.com,SKU-1040,3,81.09,2025-02-18
ORD-004159,customer0437@demo-retail.com,SKU-1054,3,91.26,2026-04-10
ORD-004160,customer0309@demo-retail.com,SKU-1080,1,61.43,2025-03-16
ORD-004161,customer0257@demo-retail.com,SKU-1034,1,41.31,2026-07-11
ORD-004162,customer0031@demo-retail.com,SKU-1020,3,154.32,2026-06-26
ORD-004163,customer0344@demo-retail.com,SKU-1073,4,71.25,2026-05-01
ORD-004164,customer0472@demo-retail.com,SKU-1027,3,176.01,2025-04-13
ORD-004165,customer0060@demo-retail.com,SKU-1064,1,164.99,2026-08-09
ORD-004166,customer0070@demo-retail.com,SKU-1003,3,44.45,2026-06-13
ORD-004167,customer0285@demo-retail.com,SKU-1067,1,30.05,2025-06-15
ORD-004168,customer0436@demo-retail.com,SKU-1059,2,179.16,2026-04-17
ORD-004169,customer0476@demo-retail.com,SKU-1099,1,163.0,2025-03-18
ORD-004170,customer0252@demo-retail.com,SKU-1048,1,172.36,2026-04-23
ORD-004171,customer0284@demo-retail.com,SKU-1031,1,87.06,2026-08-13
ORD-004172,customer0195@demo-retail.com,SKU-1085,2,20.48,2026-08-03
ORD-004173,customer0078@demo-retail.com,SKU-1083,1,30.78,2026-06-29
ORD-004174,customer0472@demo-retail.com,SKU-1011,2,139.27,2026-07-02
ORD-004175,customer0095@demo-retail.com,SKU-1085,2,20.48,2026-05-13
ORD-004176,customer0086@demo-retail.com,SKU-1044,2,147.12,2026-06-04
ORD-004177,customer0072@demo-retail.com,SKU-1001,2,89.9,2025-03-18
ORD-004178,customer0239@demo-retail.com,SKU-1091,5,82.94,2025-03-08
ORD-004179,customer0469@demo-retail.com,SKU-1068,1,208.13,2026-04-20
ORD-004180,customer0487@demo-retail.com,SKU-1073,2,71.25,2026-04-24
ORD-004181,customer0322@demo-retail.com,SKU-1076,1,200.92,2026-08-04
ORD-004182,customer0188@demo-retail.com,SKU-1027,1,207.42,2026-05-21
ORD-004183,customer0327@demo-retail.com,SKU-1058,3,143.75,2025-07-08
ORD-004184,customer0335@demo-retail.com,SKU-1098,3,82.52,2026-07-28
ORD-004185,customer0012@demo-retail.com,SKU-1061,5,167.15,2026-08-29
ORD-004186,customer0430@demo-retail.com,SKU-1015,3,135.22,2025-10-09
ORD-004187,customer0134@demo-retail.com,SKU-1024,8,76.84,2026-05-16
ORD-004188,customer0002@demo-retail.com,SKU-1001,1,89.9,2026-08-05
ORD-004189,customer0031@demo-retail.com,SKU-1077,1,42.14,2026-04-15
ORD-004190,customer0070@demo-retail.com,SKU-1063,1,51.16,2025-04-13
ORD-004191,customer0180@demo-retail.com,SKU-1016,1,138.37,2026-08-03
ORD-004192,customer0076@demo-retail.com,SKU-1071,3,212.19,2026-07-26
ORD-004193,customer0242@demo-retail.com,SKU-1036,3,143.09,2026-04-16
ORD-004194,customer0153@demo-retail.com,SKU-1077,1,42.14,2026-08-29
ORD-004195,customer0232@demo-retail.com,SKU-1035,8,23.55,2026-04-12
ORD-004196,customer0178@demo-retail.com,SKU-1032,5,184.38,2025-04-29
ORD-004197,customer0164@demo-retail.com,SKU-1025,2,125.72,2025-11-18
ORD-004198,customer0330@demo-retail.com,SKU-1099,1,150.59,2025-06-18
ORD-004199,customer0061@demo-retail.com,SKU-1038,1,159.03,2026-03-24
ORD-004200,customer0021@demo-retail.com,SKU-1072,1,115.43,2026-04-28
ORD-004201,customer0009@demo-retail.com,SKU-1070,1,74.05,2026-07-30
ORD-004202,customer0155@demo-retail.com,SKU-1032,2,184.38,2025-12-04
ORD-004203,customer0465@demo-retail.com,SKU-1098,1,82.52,2026-06-07
ORD-004204,customer0410@demo-retail.com,SKU-1053,2,200.77,2026-04-11
ORD-004205,customer0090@demo-retail.com,SKU-1005,10,137.03,2026-07-18
ORD-004206,customer0198@demo-retail.com,SKU-1003,3,44.45,2026-07-05
ORD-004207,customer0364@demo-retail.com,SKU-1083,8,30.78,2026-07-27
ORD-004208,customer0396@demo-retail.com,SKU-1075,1,18.92,2026-04-11
ORD-004209,customer0477@demo-retail.com,SKU-1033,2,70.43,2026-04-01
ORD-004210,customer0164@demo-retail.com,SKU-1002,3,164.25,2026-08-13
ORD-004211,customer0304@demo-retail.com,SKU-1048,1,172.36,2026-05-20
ORD-004212,customer0295@demo-retail.com,SKU-1024,1,66.3,2026-06-21
ORD-004213,customer0026@demo-retail.com,SKU-1082,3,143.77,2026-08-04
ORD-004214,customer0008@demo-retail.com,SKU-1055,3,59.59,2026-04-14
ORD-004215,customer0124@demo-retail.com,SKU-1059,2,179.16,2026-05-16
ORD-004216,customer0205@demo-retail.com,SKU-1011,2,139.27,2026-08-20
ORD-004217,customer0340@demo-retail.com,SKU-1054,2,97.36,2026-07-05
ORD-004218,customer0184@demo-retail.com,SKU-1018,1,179.23,2025-03-01
ORD-004219,customer0315@demo-retail.com,SKU-1079,2,151.8,2026-05-21
ORD-004220,customer0236@demo-retail.com,SKU-1039,1,172.42,2026-06-24
ORD-004221,customer0273@demo-retail.com,SKU-1002,1,164.25,2025-11-27
ORD-004222,customer0109@demo-retail.com,SKU-1023,8,52.98,2025-09-14
ORD-004223,customer0057@demo-retail.com,SKU-1040,3,86.56,2026-07-30
ORD-004224,customer0056@demo-retail.com,SKU-1077,4,42.14,2026-02-12
ORD-004225,customer0197@demo-retail.com,SKU-1004,2,24.08,2026-04-04
ORD-004226,customer0143@demo-retail.com,SKU-1021,2,37.38,2025-01-16
ORD-004227,customer0337@demo-retail.com,SKU-1029,1,30.41,2026-07-08
ORD-004228,customer0093@demo-retail.com,SKU-1046,1,36.88,2025-10-26
ORD-004229,customer0269@demo-retail.com,SKU-1018,1,170.93,2026-04-16
ORD-004230,customer0095@demo-retail.com,SKU-1051,4,18.54,2026-03-22
ORD-004231,customer0051@demo-retail.com,SKU-1021,3,37.38,2026-05-10
ORD-004232,customer0155@demo-retail.com,SKU-1004,3,24.08,2026-07-29
ORD-004233,customer0184@demo-retail.com,SKU-1016,2,138.37,2025-07-01
ORD-004234,customer0108@demo-retail.com,SKU-1078,6,217.02,2026-01-27
ORD-004235,customer0420@demo-retail.com,SKU-1017,1,21.25,2026-07-06
ORD-004236,customer0257@demo-retail.com,SKU-1021,2,37.38,2026-08-24
ORD-004237,customer0095@demo-retail.com,SKU-1001,2,89.9,2026-01-02
ORD-004238,customer0296@demo-retail.com,SKU-1014,4,53.53,2025-02-19
ORD-004239,customer0310@demo-retail.com,SKU-1063,10,59.41,2026-07-05
ORD-004240,customer0363@demo-retail.com,SKU-1024,1,76.84,2026-08-26
ORD-004241,customer0431@demo-retail.com,SKU-1024,5,76.84,2026-07-25
ORD-004242,customer0264@demo-retail.com,SKU-1009,5,75.28,2026-05-20
ORD-004243,customer0231@demo-retail.com,SKU-1094,1,181.98,2026-08-31
ORD-004244,customer0147@demo-retail.com,SKU-1001,2,89.9,2025-08-21
ORD-004245,customer0381@demo-retail.com,SKU-1018,2,212.85,2025-08-11
ORD-004246,customer0470@demo-retail.com,SKU-1060,8,197.65,2026-04-25
ORD-004247,customer0226@demo-retail.com,SKU-1038,1,159.03,2026-05-27
ORD-004248,customer0152@demo-retail.com,SKU-1079,4,151.8,2026-08-01
ORD-004249,customer0344@demo-retail.com,SKU-1011,2,139.27,2025-04-17
ORD-004250,customer0030@demo-retail.com,SKU-1044,4,163.76,2026-03-15
ORD-004251,customer0065@demo-retail.com,SKU-1009,2,75.28,2026-03-05
ORD-004252,customer0281@demo-retail.com,SKU-1062,3,78.14,2026-06-10
ORD-004253,customer0068@demo-retail.com,SKU-1020,5,154.32,2025-03-03
ORD-004254,customer0475@demo-retail.com,SKU-1088,4,146.2,2026-04-13
ORD-004255,customer0172@demo-retail.com,SKU-1027,5,187.22,2026-03-14
ORD-004256,customer0080@demo-retail.com,SKU-1075,1,20.96,2026-06-01
ORD-004257,customer0263@demo-retail.com,SKU-1083,4,30.78,2026-06-20
ORD-004258,customer0434@demo-retail.com,SKU-1037,1,13.15,2026-08-10
ORD-004259,customer0126@demo-retail.com,SKU-1096,2,31.37,2026-08-24
ORD-004260,customer0276@demo-retail.com,SKU-1097,3,199.29,2026-08-07
ORD-004261,customer0074@demo-retail.com,SKU-1027,2,207.42,2025-03-16
ORD-004262,customer0195@demo-retail.com,SKU-1049,2,105.25,2026-05-30
ORD-004263,customer0252@demo-retail.com,SKU-1014,10,53.53,2025-09-22
ORD-004264,customer0292@demo-retail.com,SKU-1044,1,163.76,2026-02-27
ORD-004265,customer0022@demo-retail.com,SKU-1018,3,212.85,2026-06-21
ORD-004266,customer0412@demo-retail.com,SKU-1050,2,17.29,2025-02-01
ORD-004267,customer0228@demo-retail.com,SKU-1056,1,72.27,2026-07-15
ORD-004268,customer0413@demo-retail.com,SKU-1009,1,75.28,2026-01-13
ORD-004269,customer0493@demo-retail.com,SKU-1029,8,30.41,2026-06-04
ORD-004270,customer0201@demo-retail.com,SKU-1087,5,118.52,2026-01-10
ORD-004271,customer0271@demo-retail.com,SKU-1034,6,41.31,2026-05-18
ORD-004272,customer0417@demo-retail.com,SKU-1036,10,172.63,2026-07-20
ORD-004273,customer0158@demo-retail.com,SKU-1003,1,35.6,2026-08-01
ORD-004274,customer0215@demo-retail.com,SKU-1073,2,71.25,2026-07-29
ORD-004275,customer0420@demo-retail.com,SKU-1019,3,75.36,2026-08-03
ORD-004276,customer0365@demo-retail.com,SKU-1054,2,97.36,2026-04-04
ORD-004277,customer0012@demo-retail.com,SKU-1090,2,206.84,2026-06-11
ORD-004278,customer0038@demo-retail.com,SKU-1018,2,184.24,2026-06-24
ORD-004279,customer0096@demo-retail.com,SKU-1001,3,89.9,2026-01-16
ORD-004280,customer0439@demo-retail.com,SKU-1071,3,212.19,2026-04-18
ORD-004281,customer0467@demo-retail.com,SKU-1037,1,13.15,2025-01-07
ORD-004282,customer0060@demo-retail.com,SKU-1048,2,172.36,2026-07-27
ORD-004283,customer0105@demo-retail.com,SKU-1004,3,24.08,2026-04-15
ORD-004284,customer0285@demo-retail.com,SKU-1058,3,143.75,2026-06-18
ORD-004285,customer0125@demo-retail.com,SKU-1100,1,196.51,2025-05-28
ORD-004286,customer0358@demo-retail.com,SKU-1073,4,71.25,2025-02-27
ORD-004287,customer0205@demo-retail.com,SKU-1063,1,59.41,2026-02-09
ORD-004288,customer0113@demo-retail.com,SKU-1081,2,88.5,2026-05-19
ORD-004289,customer0103@demo-retail.com,SKU-1055,20,59.59,2026-06-17
ORD-004290,customer0421@demo-retail.com,SKU-1004,3,22.47,2025-06-05
ORD-004291,customer0471@demo-retail.com,SKU-1065,1,13.45,2025-10-27
ORD-004292,customer0105@demo-retail.com,SKU-1027,4,207.42,2026-04-14
ORD-004293,customer0012@demo-retail.com,SKU-1049,3,120.73,2026-08-14
ORD-004294,customer0208@demo-retail.com,SKU-1078,4,217.02,2026-07-08
ORD-004295,customer0005@demo-retail.com,SKU-1049,4,120.73,2026-07-10
ORD-004296,customer0449@demo-retail.com,SKU-1056,3,63.91,2026-06-19
ORD-004297,customer0291@demo-retail.com,SKU-1036,2,160.56,2026-05-16
ORD-004298,customer0444@demo-retail.com,SKU-1098,1,82.52,2026-05-29
ORD-004299,customer0497@demo-retail.com,SKU-1084,1,64.25,2026-08-19
ORD-004300,customer0244@demo-retail.com,SKU-1015,2,135.22,2026-05-23
ORD-004301,customer0450@demo-retail.com,SKU-1070,3,87.63,2025-03-03
ORD-004302,customer0388@demo-retail.com,SKU-1082,2,120.52,2026-08-14
ORD-004303,customer0140@demo-retail.com,SKU-1008,2,49.82,2026-06-20
ORD-004304,customer0039@demo-retail.com,SKU-1044,1,163.76,2026-04-23
ORD-004305,customer0264@demo-retail.com,SKU-1036,2,172.63,2026-08-05
ORD-004306,customer0026@demo-retail.com,SKU-1065,2,13.45,2026-06-02
ORD-004307,customer0477@demo-retail.com,SKU-1067,4,36.93,2026-05-20
ORD-004308,customer0135@demo-retail.com,SKU-1071,1,212.19,2026-05-08
ORD-004309,customer0405@demo-retail.com,SKU-1060,3,184.73,2026-07-23
ORD-004310,customer0361@demo-retail.com,SKU-1083,8,30.78,2026-04-10
ORD-004311,customer0265@demo-retail.com,SKU-1047,1,170.24,2026-08-04
ORD-004312,customer0044@demo-retail.com,SKU-1015,2,135.22,2026-03-09
ORD-004313,customer0297@demo-retail.com,SKU-1046,1,36.88,2026-03-26
ORD-004314,customer0034@demo-retail.com,SKU-1053,3,170.28,2025-06-13
ORD-004315,customer0192@demo-retail.com,SKU-1027,3,207.42,2026-04-16
ORD-004316,customer0217@demo-retail.com,SKU-1045,2,196.54,2026-04-03
ORD-004317,customer0488@demo-retail.com,SKU-1047,3,170.24,2026-06-29
ORD-004318,customer0145@demo-retail.com,SKU-1021,6,37.38,2026-06-06
ORD-004319,customer0359@demo-retail.com,SKU-1100,1,196.51,2026-05-04
ORD-004320,customer0417@demo-retail.com,SKU-1070,1,87.63,2026-06-08
ORD-004321,customer0418@demo-retail.com,SKU-1001,5,89.9,2026-07-09
ORD-004322,customer0105@demo-retail.com,SKU-1044,3,163.76,2026-04-22
ORD-004323,customer0304@demo-retail.com,SKU-1056,6,72.27,2026-05-25
ORD-004324,customer0190@demo-retail.com,SKU-1082,3,143.77,2026-08-14
ORD-004325,customer0190@demo-retail.com,SKU-1067,5,36.93,2026-07-30
ORD-004326,customer0240@demo-retail.com,SKU-1070,2,87.63,2025-01-05
ORD-004327,customer0065@demo-retail.com,SKU-1061,4,179.95,2026-04-09
ORD-004328,customer0443@demo-retail.com,SKU-1072,6,100.72,2025-08-18
ORD-004329,customer0487@demo-retail.com,SKU-1096,3,28.67,2026-05-07
ORD-004330,customer0355@demo-retail.com,SKU-1017,1,25.53,2026-06-11
ORD-004331,customer0400@demo-retail.com,SKU-1001,1,84.16,2025-07-23
ORD-004332,customer0367@demo-retail.com,SKU-1019,1,63.62,2026-08-19
ORD-004333,customer0494@demo-retail.com,SKU-1087,1,118.52,2026-07-07
ORD-004334,customer0049@demo-retail.com,SKU-1061,2,179.95,2026-05-09
ORD-004335,customer0348@demo-retail.com,SKU-1016,3,138.37,2026-03-14
ORD-004336,customer0313@demo-retail.com,SKU-1091,3,82.94,2026-05-30
ORD-004337,customer0152@demo-retail.com,SKU-1053,2,200.77,2026-05-07
ORD-004338,customer0100@demo-retail.com,SKU-1031,3,92.84,2026-06-21
ORD-004339,customer0083@demo-retail.com,SKU-1020,1,154.32,2026-05-30
ORD-004340,customer0365@demo-retail.com,SKU-1088,1,146.2,2026-01-24
ORD-004341,customer0429@demo-retail.com,SKU-1017,1,21.41,2025-07-06
ORD-004342,customer0011@demo-retail.com,SKU-1059,2,179.16,2025-01-14
ORD-004343,customer0391@demo-retail.com,SKU-1007,1,185.15,2026-03-08
ORD-004344,customer0465@demo-retail.com,SKU-1011,2,126.08,2025-04-28
ORD-004345,customer0425@demo-retail.com,SKU-1091,2,82.94,2026-05-22
ORD-004346,customer0206@demo-retail.com,SKU-1018,5,212.85,2026-08-23
ORD-004347,customer0466@demo-retail.com,SKU-1060,1,197.65,2026-06-26
ORD-004348,customer0164@demo-retail.com,SKU-1029,3,30.41,2026-07-10
ORD-004349,customer0308@demo-retail.com,SKU-1012,3,72.77,2026-04-28
ORD-004350,customer0419@demo-retail.com,SKU-1012,4,72.77,2026-04-08
ORD-004351,customer0325@demo-retail.com,SKU-1053,6,200.77,2026-06-02
ORD-004352,customer0449@demo-retail.com,SKU-1003,1,44.45,2025-06-09
ORD-004353,customer0209@demo-retail.com,SKU-1085,1,17.98,2025-05-23
ORD-004354,customer0136@demo-retail.com,SKU-1043,5,76.68,2026-04-16
ORD-004355,customer0066@demo-retail.com,SKU-1086,2,123.13,2026-04-26
ORD-004356,customer0280@demo-retail.com,SKU-1003,3,37.59,2025-05-25
ORD-004357,customer0045@demo-retail.com,SKU-1041,3,191.53,2025-01-18
ORD-004358,customer0254@demo-retail.com,SKU-1019,3,75.36,2026-07-09
ORD-004359,customer0357@demo-retail.com,SKU-1083,6,30.78,2025-02-28
ORD-004360,customer0466@demo-retail.com,SKU-1084,10,78.72,2026-05-16
ORD-004361,customer0046@demo-retail.com,SKU-1002,4,132.33,2025-07-25
ORD-004362,customer0034@demo-retail.com,SKU-1031,2,92.84,2026-04-03
ORD-004363,customer0496@demo-retail.com,SKU-1069,5,119.91,2025-11-14
ORD-004364,customer0358@demo-retail.com,SKU-1043,1,67.6,2025-08-25
ORD-004365,customer0350@demo-retail.com,SKU-1080,1,61.43,2025-07-04
ORD-004366,customer0113@demo-retail.com,SKU-1091,6,82.94,2026-06-25
ORD-004367,customer0088@demo-retail.com,SKU-1051,1,18.54,2026-05-17
ORD-004368,customer0071@demo-retail.com,SKU-1018,1,212.85,2026-08-10
ORD-004369,customer0400@demo-retail.com,SKU-1039,1,172.42,2026-04-07
ORD-004370,customer0447@demo-retail.com,SKU-1001,5,89.9,2026-05-06
ORD-004371,customer0179@demo-retail.com,SKU-1005,2,137.03,2026-08-09
ORD-004372,customer0442@demo-retail.com,SKU-1002,3,164.25,2025-09-08
ORD-004373,customer0258@demo-retail.com,SKU-1080,1,54.28,2026-05-09
ORD-004374,customer0342@demo-retail.com,SKU-1018,4,212.85,2025-11-12
ORD-004375,customer0015@demo-retail.com,SKU-1083,4,28.37,2025-12-31
ORD-004376,customer0254@demo-retail.com,SKU-1066,2,98.82,2026-08-06
ORD-004377,customer0415@demo-retail.com,SKU-1070,2,87.63,2026-04-18
ORD-004378,customer0464@demo-retail.com,SKU-1068,1,208.13,2026-04-14
ORD-004379,customer0401@demo-retail.com,SKU-1100,8,196.51,2026-05-22
ORD-004380,customer0218@demo-retail.com,SKU-1024,3,76.84,2026-07-22
ORD-004381,customer0292@demo-retail.com,SKU-1002,6,164.25,2026-06-12
ORD-004382,customer0419@demo-retail.com,SKU-1051,2,18.54,2025-03-29
ORD-004383,customer0001@demo-retail.com,SKU-1078,4,217.02,2026-07-05
ORD-004384,customer0275@demo-retail.com,SKU-1073,4,71.25,2026-06-11
ORD-004385,customer0078@demo-retail.com,SKU-1060,4,197.65,2026-05-07
ORD-004386,customer0013@demo-retail.com,SKU-1038,8,159.03,2026-01-25
ORD-004387,customer0163@demo-retail.com,SKU-1004,2,21.83,2026-04-17
ORD-004388,customer0226@demo-retail.com,SKU-1099,1,163.0,2025-05-08
ORD-004389,customer0299@demo-retail.com,SKU-1071,3,195.95,2026-04-30
ORD-004390,customer0180@demo-retail.com,SKU-1051,4,18.54,2026-06-02
ORD-004391,customer0270@demo-retail.com,SKU-1040,3,77.71,2026-08-02
ORD-004392,customer0309@demo-retail.com,SKU-1092,1,204.34,2025-01-05
ORD-004393,customer0486@demo-retail.com,SKU-1067,2,36.93,2025-07-05
ORD-004394,customer0321@demo-retail.com,SKU-1007,2,152.04,2026-05-05
ORD-004395,customer0375@demo-retail.com,SKU-1014,2,53.53,2026-07-31
ORD-004396,customer0428@demo-retail.com,SKU-1051,3,18.54,2026-04-24
ORD-004397,customer0339@demo-retail.com,SKU-1052,4,77.39,2026-08-26
ORD-004398,customer0436@demo-retail.com,SKU-1030,1,21.41,2025-06-15
ORD-004399,customer0197@demo-retail.com,SKU-1003,2,40.78,2026-07-29
ORD-004400,customer0482@demo-retail.com,SKU-1003,1,44.45,2026-07-12
ORD-004401,customer0364@demo-retail.com,SKU-1084,1,78.72,2026-05-25
ORD-004402,customer0123@demo-retail.com,SKU-1047,4,170.24,2026-04-08
ORD-004403,customer0415@demo-retail.com,SKU-1090,6,206.84,2025-01-26
ORD-004404,customer0201@demo-retail.com,SKU-1040,2,86.56,2025-10-11
ORD-004405,customer0398@demo-retail.com,SKU-1087,4,118.52,2026-05-19
ORD-004406,customer0404@demo-retail.com,SKU-1064,6,182.15,2026-07-10
ORD-004407,customer0131@demo-retail.com,SKU-1029,5,26.07,2026-05-28
ORD-004408,customer0340@demo-retail.com,SKU-1069,1,119.91,2026-04-13
ORD-004409,customer0383@demo-retail.com,SKU-1086,8,152.93,2025-07-23
ORD-004410,customer0439@demo-retail.com,SKU-1095,2,122.17,2026-07-30
ORD-004411,customer0323@demo-retail.com,SKU-1055,2,59.59,2026-04-13
ORD-004412,customer0425@demo-retail.com,SKU-1051,1,18.54,2026-05-12
ORD-004413,customer0187@demo-retail.com,SKU-1061,2,157.67,2026-05-06
ORD-004414,customer0396@demo-retail.com,SKU-1021,1,37.38,2026-06-30
ORD-004415,customer0337@demo-retail.com,SKU-1028,1,136.36,2026-07-29
ORD-004416,customer0354@demo-retail.com,SKU-1077,2,42.14,2026-05-13
ORD-004417,customer0410@demo-retail.com,SKU-1041,4,191.53,2026-06-14
ORD-004418,customer0138@demo-retail.com,SKU-1069,5,110.73,2026-07-18
ORD-004419,customer0089@demo-retail.com,SKU-1036,2,172.63,2026-07-12
ORD-004420,customer0357@demo-retail.com,SKU-1006,5,16.28,2026-08-04
ORD-004421,customer0162@demo-retail.com,SKU-1076,5,200.92,2025-05-26
ORD-004422,customer0288@demo-retail.com,SKU-1031,4,76.19,2026-08-30
ORD-004423,customer0182@demo-retail.com,SKU-1015,1,122.32,2026-06-03
ORD-004424,customer0337@demo-retail.com,SKU-1003,4,44.45,2026-06-05
ORD-004425,customer0453@demo-retail.com,SKU-1030,8,21.41,2026-06-05
ORD-004426,customer0385@demo-retail.com,SKU-1029,3,30.41,2026-07-03
ORD-004427,customer0409@demo-retail.com,SKU-1011,2,139.27,2025-07-12
ORD-004428,customer0181@demo-retail.com,SKU-1085,2,20.48,2026-07-01
ORD-004429,customer0095@demo-retail.com,SKU-1046,3,36.88,2026-02-15
ORD-004430,customer0195@demo-retail.com,SKU-1087,2,118.52,2026-05-12
ORD-004431,customer0187@demo-retail.com,SKU-1068,1,208.13,2026-08-18
ORD-004432,customer0150@demo-retail.com,SKU-1045,2,175.86,2026-06-03
ORD-004433,customer0422@demo-retail.com,SKU-1078,4,181.17,2026-08-21
ORD-004434,customer0462@demo-retail.com,SKU-1086,5,152.93,2026-05-01
ORD-004435,customer0233@demo-retail.com,SKU-1089,1,155.72,2026-07-06
ORD-004436,customer0279@demo-retail.com,SKU-1024,8,76.84,2026-05-02
ORD-004437,customer0198@demo-retail.com,SKU-1033,2,70.43,2026-05-10
ORD-004438,customer0192@demo-retail.com,SKU-1061,3,179.95,2025-11-22
ORD-004439,customer0218@demo-retail.com,SKU-1098,4,75.34,2025-06-20
ORD-004440,customer0061@demo-retail.com,SKU-1068,5,208.13,2026-06-27
ORD-004441,customer0302@demo-retail.com,SKU-1002,8,145.47,2026-07-22
ORD-004442,customer0011@demo-retail.com,SKU-1031,2,92.84,2026-05-13
ORD-004443,customer0224@demo-retail.com,SKU-1010,5,101.84,2026-06-06
ORD-004444,customer0169@demo-retail.com,SKU-1092,1,204.34,2026-08-23
ORD-004445,customer0361@demo-retail.com,SKU-1087,4,118.52,2026-07-30
ORD-004446,customer0488@demo-retail.com,SKU-1023,4,65.83,2025-04-13
ORD-004447,customer0272@demo-retail.com,SKU-1072,3,115.43,2026-04-18
ORD-004448,customer0150@demo-retail.com,SKU-1085,1,17.52,2026-08-08
ORD-004449,customer0188@demo-retail.com,SKU-1039,5,172.42,2026-02-15
ORD-004450,customer0127@demo-retail.com,SKU-1014,1,53.53,2026-07-02
ORD-004451,customer0239@demo-retail.com,SKU-1049,1,120.73,2026-03-29
ORD-004452,customer0303@demo-retail.com,SKU-1038,4,159.03,2026-06-08
ORD-004453,customer0436@demo-retail.com,SKU-1067,2,36.93,2026-08-10
ORD-004454,customer0469@demo-retail.com,SKU-1029,5,30.41,2026-05-28
ORD-004455,customer0300@demo-retail.com,SKU-1086,2,137.08,2025-06-10
ORD-004456,customer0350@demo-retail.com,SKU-1019,1,75.36,2026-05-19
ORD-004457,customer0463@demo-retail.com,SKU-1050,5,17.29,2025-05-10
ORD-004458,customer0439@demo-retail.com,SKU-1028,3,117.83,2026-05-08
ORD-004459,customer0028@demo-retail.com,SKU-1096,1,31.37,2025-03-27
ORD-004460,customer0051@demo-retail.com,SKU-1021,4,37.38,2025-06-09
ORD-004461,customer0227@demo-retail.com,SKU-1042,2,80.83,2026-08-12
ORD-004462,customer0014@demo-retail.com,SKU-1099,3,163.0,2025-04-27
ORD-004463,customer0227@demo-retail.com,SKU-1001,2,89.9,2026-05-15
ORD-004464,customer0443@demo-retail.com,SKU-1048,5,172.36,2026-08-11
ORD-004465,customer0004@demo-retail.com,SKU-1023,5,65.83,2026-08-29
ORD-004466,customer0287@demo-retail.com,SKU-1032,4,184.38,2026-06-18
ORD-004467,customer0178@demo-retail.com,SKU-1082,1,121.84,2025-11-14
ORD-004468,customer0122@demo-retail.com,SKU-1007,5,148.36,2026-05-22
ORD-004469,customer0209@demo-retail.com,SKU-1035,3,27.51,2025-07-30
ORD-004470,customer0365@demo-retail.com,SKU-1069,4,119.91,2026-08-14
ORD-004471,customer0023@demo-retail.com,SKU-1013,2,106.86,2026-04-24
ORD-004472,customer0089@demo-retail.com,SKU-1058,5,143.75,2026-07-29
ORD-004473,customer0144@demo-retail.com,SKU-1032,4,156.09,2026-06-30
ORD-004474,customer0275@demo-retail.com,SKU-1031,1,85.36,2026-08-06
ORD-004475,customer0101@demo-retail.com,SKU-1095,2,111.52,2026-04-13
ORD-004476,customer0400@demo-retail.com,SKU-1093,5,65.65,2026-07-31
ORD-004477,customer0290@demo-retail.com,SKU-1069,1,119.91,2025-09-01
ORD-004478,customer0378@demo-retail.com,SKU-1032,8,168.22,2026-05-06
ORD-004479,customer0249@demo-retail.com,SKU-1083,3,30.78,2026-06-14
ORD-004480,customer0042@demo-retail.com,SKU-1017,3,25.53,2026-06-02
ORD-004481,customer0234@demo-retail.com,SKU-1002,1,164.25,2026-05-01
ORD-004482,customer0344@demo-retail.com,SKU-1084,1,78.72,2026-08-24
ORD-004483,customer0004@demo-retail.com,SKU-1059,8,146.29,2026-07-07
ORD-004484,customer0136@demo-retail.com,SKU-1080,2,61.43,2025-03-24
ORD-004485,customer0311@demo-retail.com,SKU-1054,4,97.36,2026-05-30
ORD-004486,customer0308@demo-retail.com,SKU-1015,2,135.22,2026-05-24
ORD-004487,customer0376@demo-retail.com,SKU-1058,1,131.29,2026-05-11
ORD-004488,customer0073@demo-retail.com,SKU-1097,1,199.29,2026-05-17
ORD-004489,customer0380@demo-retail.com,SKU-1018,3,212.85,2026-08-04
ORD-004490,customer0113@demo-retail.com,SKU-1070,8,87.63,2026-03-28
ORD-004491,customer0101@demo-retail.com,SKU-1013,2,106.86,2026-05-06
ORD-004492,customer0085@demo-retail.com,SKU-1006,2,16.28,2026-06-19
ORD-004493,customer0195@demo-retail.com,SKU-1086,2,152.93,2025-10-23
ORD-004494,customer0254@demo-retail.com,SKU-1023,3,65.83,2026-01-26
ORD-004495,customer0413@demo-retail.com,SKU-1010,2,101.84,2026-08-03
ORD-004496,customer0344@demo-retail.com,SKU-1081,5,88.5,2025-06-28
ORD-004497,customer0204@demo-retail.com,SKU-1077,2,42.14,2026-08-03
ORD-004498,customer0246@demo-retail.com,SKU-1034,2,41.31,2026-05-17
ORD-004499,customer0199@demo-retail.com,SKU-1073,1,71.25,2026-04-16
ORD-004500,customer0283@demo-retail.com,SKU-1049,10,120.73,2025-08-10
ORD-004501,customer0113@demo-retail.com,SKU-1070,1,87.63,2026-06-21
ORD-004502,customer0117@demo-retail.com,SKU-1094,1,154.99,2026-02-16
ORD-004503,customer0489@demo-retail.com,SKU-1100,3,196.51,2025-05-29
ORD-004504,customer0479@demo-retail.com,SKU-1062,3,78.14,2026-07-20
ORD-004505,customer0465@demo-retail.com,SKU-1006,2,16.28,2026-08-15
ORD-004506,customer0049@demo-retail.com,SKU-1075,2,22.71,2025-05-29
ORD-004507,customer0246@demo-retail.com,SKU-1036,4,172.63,2026-07-22
ORD-004508,customer0357@demo-retail.com,SKU-1058,1,143.75,2026-08-02
ORD-004509,customer0172@demo-retail.com,SKU-1062,5,78.14,2026-08-18
ORD-004510,customer0130@demo-retail.com,SKU-1084,3,78.72,2026-06-18
ORD-004511,customer0308@demo-retail.com,SKU-1080,2,57.14,2026-05-09
ORD-004512,customer0143@demo-retail.com,SKU-1015,2,135.22,2026-07-31
ORD-004513,customer0265@demo-retail.com,SKU-1046,1,36.88,2026-05-17
ORD-004514,customer0222@demo-retail.com,SKU-1002,4,164.25,2026-08-05
ORD-004515,customer0442@demo-retail.com,SKU-1053,2,200.77,2025-11-17
ORD-004516,customer0306@demo-retail.com,SKU-1022,2,19.15,2026-08-07
ORD-004517,customer0382@demo-retail.com,SKU-1023,3,65.83,2026-04-05
ORD-004518,customer0211@demo-retail.com,SKU-1078,10,217.02,2026-06-14
ORD-004519,customer0430@demo-retail.com,SKU-1074,2,138.79,2026-08-09
ORD-004520,customer0298@demo-retail.com,SKU-1083,6,27.07,2026-08-28
ORD-004521,customer0391@demo-retail.com,SKU-1015,2,135.22,2025-02-18
ORD-004522,customer0179@demo-retail.com,SKU-1064,1,182.15,2026-05-14
ORD-004523,customer0411@demo-retail.com,SKU-1029,1,30.41,2026-05-24
ORD-004524,customer0241@demo-retail.com,SKU-1010,2,101.84,2025-09-05
ORD-004525,customer0435@demo-retail.com,SKU-1097,1,199.29,2026-08-22
ORD-004526,customer0345@demo-retail.com,SKU-1061,1,179.95,2025-09-06
ORD-004527,customer0171@demo-retail.com,SKU-1100,6,196.51,2026-04-21
ORD-004528,customer0307@demo-retail.com,SKU-1088,5,146.2,2026-07-02
ORD-004529,customer0436@demo-retail.com,SKU-1062,4,78.14,2025-06-06
ORD-004530,customer0467@demo-retail.com,SKU-1019,1,75.36,2026-07-23
ORD-004531,customer0036@demo-retail.com,SKU-1035,1,27.51,2026-05-11
ORD-004532,customer0323@demo-retail.com,SKU-1009,1,75.28,2026-04-11
ORD-004533,customer0445@demo-retail.com,SKU-1064,4,171.27,2025-09-18
ORD-004534,customer0097@demo-retail.com,SKU-1091,6,75.01,2025-07-06
ORD-004535,customer0134@demo-retail.com,SKU-1077,2,35.03,2026-04-07
ORD-004536,customer0120@demo-retail.com,SKU-1041,1,191.53,2025-09-15
ORD-004537,customer0459@demo-retail.com,SKU-1002,2,164.25,2025-09-06
ORD-004538,customer0491@demo-retail.com,SKU-1100,2,196.51,2026-06-06
ORD-004539,customer0452@demo-retail.com,SKU-1047,2,170.24,2026-06-14
ORD-004540,customer0017@demo-retail.com,SKU-1094,3,181.98,2026-06-21
ORD-004541,customer0056@demo-retail.com,SKU-1090,4,206.84,2026-07-17
ORD-004542,customer0485@demo-retail.com,SKU-1084,1,67.7,2025-12-03
ORD-004543,customer0494@demo-retail.com,SKU-1028,1,136.36,2026-07-10
ORD-004544,customer0355@demo-retail.com,SKU-1062,10,78.14,2026-08-24
ORD-004545,customer0362@demo-retail.com,SKU-1002,1,164.25,2026-06-17
ORD-004546,customer0436@demo-retail.com,SKU-1095,1,109.04,2025-06-24
ORD-004547,customer0211@demo-retail.com,SKU-1008,1,49.82,2025-08-24
ORD-004548,customer0158@demo-retail.com,SKU-1041,1,168.86,2026-03-21
ORD-004549,customer0138@demo-retail.com,SKU-1038,2,159.03,2025-11-14
ORD-004550,customer0343@demo-retail.com,SKU-1020,4,139.5,2026-06-23
ORD-004551,customer0358@demo-retail.com,SKU-1001,2,89.9,2026-05-29
ORD-004552,customer0343@demo-retail.com,SKU-1016,2,138.37,2026-08-08
ORD-004553,customer0141@demo-retail.com,SKU-1054,3,97.36,2026-06-06
ORD-004554,customer0180@demo-retail.com,SKU-1064,2,182.15,2026-06-13
ORD-004555,customer0020@demo-retail.com,SKU-1060,5,197.65,2025-07-17
ORD-004556,customer0351@demo-retail.com,SKU-1012,5,68.14,2026-06-09
ORD-004557,customer0462@demo-retail.com,SKU-1086,1,137.09,2026-08-12
ORD-004558,customer0137@demo-retail.com,SKU-1079,4,151.8,2026-06-11
ORD-004559,customer0490@demo-retail.com,SKU-1082,2,143.77,2025-02-06
ORD-004560,customer0340@demo-retail.com,SKU-1075,10,22.71,2026-03-20
ORD-004561,customer0178@demo-retail.com,SKU-1073,2,71.25,2026-07-20
ORD-004562,customer0428@demo-retail.com,SKU-1012,10,72.77,2026-06-28
ORD-004563,customer0347@demo-retail.com,SKU-1078,4,217.02,2025-07-16
ORD-004564,customer0144@demo-retail.com,SKU-1017,1,25.53,2026-06-14
ORD-004565,customer0345@demo-retail.com,SKU-1055,3,59.59,2026-05-27
ORD-004566,customer0413@demo-retail.com,SKU-1026,10,213.67,2026-07-14
ORD-004567,customer0107@demo-retail.com,SKU-1033,5,66.45,2026-07-02
ORD-004568,customer0131@demo-retail.com,SKU-1079,1,151.8,2026-05-12
ORD-004569,customer0090@demo-retail.com,SKU-1037,4,13.15,2026-01-06
ORD-004570,customer0169@demo-retail.com,SKU-1071,2,212.19,2026-07-28
ORD-004571,customer0442@demo-retail.com,SKU-1074,1,138.79,2026-08-26
ORD-004572,customer0192@demo-retail.com,SKU-1080,2,61.43,2026-06-20
ORD-004573,customer0292@demo-retail.com,SKU-1032,1,184.38,2025-01-09
ORD-004574,customer0168@demo-retail.com,SKU-1037,5,13.15,2026-03-09
ORD-004575,customer0169@demo-retail.com,SKU-1052,2,77.39,2026-04-27
ORD-004576,customer0003@demo-retail.com,SKU-1026,5,213.67,2026-06-20
ORD-004577,customer0282@demo-retail.com,SKU-1018,1,212.85,2026-06-22
ORD-004578,customer0374@demo-retail.com,SKU-1095,2,122.17,2025-10-19
ORD-004579,customer0231@demo-retail.com,SKU-1056,1,72.27,2026-05-12
ORD-004580,customer0359@demo-retail.com,SKU-1053,1,200.77,2026-08-27
ORD-004581,customer0300@demo-retail.com,SKU-1056,1,72.27,2025-01-23
ORD-004582,customer0014@demo-retail.com,SKU-1011,1,139.27,2025-03-26
ORD-004583,customer0173@demo-retail.com,SKU-1014,3,53.53,2026-05-09
ORD-004584,customer0335@demo-retail.com,SKU-1001,2,89.9,2026-06-09
ORD-004585,customer0050@demo-retail.com,SKU-1088,2,146.2,2026-08-26
ORD-004586,customer0146@demo-retail.com,SKU-1027,2,207.42,2026-07-16
ORD-004587,customer0265@demo-retail.com,SKU-1074,5,138.79,2026-05-12
ORD-004588,customer0389@demo-retail.com,SKU-1042,6,80.83,2025-10-12
ORD-004589,customer0296@demo-retail.com,SKU-1091,2,82.94,2026-02-23
ORD-004590,customer0423@demo-retail.com,SKU-1018,2,212.85,2026-08-20
ORD-004591,customer0037@demo-retail.com,SKU-1056,1,72.27,2026-07-29
ORD-004592,customer0064@demo-retail.com,SKU-1058,8,117.8,2026-06-08
ORD-004593,customer0166@demo-retail.com,SKU-1069,1,119.91,2026-07-01
ORD-004594,customer0193@demo-retail.com,SKU-1097,2,199.29,2026-07-18
ORD-004595,customer0211@demo-retail.com,SKU-1081,2,88.5,2025-03-15
ORD-004596,customer0389@demo-retail.com,SKU-1032,2,184.38,2026-08-10
ORD-004597,customer0166@demo-retail.com,SKU-1026,1,213.67,2026-01-30
ORD-004598,customer0395@demo-retail.com,SKU-1003,4,44.45,2025-03-28
ORD-004599,customer0308@demo-retail.com,SKU-1049,1,120.73,2026-04-06
ORD-004600,customer0389@demo-retail.com,SKU-1001,3,89.9,2026-07-09
ORD-004601,customer0251@demo-retail.com,SKU-1091,1,82.94,2025-05-31
ORD-004602,customer0199@demo-retail.com,SKU-1028,1,128.42,2025-02-19
ORD-004603,customer0156@demo-retail.com,SKU-1033,6,70.43,2025-08-09
ORD-004604,customer0400@demo-retail.com,SKU-1066,1,98.82,2026-05-20
ORD-004605,customer0276@demo-retail.com,SKU-1014,5,53.53,2025-08-27
ORD-004606,customer0348@demo-retail.com,SKU-1057,3,205.38,2026-05-29
ORD-004607,customer0452@demo-retail.com,SKU-1058,1,124.63,2025-02-18
ORD-004608,customer0237@demo-retail.com,SKU-1060,8,170.38,2026-06-01
ORD-004609,customer0228@demo-retail.com,SKU-1051,1,18.54,2026-06-30
ORD-004610,customer0251@demo-retail.com,SKU-1078,5,217.02,2026-04-12
ORD-004611,customer0140@demo-retail.com,SKU-1079,1,151.8,2026-05-28
ORD-004612,customer0172@demo-retail.com,SKU-1092,5,204.34,2026-05-30
ORD-004613,customer0450@demo-retail.com,SKU-1033,1,64.3,2026-05-06
ORD-004614,customer0215@demo-retail.com,SKU-1060,2,197.65,2026-05-24
ORD-004615,customer0491@demo-retail.com,SKU-1003,4,44.45,2026-07-24
ORD-004616,customer0228@demo-retail.com,SKU-1077,6,42.14,2026-06-14
ORD-004617,customer0107@demo-retail.com,SKU-1099,6,163.0,2026-05-03
ORD-004618,customer0330@demo-retail.com,SKU-1005,5,137.03,2025-03-01
ORD-004619,customer0191@demo-retail.com,SKU-1053,5,200.77,2026-08-23
ORD-004620,customer0135@demo-retail.com,SKU-1093,1,65.65,2026-06-18
ORD-004621,customer0337@demo-retail.com,SKU-1084,2,78.72,2025-12-08
ORD-004622,customer0067@demo-retail.com,SKU-1087,2,118.52,2025-07-25
ORD-004623,customer0134@demo-retail.com,SKU-1005,2,137.03,2026-08-28
ORD-004624,customer0031@demo-retail.com,SKU-1009,2,75.28,2026-08-11
ORD-004625,customer0040@demo-retail.com,SKU-1054,3,97.36,2026-05-31
ORD-004626,customer0377@demo-retail.com,SKU-1076,1,200.92,2026-04-08
ORD-004627,customer0350@demo-retail.com,SKU-1014,4,53.53,2026-04-13
ORD-004628,customer0206@demo-retail.com,SKU-1036,1,172.63,2026-04-04
ORD-004629,customer0473@demo-retail.com,SKU-1055,2,59.59,2026-05-09
ORD-004630,customer0343@demo-retail.com,SKU-1063,24,59.41,2026-06-08
ORD-004631,customer0334@demo-retail.com,SKU-1086,4,152.93,2026-05-21
ORD-004632,customer0315@demo-retail.com,SKU-1091,4,82.94,2026-07-25
ORD-004633,customer0308@demo-retail.com,SKU-1044,3,146.78,2026-05-20
ORD-004634,customer0120@demo-retail.com,SKU-1090,1,171.07,2026-07-20
ORD-004635,customer0466@demo-retail.com,SKU-1055,3,50.16,2026-05-24
ORD-004636,customer0274@demo-retail.com,SKU-1080,1,61.43,2026-07-01
ORD-004637,customer0035@demo-retail.com,SKU-1046,2,31.65,2026-08-17
ORD-004638,customer0231@demo-retail.com,SKU-1040,2,86.56,2026-04-29
ORD-004639,customer0233@demo-retail.com,SKU-1033,1,70.43,2026-08-08
ORD-004640,customer0443@demo-retail.com,SKU-1039,1,142.8,2026-05-07
ORD-004641,customer0009@demo-retail.com,SKU-1014,8,53.53,2026-06-20
ORD-004642,customer0247@demo-retail.com,SKU-1065,8,13.45,2025-08-20
ORD-004643,customer0350@demo-retail.com,SKU-1096,2,31.37,2026-07-05
ORD-004644,customer0155@demo-retail.com,SKU-1062,1,64.9,2026-04-26
ORD-004645,customer0097@demo-retail.com,SKU-1087,1,118.52,2026-04-24
ORD-004646,customer0396@demo-retail.com,SKU-1054,2,97.36,2026-06-24
ORD-004647,customer0276@demo-retail.com,SKU-1100,8,160.71,2026-04-19
ORD-004648,customer0449@demo-retail.com,SKU-1044,1,163.76,2026-06-09
ORD-004649,customer0362@demo-retail.com,SKU-1039,4,172.42,2026-06-20
ORD-004650,customer0193@demo-retail.com,SKU-1071,1,212.19,2026-07-19
ORD-004651,customer0236@demo-retail.com,SKU-1049,10,120.73,2025-04-24
ORD-004652,customer0301@demo-retail.com,SKU-1013,2,106.86,2026-07-10
ORD-004653,customer0457@demo-retail.com,SKU-1071,4,171.52,2025-04-04
ORD-004654,customer0420@demo-retail.com,SKU-1009,2,75.28,2026-04-17
ORD-004655,customer0469@demo-retail.com,SKU-1040,3,86.56,2026-07-18
ORD-004656,customer0382@demo-retail.com,SKU-1060,1,197.65,2026-08-12
ORD-004657,customer0473@demo-retail.com,SKU-1095,1,103.5,2026-08-25
ORD-004658,customer0047@demo-retail.com,SKU-1038,6,159.03,2026-07-13
ORD-004659,customer0043@demo-retail.com,SKU-1032,6,184.38,2026-07-12
ORD-004660,customer0165@demo-retail.com,SKU-1009,5,75.28,2026-08-18
ORD-004661,customer0231@demo-retail.com,SKU-1002,3,148.95,2025-10-31
ORD-004662,customer0315@demo-retail.com,SKU-1047,4,170.24,2026-02-22
ORD-004663,customer0380@demo-retail.com,SKU-1053,1,200.77,2026-05-07
ORD-004664,customer0454@demo-retail.com,SKU-1042,2,80.83,2025-11-09
ORD-004665,customer0303@demo-retail.com,SKU-1077,2,42.14,2025-07-08
ORD-004666,customer0079@demo-retail.com,SKU-1044,3,163.76,2026-06-24
ORD-004667,customer0215@demo-retail.com,SKU-1003,2,44.45,2026-08-05
ORD-004668,customer0316@demo-retail.com,SKU-1089,1,142.18,2026-01-25
ORD-004669,customer0068@demo-retail.com,SKU-1082,3,143.77,2026-06-24
ORD-004670,customer0275@demo-retail.com,SKU-1052,5,77.39,2025-05-07
ORD-004671,customer0043@demo-retail.com,SKU-1088,2,146.2,2025-06-05
ORD-004672,customer0333@demo-retail.com,SKU-1022,1,19.15,2026-02-16
ORD-004673,customer0016@demo-retail.com,SKU-1019,1,75.36,2026-05-26
ORD-004674,customer0002@demo-retail.com,SKU-1096,1,31.37,2026-08-09
ORD-004675,customer0067@demo-retail.com,SKU-1064,2,182.15,2026-06-02
ORD-004676,customer0075@demo-retail.com,SKU-1021,3,37.38,2026-07-11
ORD-004677,customer0174@demo-retail.com,SKU-1072,3,115.43,2025-10-01
ORD-004678,customer0238@demo-retail.com,SKU-1072,4,98.4,2026-07-14
ORD-004679,customer0416@demo-retail.com,SKU-1092,2,204.34,2026-07-15
ORD-004680,customer0477@demo-retail.com,SKU-1091,5,82.94,2026-08-26
ORD-004681,customer0023@demo-retail.com,SKU-1049,1,110.91,2026-08-27
ORD-004682,customer0215@demo-retail.com,SKU-1002,2,164.25,2025-09-26
ORD-004683,customer0489@demo-retail.com,SKU-1058,4,143.75,2025-09-27
ORD-004684,customer0368@demo-retail.com,SKU-1006,1,16.28,2026-06-05
ORD-004685,customer0300@demo-retail.com,SKU-1094,1,181.98,2026-04-25
ORD-004686,customer0019@demo-retail.com,SKU-1027,5,207.42,2025-09-23
ORD-004687,customer0413@demo-retail.com,SKU-1056,2,72.27,2025-12-29
ORD-004688,customer0227@demo-retail.com,SKU-1066,3,98.82,2026-04-23
ORD-004689,customer0106@demo-retail.com,SKU-1010,1,101.84,2026-07-02
ORD-004690,customer0432@demo-retail.com,SKU-1018,4,212.85,2026-07-30
ORD-004691,customer0196@demo-retail.com,SKU-1072,2,115.43,2025-07-18
ORD-004692,customer0386@demo-retail.com,SKU-1086,1,152.93,2025-10-11
ORD-004693,customer0261@demo-retail.com,SKU-1028,3,136.36,2025-01-16
ORD-004694,customer0301@demo-retail.com,SKU-1067,1,36.93,2025-09-20
ORD-004695,customer0487@demo-retail.com,SKU-1022,2,19.15,2026-07-28
ORD-004696,customer0236@demo-retail.com,SKU-1034,1,41.31,2026-07-31
ORD-004697,customer0226@demo-retail.com,SKU-1040,1,86.56,2025-08-27
ORD-004698,customer0210@demo-retail.com,SKU-1095,2,122.17,2026-08-08
ORD-004699,customer0114@demo-retail.com,SKU-1094,1,181.98,2025-12-06
ORD-004700,customer0443@demo-retail.com,SKU-1033,6,70.43,2026-04-11
ORD-004701,customer0395@demo-retail.com,SKU-1096,1,31.37,2026-06-26
ORD-004702,customer0457@demo-retail.com,SKU-1076,2,200.92,2026-07-24
ORD-004703,customer0096@demo-retail.com,SKU-1085,1,19.17,2026-07-02
ORD-004704,customer0392@demo-retail.com,SKU-1098,2,82.52,2025-01-02
ORD-004705,customer0224@demo-retail.com,SKU-1006,6,16.28,2026-07-09
ORD-004706,customer0483@demo-retail.com,SKU-1088,1,146.2,2026-06-16
ORD-004707,customer0010@demo-retail.com,SKU-1065,8,13.45,2026-04-27
ORD-004708,customer0246@demo-retail.com,SKU-1029,1,30.41,2026-04-12
ORD-004709,customer0172@demo-retail.com,SKU-1061,4,179.95,2026-04-06
ORD-004710,customer0166@demo-retail.com,SKU-1062,3,78.14,2025-03-25
ORD-004711,customer0359@demo-retail.com,SKU-1065,5,13.45,2025-06-12
ORD-004712,customer0496@demo-retail.com,SKU-1012,3,72.77,2025-10-11
ORD-004713,customer0351@demo-retail.com,SKU-1050,3,17.29,2026-04-19
ORD-004714,customer0062@demo-retail.com,SKU-1098,1,82.52,2026-06-10
ORD-004715,customer0132@demo-retail.com,SKU-1055,1,59.59,2026-05-20
ORD-004716,customer0393@demo-retail.com,SKU-1010,6,101.84,2026-06-11
ORD-004717,customer0207@demo-retail.com,SKU-1079,2,151.8,2026-08-03
ORD-004718,customer0290@demo-retail.com,SKU-1007,2,185.15,2026-08-29
ORD-004719,customer0428@demo-retail.com,SKU-1008,4,49.82,2026-07-15
ORD-004720,customer0378@demo-retail.com,SKU-1098,2,82.52,2025-03-29
ORD-004721,customer0075@demo-retail.com,SKU-1036,8,172.63,2025-06-26
ORD-004722,customer0396@demo-retail.com,SKU-1040,4,74.2,2026-07-07
ORD-004723,customer0267@demo-retail.com,SKU-1081,3,88.5,2026-04-08
ORD-004724,customer0448@demo-retail.com,SKU-1082,5,115.19,2025-03-26
ORD-004725,customer0003@demo-retail.com,SKU-1071,1,212.19,2026-06-16
ORD-004726,customer0124@demo-retail.com,SKU-1096,1,31.37,2026-03-26
ORD-004727,customer0476@demo-retail.com,SKU-1014,2,53.53,2026-04-29
ORD-004728,customer0126@demo-retail.com,SKU-1045,1,196.54,2026-08-27
ORD-004729,customer0439@demo-retail.com,SKU-1063,4,59.41,2026-05-12
ORD-004730,customer0070@demo-retail.com,SKU-1064,6,182.15,2025-05-22
ORD-004731,customer0294@demo-retail.com,SKU-1080,2,61.43,2026-06-16
ORD-004732,customer0210@demo-retail.com,SKU-1045,2,196.54,2026-04-18
ORD-004733,customer0378@demo-retail.com,SKU-1047,8,170.24,2026-05-29
ORD-004734,customer0370@demo-retail.com,SKU-1042,2,80.83,2026-01-01
ORD-004735,customer0126@demo-retail.com,SKU-1072,2,115.43,2025-08-11
ORD-004736,customer0072@demo-retail.com,SKU-1071,2,175.56,2026-06-11
ORD-004737,customer0245@demo-retail.com,SKU-1051,6,18.54,2026-05-29
ORD-004738,customer0288@demo-retail.com,SKU-1058,3,143.75,2025-01-03
ORD-004739,customer0342@demo-retail.com,SKU-1011,4,139.27,2025-12-18
ORD-004740,customer0259@demo-retail.com,SKU-1078,5,217.02,2026-08-06
ORD-004741,customer0347@demo-retail.com,SKU-1074,2,138.79,2026-07-23
ORD-004742,customer0106@demo-retail.com,SKU-1044,2,163.76,2025-06-19
ORD-004743,customer0267@demo-retail.com,SKU-1023,5,65.83,2026-04-15
ORD-004744,customer0293@demo-retail.com,SKU-1085,2,20.48,2026-06-06
ORD-004745,customer0164@demo-retail.com,SKU-1100,4,157.76,2026-05-26
ORD-004746,customer0407@demo-retail.com,SKU-1084,8,78.72,2026-06-25
ORD-004747,customer0242@demo-retail.com,SKU-1069,3,111.39,2026-05-13
ORD-004748,customer0372@demo-retail.com,SKU-1019,48,75.36,2025-06-28
ORD-004749,customer0208@demo-retail.com,SKU-1063,4,59.41,2026-08-18
ORD-004750,customer0108@demo-retail.com,SKU-1045,5,196.54,2026-08-03
ORD-004751,customer0025@demo-retail.com,SKU-1085,2,20.48,2026-08-18
ORD-004752,customer0440@demo-retail.com,SKU-1059,1,179.16,2026-04-19
ORD-004753,customer0037@demo-retail.com,SKU-1085,2,20.48,2025-09-04
ORD-004754,customer0089@demo-retail.com,SKU-1018,3,212.85,2026-05-11
ORD-004755,customer0131@demo-retail.com,SKU-1052,2,77.39,2025-12-11
ORD-004756,customer0049@demo-retail.com,SKU-1040,4,86.56,2026-05-15
ORD-004757,customer0318@demo-retail.com,SKU-1028,2,126.69,2026-04-24
ORD-004758,customer0283@demo-retail.com,SKU-1045,3,196.54,2026-05-28
ORD-004759,customer0383@demo-retail.com,SKU-1063,1,59.41,2025-12-19
ORD-004760,customer0335@demo-retail.com,SKU-1013,4,98.11,2026-04-25
ORD-004761,customer0328@demo-retail.com,SKU-1081,3,88.5,2025-09-26
ORD-004762,customer0377@demo-retail.com,SKU-1095,1,122.17,2026-07-08
ORD-004763,customer0010@demo-retail.com,SKU-1039,2,172.42,2026-08-31
ORD-004764,customer0367@demo-retail.com,SKU-1082,4,143.77,2026-04-01
ORD-004765,customer0415@demo-retail.com,SKU-1093,2,65.65,2026-04-28
ORD-004766,customer0179@demo-retail.com,SKU-1072,1,115.43,2025-05-08
ORD-004767,customer0111@demo-retail.com,SKU-1092,8,204.34,2026-06-15
ORD-004768,customer0063@demo-retail.com,SKU-1005,4,137.03,2026-02-17
ORD-004769,customer0040@demo-retail.com,SKU-1003,8,44.45,2025-04-14
ORD-004770,customer0054@demo-retail.com,SKU-1098,2,70.76,2026-08-21
ORD-004771,customer0018@demo-retail.com,SKU-1074,2,138.79,2026-06-23
ORD-004772,customer0161@demo-retail.com,SKU-1041,6,191.53,2026-04-18
ORD-004773,customer0409@demo-retail.com,SKU-1096,3,31.37,2025-04-23
ORD-004774,customer0406@demo-retail.com,SKU-1099,4,163.0,2026-04-13
ORD-004775,customer0102@demo-retail.com,SKU-1046,1,36.88,2026-06-29
ORD-004776,customer0270@demo-retail.com,SKU-1091,2,67.07,2026-06-01
ORD-004777,customer0110@demo-retail.com,SKU-1069,1,99.77,2026-04-17
ORD-004778,customer0100@demo-retail.com,SKU-1097,1,165.1,2025-04-20
ORD-004779,customer0253@demo-retail.com,SKU-1022,1,19.15,2026-06-13
ORD-004780,customer0473@demo-retail.com,SKU-1087,1,118.52,2026-05-20
ORD-004781,customer0227@demo-retail.com,SKU-1053,8,200.77,2026-08-05
ORD-004782,customer0494@demo-retail.com,SKU-1067,1,36.93,2025-10-02
ORD-004783,customer0027@demo-retail.com,SKU-1086,3,152.93,2025-01-12
ORD-004784,customer0322@demo-retail.com,SKU-1100,5,196.51,2026-05-30
ORD-004785,customer0263@demo-retail.com,SKU-1004,3,24.08,2026-02-04
ORD-004786,customer0460@demo-retail.com,SKU-1031,1,92.84,2026-05-17
ORD-004787,customer0454@demo-retail.com,SKU-1019,4,75.36,2025-03-11
ORD-004788,customer0046@demo-retail.com,SKU-1014,3,53.53,2026-04-04
ORD-004789,customer0136@demo-retail.com,SKU-1010,4,94.71,2025-06-20
ORD-004790,customer0300@demo-retail.com,SKU-1014,4,53.53,2025-03-26
ORD-004791,customer0415@demo-retail.com,SKU-1043,8,76.68,2026-07-25
ORD-004792,customer0494@demo-retail.com,SKU-1058,3,143.75,2025-11-23
ORD-004793,customer0110@demo-retail.com,SKU-1090,2,206.84,2026-05-28
ORD-004794,customer0057@demo-retail.com,SKU-1010,3,101.84,2026-06-19
ORD-004795,customer0110@demo-retail.com,SKU-1011,1,139.27,2025-12-17
ORD-004796,customer0174@demo-retail.com,SKU-1088,6,146.2,2026-08-27
ORD-004797,customer0354@demo-retail.com,SKU-1013,1,106.86,2026-07-07
ORD-004798,customer0155@demo-retail.com,SKU-1066,2,98.82,2026-03-16
ORD-004799,customer0134@demo-retail.com,SKU-1011,5,112.0,2026-05-24
ORD-004800,customer0102@demo-retail.com,SKU-1032,3,184.38,2026-04-20
ORD-004801,customer0095@demo-retail.com,SKU-1015,2,135.22,2026-08-07
ORD-004802,customer0001@demo-retail.com,SKU-1026,2,213.67,2025-01-12
ORD-004803,customer0465@demo-retail.com,SKU-1060,5,197.65,2026-06-18
ORD-004804,customer0341@demo-retail.com,SKU-1085,2,18.05,2026-05-16
ORD-004805,customer0380@demo-retail.com,SKU-1019,5,65.05,2026-01-22
ORD-004806,customer0214@demo-retail.com,SKU-1082,1,118.19,2026-08-15
ORD-004807,customer0203@demo-retail.com,SKU-1067,4,36.93,2026-04-19
ORD-004808,customer0114@demo-retail.com,SKU-1074,5,138.79,2026-05-24
ORD-004809,customer0336@demo-retail.com,SKU-1039,1,172.42,2026-02-01
ORD-004810,customer0056@demo-retail.com,SKU-1039,2,138.89,2026-05-04
ORD-004811,customer0350@demo-retail.com,SKU-1078,1,217.02,2025-08-25
ORD-004812,customer0495@demo-retail.com,SKU-1005,4,137.03,2026-04-08
ORD-004813,customer0153@demo-retail.com,SKU-1030,3,21.41,2026-08-28
ORD-004814,customer0028@demo-retail.com,SKU-1088,3,135.89,2026-04-07
ORD-004815,customer0204@demo-retail.com,SKU-1025,1,107.95,2026-08-06
ORD-004816,customer0090@demo-retail.com,SKU-1036,1,172.63,2026-04-19
ORD-004817,customer0462@demo-retail.com,SKU-1082,1,133.88,2026-06-29
ORD-004818,customer0072@demo-retail.com,SKU-1001,2,89.9,2026-02-16
ORD-004819,customer0363@demo-retail.com,SKU-1071,3,212.19,2025-01-26
ORD-004820,customer0443@demo-retail.com,SKU-1019,5,75.36,2026-08-29
ORD-004821,customer0119@demo-retail.com,SKU-1070,3,87.63,2026-05-29
ORD-004822,customer0210@demo-retail.com,SKU-1001,2,89.9,2026-08-10
ORD-004823,customer0160@demo-retail.com,SKU-1062,8,78.14,2025-03-28
ORD-004824,customer0014@demo-retail.com,SKU-1016,4,138.37,2026-06-04
ORD-004825,customer0467@demo-retail.com,SKU-1020,6,154.32,2026-08-09
ORD-004826,customer0488@demo-retail.com,SKU-1066,3,98.82,2026-05-29
ORD-004827,customer0174@demo-retail.com,SKU-1029,1,30.41,2026-08-28
ORD-004828,customer0042@demo-retail.com,SKU-1064,1,182.15,2026-04-27
ORD-004829,customer0257@demo-retail.com,SKU-1053,4,177.88,2026-06-04
ORD-004830,customer0196@demo-retail.com,SKU-1090,5,206.84,2026-06-28
ORD-004831,customer0325@demo-retail.com,SKU-1098,2,82.52,2026-07-03
ORD-004832,customer0287@demo-retail.com,SKU-1050,3,17.29,2026-05-09
ORD-004833,customer0238@demo-retail.com,SKU-1059,3,179.16,2026-05-20
ORD-004834,customer0115@demo-retail.com,SKU-1036,3,172.63,2026-05-24
ORD-004835,customer0233@demo-retail.com,SKU-1092,1,204.34,2026-08-25
ORD-004836,customer0391@demo-retail.com,SKU-1082,2,143.77,2026-08-11
ORD-004837,customer0298@demo-retail.com,SKU-1034,3,41.31,2026-07-17
ORD-004838,customer0468@demo-retail.com,SKU-1043,8,76.68,2026-04-08
ORD-004839,customer0400@demo-retail.com,SKU-1015,48,135.22,2025-12-15
ORD-004840,customer0156@demo-retail.com,SKU-1076,6,200.92,2026-08-20
ORD-004841,customer0278@demo-retail.com,SKU-1015,4,135.22,2025-08-11
ORD-004842,customer0084@demo-retail.com,SKU-1038,3,159.03,2026-06-05
ORD-004843,customer0419@demo-retail.com,SKU-1047,1,170.24,2026-08-21
ORD-004844,customer0054@demo-retail.com,SKU-1016,3,138.37,2026-02-28
ORD-004845,customer0158@demo-retail.com,SKU-1051,3,18.54,2026-04-30
ORD-004846,customer0175@demo-retail.com,SKU-1054,3,97.36,2025-12-26
ORD-004847,customer0199@demo-retail.com,SKU-1022,2,19.15,2025-06-05
ORD-004848,customer0013@demo-retail.com,SKU-1088,3,146.2,2026-06-24
ORD-004849,customer0195@demo-retail.com,SKU-1088,2,146.2,2026-06-26
ORD-004850,customer0371@demo-retail.com,SKU-1049,2,120.73,2026-05-12
ORD-004851,customer0112@demo-retail.com,SKU-1009,1,75.28,2026-02-22
ORD-004852,customer0320@demo-retail.com,SKU-1005,4,137.03,2026-05-03
ORD-004853,customer0306@demo-retail.com,SKU-1057,1,184.46,2026-05-07
ORD-004854,customer0193@demo-retail.com,SKU-1019,1,75.36,2026-05-19
ORD-004855,customer0344@demo-retail.com,SKU-1009,2,65.17,2026-05-10
ORD-004856,customer0067@demo-retail.com,SKU-1016,3,138.37,2026-06-01
ORD-004857,customer0277@demo-retail.com,SKU-1053,2,200.77,2026-08-23
ORD-004858,customer0119@demo-retail.com,SKU-1021,1,37.38,2026-07-11
ORD-004859,customer0316@demo-retail.com,SKU-1028,3,136.36,2026-07-26
ORD-004860,customer0417@demo-retail.com,SKU-1052,2,71.76,2026-08-26
ORD-004861,customer0363@demo-retail.com,SKU-1034,6,41.31,2026-08-03
ORD-004862,customer0067@demo-retail.com,SKU-1084,6,78.72,2026-06-04
ORD-004863,customer0072@demo-retail.com,SKU-1100,2,172.12,2025-11-27
ORD-004864,customer0403@demo-retail.com,SKU-1005,2,137.03,2026-08-19
ORD-004865,customer0148@demo-retail.com,SKU-1044,4,163.76,2026-04-11
ORD-004866,customer0493@demo-retail.com,SKU-1015,1,135.22,2026-08-04
ORD-004867,customer0086@demo-retail.com,SKU-1033,2,70.43,2025-01-11
ORD-004868,customer0166@demo-retail.com,SKU-1001,2,89.9,2026-06-27
ORD-004869,customer0187@demo-retail.com,SKU-1017,6,22.56,2025-11-06
ORD-004870,customer0272@demo-retail.com,SKU-1071,1,212.19,2026-03-11
ORD-004871,customer0118@demo-retail.com,SKU-1006,3,16.28,2026-07-16
ORD-004872,customer0470@demo-retail.com,SKU-1010,4,101.84,2026-06-29
ORD-004873,customer0206@demo-retail.com,SKU-1072,2,115.43,2026-06-09
ORD-004874,customer0068@demo-retail.com,SKU-1085,1,20.48,2026-08-14
ORD-004875,customer0471@demo-retail.com,SKU-1021,8,37.38,2026-04-30
ORD-004876,customer0411@demo-retail.com,SKU-1033,2,70.43,2025-03-20
ORD-004877,customer0296@demo-retail.com,SKU-1023,3,65.83,2026-05-19
ORD-004878,customer0154@demo-retail.com,SKU-1040,1,71.78,2026-02-06
ORD-004879,customer0004@demo-retail.com,SKU-1065,2,10.92,2026-04-11
ORD-004880,customer0160@demo-retail.com,SKU-1063,2,55.9,2026-04-19
ORD-004881,customer0361@demo-retail.com,SKU-1094,1,165.32,2026-07-22
ORD-004882,customer0485@demo-retail.com,SKU-1047,1,170.24,2026-06-16
ORD-004883,customer0443@demo-retail.com,SKU-1085,5,19.11,2026-07-27
ORD-004884,customer0164@demo-retail.com,SKU-1060,1,161.02,2026-07-29
ORD-004885,customer0130@demo-retail.com,SKU-1058,1,143.75,2026-04-07
ORD-004886,customer0247@demo-retail.com,SKU-1008,2,49.82,2026-05-22
ORD-004887,customer0104@demo-retail.com,SKU-1025,4,125.72,2026-04-15
ORD-004888,customer0462@demo-retail.com,SKU-1019,1,75.36,2026-04-27
ORD-004889,customer0026@demo-retail.com,SKU-1055,3,59.59,2026-08-29
ORD-004890,customer0069@demo-retail.com,SKU-1030,1,19.51,2026-07-23
ORD-004891,customer0052@demo-retail.com,SKU-1091,1,82.94,2026-04-25
ORD-004892,customer0055@demo-retail.com,SKU-1093,1,65.65,2026-08-20
ORD-004893,customer0068@demo-retail.com,SKU-1086,5,124.03,2026-05-10
ORD-004894,customer0080@demo-retail.com,SKU-1072,1,115.43,2026-08-01
ORD-004895,customer0077@demo-retail.com,SKU-1091,1,82.94,2026-07-04
ORD-004896,customer0332@demo-retail.com,SKU-1074,2,138.79,2026-06-24
ORD-004897,customer0304@demo-retail.com,SKU-1021,5,37.38,2026-04-24
ORD-004898,customer0416@demo-retail.com,SKU-1042,1,80.83,2026-01-16
ORD-004899,customer0145@demo-retail.com,SKU-1011,2,139.27,2026-05-10
ORD-004900,customer0426@demo-retail.com,SKU-1043,1,76.68,2026-04-23
ORD-004901,customer0154@demo-retail.com,SKU-1024,2,76.84,2025-11-14
ORD-004902,customer0198@demo-retail.com,SKU-1021,3,37.38,2026-05-18
ORD-004903,customer0355@demo-retail.com,SKU-1031,3,92.84,2026-04-14
ORD-004904,customer0231@demo-retail.com,SKU-1094,2,181.98,2026-05-03
ORD-004905,customer0088@demo-retail.com,SKU-1062,2,78.14,2026-05-05
ORD-004906,customer0323@demo-retail.com,SKU-1026,1,213.67,2026-06-14
ORD-004907,customer0254@demo-retail.com,SKU-1067,2,36.93,2026-04-19
ORD-004908,customer0173@demo-retail.com,SKU-1015,1,135.22,2026-05-02
ORD-004909,customer0444@demo-retail.com,SKU-1067,4,30.41,2025-08-17
ORD-004910,customer0413@demo-retail.com,SKU-1098,8,82.52,2025-02-18
ORD-004911,customer0151@demo-retail.com,SKU-1017,8,25.53,2025-10-31
ORD-004912,customer0026@demo-retail.com,SKU-1093,5,53.17,2025-02-01
ORD-004913,customer0245@demo-retail.com,SKU-1030,3,21.41,2026-05-10
ORD-004914,customer0399@demo-retail.com,SKU-1089,4,155.72,2026-05-26
ORD-004915,customer0079@demo-retail.com,SKU-1077,2,42.14,2026-06-26
ORD-004916,customer0305@demo-retail.com,SKU-1007,3,185.15,2025-08-25
ORD-004917,customer0348@demo-retail.com,SKU-1013,2,106.86,2026-08-16
ORD-004918,customer0236@demo-retail.com,SKU-1097,2,199.29,2026-08-02
ORD-004919,customer0252@demo-retail.com,SKU-1034,4,41.31,2026-08-15
ORD-004920,customer0325@demo-retail.com,SKU-1002,2,164.25,2026-08-28
ORD-004921,customer0169@demo-retail.com,SKU-1028,2,136.36,2025-08-17
ORD-004922,customer0081@demo-retail.com,SKU-1021,6,37.38,2026-06-14
ORD-004923,customer0214@demo-retail.com,SKU-1079,1,151.8,2025-11-27
ORD-004924,customer0181@demo-retail.com,SKU-1011,2,139.27,2026-05-01
ORD-004925,customer0394@demo-retail.com,SKU-1056,6,72.27,2025-06-20
ORD-004926,customer0167@demo-retail.com,SKU-1052,3,77.39,2026-07-02
ORD-004927,customer0295@demo-retail.com,SKU-1003,3,44.45,2026-04-09
ORD-004928,customer0209@demo-retail.com,SKU-1059,1,179.16,2026-06-16
ORD-004929,customer0258@demo-retail.com,SKU-1058,2,143.75,2026-07-25
ORD-004930,customer0338@demo-retail.com,SKU-1034,5,41.31,2025-11-22
ORD-004931,customer0206@demo-retail.com,SKU-1016,3,138.37,2026-06-29
ORD-004932,customer0222@demo-retail.com,SKU-1095,2,122.17,2025-03-04
ORD-004933,customer0319@demo-retail.com,SKU-1029,1,30.41,2026-08-08
ORD-004934,customer0010@demo-retail.com,SKU-1076,1,200.92,2026-02-14
ORD-004935,customer0406@demo-retail.com,SKU-1024,8,76.84,2026-08-28
ORD-004936,customer0114@demo-retail.com,SKU-1089,2,155.72,2026-04-11
ORD-004937,customer0457@demo-retail.com,SKU-1013,3,93.2,2026-06-08
ORD-004938,customer0460@demo-retail.com,SKU-1081,1,88.5,2026-06-29
ORD-004939,customer0159@demo-retail.com,SKU-1055,3,50.29,2026-07-04
ORD-004940,customer0325@demo-retail.com,SKU-1003,6,44.45,2026-06-28
ORD-004941,customer0029@demo-retail.com,SKU-1021,3,37.38,2026-04-15
ORD-004942,customer0025@demo-retail.com,SKU-1052,1,77.39,2026-08-13
ORD-004943,customer0363@demo-retail.com,SKU-1063,3,59.41,2026-08-24
ORD-004944,customer0412@demo-retail.com,SKU-1007,4,185.15,2026-04-26
ORD-004945,customer0078@demo-retail.com,SKU-1035,2,27.51,2025-02-23
ORD-004946,customer0202@demo-retail.com,SKU-1044,5,146.25,2025-11-03
ORD-004947,customer0068@demo-retail.com,SKU-1012,3,72.77,2026-05-28
ORD-004948,customer0265@demo-retail.com,SKU-1099,6,136.5,2026-05-13
ORD-004949,customer0179@demo-retail.com,SKU-1003,3,44.45,2025-12-20
ORD-004950,customer0499@demo-retail.com,SKU-1098,1,82.52,2025-09-18
ORD-004951,customer0255@demo-retail.com,SKU-1089,2,155.72,2026-06-07
ORD-004952,customer0222@demo-retail.com,SKU-1051,1,16.26,2026-07-31
ORD-004953,customer0126@demo-retail.com,SKU-1053,6,200.77,2025-10-12
ORD-004954,customer0433@demo-retail.com,SKU-1018,4,212.85,2026-05-18
ORD-004955,customer0222@demo-retail.com,SKU-1092,3,190.26,2026-01-09
ORD-004956,customer0161@demo-retail.com,SKU-1010,2,86.27,2026-05-12
ORD-004957,customer0415@demo-retail.com,SKU-1065,1,13.45,2026-05-25
ORD-004958,customer0157@demo-retail.com,SKU-1010,4,101.84,2026-05-06
ORD-004959,customer0022@demo-retail.com,SKU-1065,2,13.45,2025-01-25
ORD-004960,customer0392@demo-retail.com,SKU-1037,1,13.15,2026-08-11
ORD-004961,customer0077@demo-retail.com,SKU-1077,3,42.14,2025-08-10
ORD-004962,customer0305@demo-retail.com,SKU-1069,1,119.91,2026-08-06
ORD-004963,customer0059@demo-retail.com,SKU-1085,2,20.48,2026-02-05
ORD-004964,customer0243@demo-retail.com,SKU-1066,2,98.82,2026-05-19
ORD-004965,customer0477@demo-retail.com,SKU-1054,1,97.36,2026-06-02
ORD-004966,customer0172@demo-retail.com,SKU-1049,10,120.73,2026-08-29
ORD-004967,customer0246@demo-retail.com,SKU-1049,1,105.26,2026-07-21
ORD-004968,customer0422@demo-retail.com,SKU-1021,12,37.38,2026-04-29
ORD-004969,customer0080@demo-retail.com,SKU-1058,1,143.75,2026-06-18
ORD-004970,customer0239@demo-retail.com,SKU-1003,4,44.45,2026-06-20
ORD-004971,customer0114@demo-retail.com,SKU-1069,2,119.91,2025-01-30
ORD-004972,customer0307@demo-retail.com,SKU-1098,3,82.52,2026-04-20
ORD-004973,customer0146@demo-retail.com,SKU-1045,1,196.54,2026-06-27
ORD-004974,customer0199@demo-retail.com,SKU-1034,1,41.31,2026-08-11
ORD-004975,customer0264@demo-retail.com,SKU-1068,2,208.13,2026-01-24
ORD-004976,customer0391@demo-retail.com,SKU-1044,5,141.45,2026-04-10
ORD-004977,customer0343@demo-retail.com,SKU-1045,5,196.54,2026-08-20
ORD-004978,customer0475@demo-retail.com,SKU-1032,1,184.38,2026-06-15
ORD-004979,customer0302@demo-retail.com,SKU-1027,3,166.94,2026-03-26
ORD-004980,customer0170@demo-retail.com,SKU-1055,6,59.59,2026-06-04
ORD-004981,customer0407@demo-retail.com,SKU-1062,2,78.14,2026-05-04
ORD-004982,customer0286@demo-retail.com,SKU-1089,5,155.72,2026-04-27
ORD-004983,customer0191@demo-retail.com,SKU-1014,1,53.53,2026-05-17
ORD-004984,customer0135@demo-retail.com,SKU-1019,6,64.53,2026-08-05
ORD-004985,customer0013@demo-retail.com,SKU-1042,4,80.83,2025-12-12
ORD-004986,customer0382@demo-retail.com,SKU-1065,8,13.45,2026-08-23
ORD-004987,customer0291@demo-retail.com,SKU-1027,3,207.42,2026-04-13
ORD-004988,customer0245@demo-retail.com,SKU-1066,2,98.82,2026-04-20
ORD-004989,customer0409@demo-retail.com,SKU-1026,6,213.67,2026-08-28
ORD-004990,customer0016@demo-retail.com,SKU-1004,1,24.08,2026-08-16
ORD-004991,customer0480@demo-retail.com,SKU-1080,2,55.52,2026-06-14
ORD-004992,customer0291@demo-retail.com,SKU-1057,4,205.38,2025-04-19
ORD-004993,customer0387@demo-retail.com,SKU-1053,4,200.77,2026-06-23
ORD-004994,customer0052@demo-retail.com,SKU-1046,6,36.88,2026-07-13
ORD-004995,customer0232@demo-retail.com,SKU-1020,1,154.32,2026-06-06
ORD-004996,customer0128@demo-retail.com,SKU-1017,4,25.53,2026-07-20
ORD-004997,customer0196@demo-retail.com,SKU-1048,4,172.36,2025-02-09
ORD-004998,customer0185@demo-retail.com,SKU-1024,1,76.84,2025-04-15
ORD-004999,customer0053@demo-retail.com,SKU-1034,2,41.31,2026-08-20
ORD-005000,customer0173@demo-retail.com,SKU-1002,2,164.25,2026-04-24
